Unnamed: 0,OrderID,CustomerID,ProductID,Quantity,CleanedDate,DayName
0,1,202,17.0,3.0,2024-01-01,Monday
1,2,238,22.0,9.0,2024-01-08,Monday
2,3,142,7.0,2.0,2024-01-20,Saturday
3,4,9,8.0,4.0,2024-01-15,Monday
4,5,25,8.0,1.0,2024-01-07,Sunday
5,6,72,17.0,5.0,2024-01-19,Friday
6,7,165,8.0,5.0,2024-01-17,Wednesday
7,8,32,18.0,10.0,2024-01-21,Sunday
8,9,25,12.0,7.0,2024-01-14,Sunday
9,10,95,25.0,9.0,2024-01-10,Wednesday
10,11,238,2.0,9.0,2024-01-17,Wednesday
11,12,105,11.0,2.0,2024-01-03,Wednesday
12,13,27,9.0,7.0,2024-01-28,Sunday
13,14,287,7.0,8.0,2024-01-10,Wednesday
14,15,98,24.0,2.0,2024-01-08,Monday
15,16,204,8.0,9.0,2024-01-15,Monday
16,17,134,12.0,9.0,2024-01-26,Friday
17,18,164,7.0,6.0,2024-01-28,Sunday
18,19,134,18.0,10.0,2024-01-05,Friday
19,20,292,8.0,8.0,2024-01-11,Thursday
20,21,252,15.0,3.0,2024-01-05,Friday
21,22,278,21.0,1.0,2024-01-03,Wednesday
22,23,4,14.0,3.0,2024-01-23,Tuesday
23,24,234,12.0,1.0,2024-01-20,Saturday
24,25,9,1.0,9.0,2024-01-17,Wednesday
25,26,147,1.0,9.0,2024-01-26,Friday
26,27,50,17.0,3.0,2024-01-09,Tuesday
27,28,204,3.0,6.0,2024-01-08,Monday
28,29,42,21.0,1.0,2024-01-18,Thursday
29,30,88,3.0,8.0,2024-01-11,Thursday
30,31,49,17.0,1.0,2024-01-23,Tuesday
31,32,24,3.0,5.0,2024-01-02,Tuesday
32,33,9,7.0,10.0,2024-01-27,Saturday
33,34,84,19.0,4.0,2024-01-22,Monday
34,35,72,23.0,2.0,2024-01-02,Tuesday
35,36,39,11.0,10.0,2024-01-13,Saturday
36,37,140,15.0,8.0,2024-01-13,Saturday
37,38,195,3.0,10.0,2024-01-03,Wednesday
38,39,79,24.0,7.0,2024-01-01,Monday
39,40,139,4.0,3.0,2024-01-18,Thursday
40,41,14,3.0,6.0,2024-01-26,Friday
41,42,150,14.0,7.0,2024-01-18,Thursday
42,43,293,17.0,3.0,2024-01-09,Tuesday
43,44,33,6.0,7.0,2024-01-26,Friday
44,45,127,24.0,8.0,2024-01-04,Thursday
45,46,203,11.0,10.0,2024-01-15,Monday
46,47,70,10.0,6.0,2024-01-16,Tuesday
47,48,164,10.0,8.0,2024-01-11,Thursday
48,49,202,12.0,2.0,2024-01-18,Thursday
49,50,14,24.0,8.0,2024-01-26,Friday
50,51,210,22.0,8.0,2024-01-09,Tuesday
51,52,194,3.0,8.0,2024-01-13,Saturday
52,53,215,18.0,1.0,2024-01-26,Friday
53,54,44,4.0,4.0,2024-01-21,Sunday
54,55,205,25.0,6.0,2024-01-01,Monday
55,56,266,18.0,10.0,2024-01-12,Friday
56,57,257,5.0,6.0,2024-01-10,Wednesday
57,58,60,24.0,3.0,2024-01-26,Friday
58,59,244,4.0,8.0,2024-01-03,Wednesday
59,60,59,1.0,6.0,2024-01-06,Saturday
60,61,265,6.0,9.0,2024-01-15,Monday
61,62,95,6.0,7.0,2024-01-07,Sunday
62,63,3,23.0,4.0,2024-01-26,Friday
63,64,275,6.0,6.0,2024-01-09,Tuesday
64,65,161,20.0,7.0,2024-01-12,Friday
65,66,89,22.0,5.0,2024-01-22,Monday
66,67,157,4.0,3.0,2024-01-13,Saturday
67,68,197,14.0,3.0,2024-01-21,Sunday
68,69,86,16.0,5.0,2024-01-15,Monday
69,70,5,16.0,3.0,2024-01-18,Thursday
70,71,252,14.0,8.0,2024-01-01,Monday
71,72,17,9.0,4.0,2024-01-15,Monday
72,73,254,18.0,9.0,2024-01-25,Thursday
73,74,278,25.0,1.0,2024-01-07,Sunday
74,75,127,10.0,1.0,2024-01-27,Saturday
75,76,61,25.0,4.0,2024-01-23,Tuesday
76,77,220,6.0,10.0,2024-01-07,Sunday
77,78,273,9.0,10.0,2024-01-23,Tuesday
78,79,264,22.0,2.0,2024-01-14,Sunday
79,80,65,23.0,3.0,2024-01-27,Saturday
80,81,202,16.0,3.0,2024-01-14,Sunday
81,82,48,13.0,9.0,2024-01-12,Friday
82,83,298,1.0,2.0,2024-01-22,Monday
83,84,274,13.0,4.0,2024-01-16,Tuesday
84,85,173,18.0,10.0,2024-01-26,Friday
85,86,25,2.0,2.0,2024-01-01,Monday
86,87,226,15.0,1.0,2024-01-23,Tuesday
87,88,155,6.0,5.0,2024-01-03,Wednesday
88,89,85,2.0,7.0,2024-01-25,Thursday
89,90,49,1.0,4.0,2024-01-08,Monday
90,91,5,23.0,6.0,2024-01-14,Sunday
91,92,118,13.0,2.0,2024-01-11,Thursday
92,93,196,25.0,3.0,2024-01-03,Wednesday
93,94,85,15.0,6.0,2024-01-05,Friday
94,95,227,7.0,2.0,2024-01-04,Thursday
95,96,220,11.0,3.0,2024-01-08,Monday
96,97,146,25.0,1.0,2024-01-10,Wednesday
97,98,97,24.0,7.0,2024-01-26,Friday
98,99,58,8.0,8.0,2024-01-01,Monday
99,100,68,13.0,10.0,2024-01-06,Saturday
100,101,38,1.0,10.0,2024-01-02,Tuesday
101,102,204,17.0,5.0,2024-01-14,Sunday
102,103,275,18.0,10.0,2024-01-03,Wednesday
103,104,80,18.0,6.0,2024-01-27,Saturday
104,105,159,23.0,7.0,2024-01-02,Tuesday
105,106,60,15.0,10.0,2024-01-24,Wednesday
106,107,7,23.0,3.0,2024-01-12,Friday
107,108,133,6.0,6.0,2024-01-09,Tuesday
108,109,16,11.0,7.0,2024-01-23,Tuesday
109,110,255,15.0,9.0,2024-01-19,Friday
110,111,53,19.0,2.0,2024-01-02,Tuesday
111,112,24,16.0,6.0,2024-01-28,Sunday
112,113,215,8.0,6.0,2024-01-11,Thursday
113,114,191,4.0,9.0,2024-01-08,Monday
114,115,206,3.0,8.0,2024-01-10,Wednesday
115,116,5,12.0,4.0,2024-01-24,Wednesday
116,117,253,25.0,4.0,2024-01-26,Friday
117,118,210,1.0,4.0,2024-01-23,Tuesday
118,119,1,25.0,7.0,2024-01-04,Thursday
119,120,215,16.0,1.0,2024-01-09,Tuesday
120,121,267,14.0,6.0,2024-01-19,Friday
121,122,202,3.0,10.0,2024-01-05,Friday
122,123,162,13.0,6.0,2024-01-03,Wednesday
123,124,300,4.0,3.0,2024-01-11,Thursday
124,125,107,15.0,5.0,2024-01-03,Wednesday
125,126,21,7.0,6.0,2024-01-12,Friday
126,127,154,9.0,3.0,2024-01-15,Monday
127,128,49,15.0,2.0,2024-01-01,Monday
128,129,114,5.0,4.0,2024-01-21,Sunday
129,130,133,3.0,1.0,2024-01-21,Sunday
130,131,170,4.0,1.0,2024-01-19,Friday
131,132,255,1.0,7.0,2024-01-07,Sunday
132,133,229,5.0,1.0,2024-01-21,Sunday
133,134,282,16.0,1.0,2024-01-14,Sunday
134,135,270,8.0,9.0,2024-01-26,Friday
135,136,249,12.0,10.0,2024-01-06,Saturday
136,137,113,1.0,5.0,2024-01-17,Wednesday
137,138,120,6.0,2.0,2024-01-18,Thursday
138,139,29,25.0,4.0,2024-01-13,Saturday
139,140,89,6.0,4.0,2024-01-23,Tuesday
140,141,181,19.0,10.0,2024-01-27,Saturday
141,142,253,18.0,5.0,2024-01-02,Tuesday
142,143,270,16.0,1.0,2024-01-26,Friday
143,144,166,2.0,1.0,2024-01-05,Friday
144,145,187,3.0,6.0,2024-01-19,Friday
145,146,70,6.0,7.0,2024-01-21,Sunday
146,147,288,23.0,10.0,2024-01-19,Friday
147,148,151,5.0,3.0,2024-01-19,Friday
148,149,291,2.0,3.0,2024-01-20,Saturday
149,150,255,5.0,6.0,2024-01-11,Thursday
150,151,46,23.0,6.0,2024-01-08,Monday
151,152,56,24.0,1.0,2024-01-14,Sunday
152,153,253,13.0,6.0,2024-01-16,Tuesday
153,154,116,6.0,8.0,2024-01-10,Wednesday
154,155,134,4.0,2.0,2024-01-06,Saturday
155,156,48,11.0,10.0,2024-01-23,Tuesday
156,157,85,20.0,7.0,2024-01-07,Sunday
157,158,284,24.0,9.0,2024-01-08,Monday
159,160,246,7.0,2.0,2024-01-10,Wednesday
160,161,60,10.0,7.0,2024-01-09,Tuesday
161,162,95,12.0,7.0,2024-01-09,Tuesday
162,163,138,19.0,1.0,2024-01-04,Thursday
163,164,278,14.0,10.0,2024-01-13,Saturday
164,165,275,22.0,8.0,2024-01-10,Wednesday
165,166,18,17.0,10.0,2024-01-22,Monday
166,167,230,6.0,3.0,2024-01-05,Friday
167,168,41,22.0,7.0,2024-01-05,Friday
168,169,35,3.0,7.0,2024-01-28,Sunday
169,170,7,23.0,10.0,2024-01-04,Thursday
170,171,299,25.0,2.0,2024-01-04,Thursday
171,172,177,14.0,5.0,2024-01-20,Saturday
172,173,207,5.0,10.0,2024-01-02,Tuesday
173,174,122,2.0,8.0,2024-01-01,Monday
174,175,160,9.0,8.0,2024-01-28,Sunday
175,176,227,25.0,6.0,2024-01-21,Sunday
176,177,209,24.0,8.0,2024-01-27,Saturday
177,178,34,10.0,9.0,2024-01-17,Wednesday
178,179,99,7.0,1.0,2024-01-12,Friday
179,180,238,17.0,7.0,2024-01-01,Monday
180,181,229,6.0,8.0,2024-01-06,Saturday
181,182,47,10.0,1.0,2024-01-19,Friday
182,183,114,21.0,4.0,2024-01-14,Sunday
183,184,5,16.0,3.0,2024-01-01,Monday
184,185,157,23.0,5.0,2024-01-12,Friday
185,186,155,22.0,9.0,2024-01-04,Thursday
186,187,192,18.0,10.0,2024-01-04,Thursday
187,188,142,21.0,6.0,2024-01-23,Tuesday
188,189,97,5.0,9.0,2024-01-26,Friday
189,190,207,22.0,6.0,2024-01-21,Sunday
190,191,215,13.0,7.0,2024-01-19,Friday
191,192,114,22.0,9.0,2024-01-22,Monday
192,193,88,22.0,9.0,2024-01-05,Friday
193,194,287,25.0,3.0,2024-01-21,Sunday
194,195,158,14.0,6.0,2024-01-15,Monday
195,196,299,19.0,10.0,2024-01-17,Wednesday
196,197,272,10.0,7.0,2024-01-05,Friday
197,198,292,15.0,3.0,2024-01-25,Thursday
199,200,82,16.0,2.0,2024-01-14,Sunday
200,201,197,1.0,1.0,2024-01-01,Monday
201,202,272,7.0,1.0,2024-01-08,Monday
202,203,160,5.0,2.0,2024-01-06,Saturday
203,204,149,15.0,9.0,2024-01-22,Monday
204,205,251,12.0,4.0,2024-01-26,Friday
205,206,68,7.0,1.0,2024-01-12,Friday
206,207,193,21.0,5.0,2024-01-20,Saturday
207,208,11,2.0,2.0,2024-01-18,Thursday
208,209,106,23.0,1.0,2024-01-22,Monday
209,210,71,14.0,2.0,2024-01-10,Wednesday
210,211,102,20.0,4.0,2024-01-07,Sunday
211,212,83,2.0,9.0,2024-01-16,Tuesday
212,213,46,4.0,10.0,2024-01-03,Wednesday
213,214,52,9.0,4.0,2024-01-09,Tuesday
214,215,90,2.0,5.0,2024-01-14,Sunday
215,216,24,1.0,3.0,2024-01-12,Friday
216,217,138,24.0,2.0,2024-01-04,Thursday
217,218,140,13.0,8.0,2024-01-26,Friday
218,219,31,6.0,2.0,2024-01-26,Friday
219,220,195,25.0,6.0,2024-01-27,Saturday
220,221,248,16.0,2.0,2024-01-03,Wednesday
221,222,269,25.0,10.0,2024-01-22,Monday
222,223,49,14.0,4.0,2024-01-21,Sunday
223,224,286,20.0,1.0,2024-01-17,Wednesday
224,225,85,3.0,8.0,2024-01-09,Tuesday
225,226,194,13.0,4.0,2024-01-19,Friday
226,227,229,11.0,2.0,2024-01-01,Monday
227,228,286,18.0,1.0,2024-01-20,Saturday
228,229,288,7.0,8.0,2024-01-02,Tuesday
229,230,170,18.0,10.0,2024-01-12,Friday
230,231,114,1.0,6.0,2024-01-26,Friday
231,232,55,2.0,3.0,2024-01-24,Wednesday
232,233,101,7.0,2.0,2024-01-15,Monday
233,234,174,4.0,7.0,2024-01-22,Monday
234,235,231,15.0,10.0,2024-01-16,Tuesday
235,236,25,18.0,7.0,2024-01-17,Wednesday
236,237,297,6.0,3.0,2024-01-20,Saturday
237,238,197,14.0,10.0,2024-01-09,Tuesday
238,239,151,15.0,3.0,2024-01-24,Wednesday
239,240,281,11.0,9.0,2024-01-20,Saturday
240,241,68,23.0,3.0,2024-01-11,Thursday
241,242,288,16.0,10.0,2024-01-14,Sunday
242,243,274,10.0,7.0,2024-01-01,Monday
243,244,29,7.0,5.0,2024-01-10,Wednesday
244,245,32,23.0,5.0,2024-01-12,Friday
245,246,288,8.0,9.0,2024-01-26,Friday
246,247,25,13.0,7.0,2024-01-22,Monday
247,248,7,24.0,5.0,2024-01-28,Sunday
248,249,189,25.0,10.0,2024-01-25,Thursday
249,250,230,6.0,2.0,2024-01-17,Wednesday
250,251,143,18.0,5.0,2024-01-09,Tuesday
251,252,239,23.0,3.0,2024-01-20,Saturday
252,253,155,16.0,10.0,2024-01-23,Tuesday
253,254,95,17.0,2.0,2024-01-18,Thursday
254,255,114,7.0,6.0,2024-01-25,Thursday
255,256,288,25.0,1.0,2024-01-08,Monday
256,257,125,2.0,6.0,2024-01-04,Thursday
257,258,145,1.0,9.0,2024-01-26,Friday
258,259,152,21.0,4.0,2024-01-04,Thursday
259,260,276,18.0,1.0,2024-01-21,Sunday
260,261,218,4.0,4.0,2024-01-24,Wednesday
261,262,37,24.0,3.0,2024-01-02,Tuesday
262,263,129,18.0,2.0,2024-01-09,Tuesday
263,264,208,14.0,6.0,2024-01-18,Thursday
264,265,33,25.0,10.0,2024-01-12,Friday
265,266,155,20.0,2.0,2024-01-13,Saturday
266,267,243,6.0,9.0,2024-01-26,Friday
267,268,74,10.0,6.0,2024-01-28,Sunday
268,269,3,19.0,10.0,2024-01-03,Wednesday
269,270,177,7.0,7.0,2024-01-05,Friday
270,271,130,7.0,2.0,2024-01-28,Sunday
271,272,282,15.0,9.0,2024-01-09,Tuesday
272,273,250,11.0,6.0,2024-01-04,Thursday
273,274,100,11.0,8.0,2024-01-10,Wednesday
274,275,291,12.0,6.0,2024-01-11,Thursday
275,276,224,9.0,6.0,2024-01-16,Tuesday
276,277,157,16.0,9.0,2024-01-03,Wednesday
277,278,72,18.0,4.0,2024-01-03,Wednesday
278,279,260,21.0,1.0,2024-01-25,Thursday
279,280,283,9.0,9.0,2024-01-21,Sunday
280,281,115,25.0,10.0,2024-01-15,Monday
281,282,187,17.0,1.0,2024-01-26,Friday
282,283,264,5.0,8.0,2024-01-19,Friday
283,284,248,12.0,1.0,2024-01-03,Wednesday
284,285,106,17.0,6.0,2024-01-02,Tuesday
285,286,166,4.0,9.0,2024-01-24,Wednesday
286,287,90,13.0,7.0,2024-01-27,Saturday
287,288,115,17.0,7.0,2024-01-16,Tuesday
288,289,4,17.0,3.0,2024-01-17,Wednesday
289,290,96,6.0,6.0,2024-01-22,Monday
290,291,59,16.0,8.0,2024-01-21,Sunday
291,292,23,5.0,10.0,2024-01-17,Wednesday
292,293,294,5.0,1.0,2024-01-17,Wednesday
293,294,289,21.0,1.0,2024-01-27,Saturday
294,295,230,20.0,8.0,2024-01-27,Saturday
295,296,299,25.0,3.0,2024-01-06,Saturday
296,297,233,20.0,10.0,2024-01-05,Friday
297,298,259,22.0,7.0,2024-01-06,Saturday
298,299,20,18.0,9.0,2024-01-22,Monday
299,300,1,25.0,7.0,2024-01-02,Tuesday
300,301,247,25.0,7.0,2024-01-25,Thursday
301,302,218,5.0,5.0,2024-01-28,Sunday
302,303,279,14.0,5.0,2024-01-26,Friday
304,305,55,5.0,7.0,2024-01-28,Sunday
305,306,142,22.0,7.0,2024-01-26,Friday
306,307,287,18.0,8.0,2024-01-12,Friday
307,308,71,22.0,2.0,2024-01-23,Tuesday
308,309,261,13.0,6.0,2024-01-22,Monday
309,310,3,3.0,3.0,2024-01-03,Wednesday
310,311,41,20.0,1.0,2024-01-13,Saturday
311,312,30,25.0,3.0,2024-01-07,Sunday
312,313,266,10.0,4.0,2024-01-17,Wednesday
313,314,19,12.0,4.0,2024-01-03,Wednesday
314,315,181,22.0,7.0,2024-01-01,Monday
315,316,47,18.0,5.0,2024-01-19,Friday
316,317,142,8.0,10.0,2024-01-13,Saturday
317,318,209,17.0,2.0,2024-01-11,Thursday
318,319,132,18.0,10.0,2024-01-13,Saturday
319,320,174,25.0,8.0,2024-01-28,Sunday
320,321,60,9.0,2.0,2024-01-08,Monday
322,323,205,22.0,6.0,2024-01-16,Tuesday
323,324,294,9.0,3.0,2024-01-07,Sunday
324,325,124,9.0,4.0,2024-01-27,Saturday
325,326,55,4.0,2.0,2024-01-20,Saturday
326,327,278,2.0,8.0,2024-01-19,Friday
327,328,262,9.0,7.0,2024-01-02,Tuesday
328,329,277,2.0,9.0,2024-01-25,Thursday
329,330,266,15.0,6.0,2024-01-07,Sunday
330,331,186,20.0,5.0,2024-01-09,Tuesday
331,332,188,6.0,8.0,2024-01-25,Thursday
332,333,144,15.0,3.0,2024-01-22,Monday
333,334,139,8.0,9.0,2024-01-05,Friday
334,335,243,1.0,3.0,2024-01-28,Sunday
335,336,162,16.0,5.0,2024-01-02,Tuesday
336,337,31,7.0,5.0,2024-01-15,Monday
337,338,185,18.0,9.0,2024-01-01,Monday
338,339,102,19.0,10.0,2024-01-25,Thursday
339,340,262,16.0,8.0,2024-01-10,Wednesday
340,341,86,21.0,6.0,2024-01-13,Saturday
341,342,83,11.0,4.0,2024-01-23,Tuesday
342,343,139,15.0,6.0,2024-01-15,Monday
343,344,12,5.0,4.0,2024-01-23,Tuesday
344,345,204,4.0,2.0,2024-01-18,Thursday
345,346,269,25.0,2.0,2024-01-03,Wednesday
346,347,159,8.0,4.0,2024-01-05,Friday
347,348,15,2.0,6.0,2024-01-16,Tuesday
348,349,140,18.0,8.0,2024-01-18,Thursday
349,350,289,14.0,9.0,2024-01-12,Friday
350,351,46,15.0,5.0,2024-01-10,Wednesday
351,352,268,25.0,3.0,2024-01-01,Monday
352,353,245,10.0,1.0,2024-01-20,Saturday
353,354,192,7.0,7.0,2024-01-08,Monday
354,355,200,13.0,4.0,2024-01-08,Monday
355,356,140,10.0,9.0,2024-01-28,Sunday
356,357,57,21.0,8.0,2024-01-20,Saturday
357,358,78,2.0,9.0,2024-01-10,Wednesday
358,359,5,8.0,2.0,2024-01-11,Thursday
359,360,256,12.0,8.0,2024-01-03,Wednesday
360,361,29,9.0,7.0,2024-01-07,Sunday
361,362,196,1.0,2.0,2024-01-13,Saturday
362,363,18,7.0,8.0,2024-01-22,Monday
363,364,160,11.0,3.0,2024-01-18,Thursday
364,365,153,7.0,6.0,2024-01-07,Sunday
365,366,223,11.0,1.0,2024-01-04,Thursday
366,367,22,19.0,8.0,2024-01-25,Thursday
367,368,47,22.0,10.0,2024-01-25,Thursday
368,369,79,23.0,9.0,2024-01-08,Monday
369,370,178,15.0,4.0,2024-01-24,Wednesday
370,371,249,23.0,8.0,2024-01-16,Tuesday
371,372,179,11.0,8.0,2024-01-28,Sunday
372,373,80,15.0,5.0,2024-01-15,Monday
373,374,260,13.0,3.0,2024-01-12,Friday
374,375,33,22.0,9.0,2024-01-22,Monday
375,376,145,11.0,7.0,2024-01-17,Wednesday
376,377,67,6.0,1.0,2024-01-04,Thursday
377,378,199,22.0,8.0,2024-01-09,Tuesday
378,379,114,20.0,2.0,2024-01-21,Sunday
379,380,41,15.0,1.0,2024-01-14,Sunday
380,381,30,20.0,5.0,2024-01-27,Saturday
381,382,266,4.0,2.0,2024-01-07,Sunday
382,383,292,21.0,3.0,2024-01-24,Wednesday
383,384,184,22.0,8.0,2024-01-04,Thursday
384,385,206,17.0,6.0,2024-01-20,Saturday
385,386,162,18.0,6.0,2024-01-21,Sunday
386,387,124,19.0,9.0,2024-01-24,Wednesday
387,388,230,13.0,1.0,2024-01-20,Saturday
388,389,70,10.0,1.0,2024-01-28,Sunday
389,390,142,18.0,9.0,2024-01-05,Friday
390,391,80,5.0,5.0,2024-01-08,Monday
391,392,293,13.0,10.0,2024-01-24,Wednesday
392,393,250,23.0,10.0,2024-01-21,Sunday
393,394,296,13.0,2.0,2024-01-11,Thursday
394,395,214,4.0,4.0,2024-01-01,Monday
395,396,28,10.0,9.0,2024-01-05,Friday
396,397,79,2.0,7.0,2024-01-19,Friday
397,398,149,13.0,3.0,2024-01-19,Friday
398,399,135,3.0,7.0,2024-01-05,Friday
399,400,102,16.0,7.0,2024-01-20,Saturday
400,401,125,3.0,5.0,2024-01-19,Friday
401,402,217,12.0,6.0,2024-01-21,Sunday
402,403,157,6.0,6.0,2024-01-15,Monday
403,404,120,7.0,6.0,2024-01-03,Wednesday
404,405,76,10.0,1.0,2024-01-10,Wednesday
405,406,108,24.0,9.0,2024-01-25,Thursday
406,407,73,23.0,1.0,2024-01-17,Wednesday
407,408,88,2.0,5.0,2024-01-09,Tuesday
408,409,5,3.0,7.0,2024-01-22,Monday
409,410,150,21.0,7.0,2024-01-23,Tuesday
410,411,273,3.0,3.0,2024-01-18,Thursday
411,412,127,17.0,5.0,2024-01-06,Saturday
412,413,181,12.0,5.0,2024-01-17,Wednesday
413,414,132,13.0,1.0,2024-01-08,Monday
414,415,71,3.0,7.0,2024-01-28,Sunday
415,416,124,19.0,3.0,2024-01-20,Saturday
416,417,106,21.0,3.0,2024-01-07,Sunday
417,418,269,5.0,7.0,2024-01-05,Friday
418,419,81,11.0,2.0,2024-01-04,Thursday
419,420,75,24.0,1.0,2024-01-14,Sunday
420,421,141,5.0,4.0,2024-01-25,Thursday
421,422,291,20.0,4.0,2024-01-01,Monday
422,423,245,5.0,9.0,2024-01-21,Sunday
423,424,252,16.0,3.0,2024-01-14,Sunday
424,425,139,14.0,4.0,2024-01-25,Thursday
425,426,225,20.0,8.0,2024-01-08,Monday
426,427,195,24.0,6.0,2024-01-19,Friday
427,428,20,17.0,2.0,2024-01-02,Tuesday
428,429,276,13.0,1.0,2024-01-21,Sunday
429,430,226,13.0,5.0,2024-01-06,Saturday
430,431,28,23.0,9.0,2024-01-21,Sunday
431,432,58,6.0,10.0,2024-01-05,Friday
432,433,13,6.0,8.0,2024-01-07,Sunday
433,434,166,23.0,3.0,2024-01-04,Thursday
434,435,44,17.0,7.0,2024-01-20,Saturday
435,436,195,2.0,3.0,2024-01-22,Monday
436,437,75,6.0,1.0,2024-01-25,Thursday
438,439,256,18.0,1.0,2024-01-07,Sunday
440,441,107,2.0,3.0,2024-01-02,Tuesday
441,442,296,20.0,5.0,2024-01-04,Thursday
442,443,146,20.0,10.0,2024-01-15,Monday
443,444,19,3.0,5.0,2024-01-27,Saturday
444,445,282,3.0,5.0,2024-01-28,Sunday
445,446,269,7.0,4.0,2024-01-24,Wednesday
446,447,45,16.0,10.0,2024-01-10,Wednesday
447,448,133,17.0,10.0,2024-01-05,Friday
448,449,255,16.0,3.0,2024-01-10,Wednesday
449,450,13,15.0,2.0,2024-01-20,Saturday
450,451,171,12.0,9.0,2024-01-21,Sunday
451,452,35,10.0,5.0,2024-01-01,Monday
452,453,203,24.0,10.0,2024-01-06,Saturday
453,454,246,16.0,1.0,2024-01-21,Sunday
454,455,172,15.0,7.0,2024-01-17,Wednesday
455,456,162,18.0,9.0,2024-01-11,Thursday
456,457,182,3.0,3.0,2024-01-13,Saturday
457,458,293,20.0,7.0,2024-01-26,Friday
458,459,162,23.0,1.0,2024-01-08,Monday
459,460,155,7.0,9.0,2024-01-26,Friday
460,461,104,3.0,8.0,2024-01-17,Wednesday
461,462,248,24.0,9.0,2024-01-25,Thursday
462,463,265,22.0,3.0,2024-01-13,Saturday
463,464,3,10.0,1.0,2024-01-03,Wednesday
464,465,53,17.0,5.0,2024-01-21,Sunday
465,466,99,10.0,5.0,2024-01-22,Monday
466,467,141,4.0,1.0,2024-01-04,Thursday
467,468,164,9.0,3.0,2024-01-19,Friday
468,469,174,18.0,8.0,2024-01-22,Monday
469,470,45,14.0,7.0,2024-01-19,Friday
470,471,229,20.0,6.0,2024-01-23,Tuesday
471,472,41,25.0,8.0,2024-01-26,Friday
472,473,234,10.0,8.0,2024-01-05,Friday
473,474,187,13.0,3.0,2024-01-26,Friday
474,475,250,1.0,2.0,2024-01-15,Monday
475,476,179,20.0,10.0,2024-01-27,Saturday
476,477,285,21.0,2.0,2024-01-13,Saturday
477,478,125,18.0,3.0,2024-01-11,Thursday
478,479,221,14.0,10.0,2024-01-08,Monday
479,480,294,16.0,2.0,2024-01-18,Thursday
480,481,158,13.0,2.0,2024-01-20,Saturday
481,482,254,21.0,1.0,2024-01-19,Friday
482,483,1,25.0,3.0,2024-01-10,Wednesday
483,484,101,7.0,6.0,2024-01-22,Monday
484,485,223,23.0,6.0,2024-01-20,Saturday
485,486,66,10.0,1.0,2024-01-02,Tuesday
486,487,287,12.0,2.0,2024-01-08,Monday
487,488,163,23.0,7.0,2024-01-07,Sunday
488,489,97,18.0,7.0,2024-01-14,Sunday
489,490,65,5.0,1.0,2024-01-24,Wednesday
490,491,70,3.0,3.0,2024-01-15,Monday
491,492,218,20.0,3.0,2024-01-27,Saturday
493,494,211,18.0,10.0,2024-01-19,Friday
494,495,298,16.0,2.0,2024-01-28,Sunday
495,496,239,17.0,2.0,2024-01-08,Monday
496,497,40,22.0,9.0,2024-01-02,Tuesday
497,498,6,16.0,8.0,2024-01-24,Wednesday
498,499,151,10.0,3.0,2024-01-24,Wednesday
499,500,134,2.0,8.0,2024-01-22,Monday
500,501,14,10.0,8.0,2024-01-28,Sunday
501,502,144,9.0,5.0,2024-01-06,Saturday
502,503,229,12.0,3.0,2024-01-16,Tuesday
503,504,17,11.0,2.0,2024-01-27,Saturday
504,505,212,25.0,7.0,2024-01-21,Sunday
505,506,177,2.0,5.0,2024-01-06,Saturday
506,507,244,24.0,9.0,2024-01-13,Saturday
507,508,223,1.0,5.0,2024-01-22,Monday
508,509,22,4.0,9.0,2024-01-14,Sunday
509,510,140,11.0,5.0,2024-01-21,Sunday
510,511,124,24.0,10.0,2024-01-22,Monday
511,512,281,1.0,1.0,2024-01-04,Thursday
512,513,180,8.0,5.0,2024-01-20,Saturday
513,514,112,20.0,2.0,2024-01-28,Sunday
514,515,290,6.0,2.0,2024-01-15,Monday
515,516,233,9.0,7.0,2024-01-25,Thursday
516,517,38,9.0,1.0,2024-01-02,Tuesday
517,518,92,15.0,2.0,2024-01-20,Saturday
518,519,56,5.0,9.0,2024-01-21,Sunday
519,520,133,4.0,1.0,2024-01-09,Tuesday
520,521,255,5.0,1.0,2024-01-09,Tuesday
521,522,201,19.0,1.0,2024-01-16,Tuesday
523,524,275,12.0,6.0,2024-01-21,Sunday
524,525,188,18.0,6.0,2024-01-25,Thursday
525,526,284,2.0,7.0,2024-01-13,Saturday
526,527,184,16.0,2.0,2024-01-07,Sunday
527,528,123,16.0,7.0,2024-01-10,Wednesday
528,529,231,1.0,1.0,2024-01-24,Wednesday
529,530,61,7.0,9.0,2024-01-28,Sunday
530,531,120,3.0,1.0,2024-01-01,Monday
531,532,24,8.0,3.0,2024-01-10,Wednesday
532,533,88,19.0,2.0,2024-01-16,Tuesday
533,534,33,7.0,7.0,2024-01-24,Wednesday
534,535,295,18.0,3.0,2024-01-07,Sunday
535,536,172,3.0,2.0,2024-01-06,Saturday
536,537,225,8.0,10.0,2024-01-28,Sunday
538,539,146,14.0,8.0,2024-01-21,Sunday
539,540,123,6.0,10.0,2024-01-23,Tuesday
541,542,186,25.0,9.0,2024-01-21,Sunday
542,543,100,4.0,3.0,2024-01-16,Tuesday
543,544,23,2.0,6.0,2024-01-11,Thursday
544,545,233,2.0,2.0,2024-01-06,Saturday
545,546,264,4.0,2.0,2024-01-19,Friday
546,547,167,8.0,2.0,2024-01-24,Wednesday
547,548,113,3.0,8.0,2024-01-14,Sunday
548,549,233,6.0,7.0,2024-01-07,Sunday
549,550,104,11.0,3.0,2024-01-09,Tuesday
550,551,235,14.0,3.0,2024-01-10,Wednesday
551,552,88,19.0,9.0,2024-01-28,Sunday
552,553,111,19.0,8.0,2024-01-24,Wednesday
553,554,127,11.0,7.0,2024-01-19,Friday
554,555,3,14.0,1.0,2024-01-25,Thursday
555,556,202,16.0,2.0,2024-01-18,Thursday
556,557,209,7.0,3.0,2024-01-03,Wednesday
557,558,157,6.0,8.0,2024-01-01,Monday
558,559,71,23.0,7.0,2024-01-21,Sunday
559,560,37,13.0,6.0,2024-01-25,Thursday
560,561,278,19.0,4.0,2024-01-11,Thursday
561,562,187,2.0,2.0,2024-01-02,Tuesday
562,563,287,23.0,2.0,2024-01-05,Friday
563,564,59,21.0,8.0,2024-01-28,Sunday
564,565,116,11.0,6.0,2024-01-14,Sunday
565,566,177,15.0,8.0,2024-01-16,Tuesday
566,567,273,10.0,8.0,2024-01-23,Tuesday
567,568,34,7.0,8.0,2024-01-06,Saturday
568,569,56,6.0,5.0,2024-01-05,Friday
569,570,12,10.0,7.0,2024-01-05,Friday
570,571,11,10.0,4.0,2024-01-08,Monday
571,572,172,14.0,10.0,2024-01-11,Thursday
572,573,272,18.0,8.0,2024-01-26,Friday
573,574,117,16.0,6.0,2024-01-02,Tuesday
574,575,86,20.0,3.0,2024-01-06,Saturday
575,576,79,6.0,4.0,2024-01-19,Friday
576,577,95,7.0,9.0,2024-01-12,Friday
577,578,84,18.0,5.0,2024-01-16,Tuesday
578,579,164,5.0,1.0,2024-01-17,Wednesday
579,580,243,10.0,10.0,2024-01-24,Wednesday
580,581,58,24.0,8.0,2024-01-18,Thursday
581,582,113,15.0,6.0,2024-01-21,Sunday
582,583,143,7.0,1.0,2024-01-22,Monday
583,584,263,13.0,4.0,2024-01-17,Wednesday
584,585,185,13.0,3.0,2024-01-13,Saturday
585,586,180,10.0,8.0,2024-01-24,Wednesday
586,587,213,15.0,5.0,2024-01-14,Sunday
587,588,45,5.0,4.0,2024-01-17,Wednesday
588,589,193,3.0,1.0,2024-01-14,Sunday
589,590,291,25.0,3.0,2024-01-10,Wednesday
590,591,155,19.0,5.0,2024-01-08,Monday
591,592,2,5.0,5.0,2024-01-21,Sunday
592,593,148,14.0,3.0,2024-01-08,Monday
593,594,142,16.0,2.0,2024-01-16,Tuesday
594,595,244,23.0,2.0,2024-01-01,Monday
595,596,30,5.0,6.0,2024-01-12,Friday
596,597,215,21.0,6.0,2024-01-21,Sunday
597,598,94,25.0,2.0,2024-01-11,Thursday
598,599,155,9.0,6.0,2024-01-27,Saturday
599,600,145,12.0,8.0,2024-01-06,Saturday
600,601,114,7.0,9.0,2024-01-17,Wednesday
601,602,59,14.0,8.0,2024-01-05,Friday
602,603,160,23.0,6.0,2024-01-20,Saturday
603,604,89,23.0,5.0,2024-01-08,Monday
604,605,117,10.0,3.0,2024-01-14,Sunday
605,606,40,1.0,8.0,2024-01-04,Thursday
606,607,263,19.0,1.0,2024-01-02,Tuesday
607,608,50,4.0,10.0,2024-01-06,Saturday
608,609,75,24.0,5.0,2024-01-06,Saturday
609,610,124,17.0,10.0,2024-01-25,Thursday
610,611,112,23.0,4.0,2024-01-25,Thursday
611,612,51,7.0,9.0,2024-01-23,Tuesday
612,613,55,6.0,6.0,2024-01-17,Wednesday
613,614,161,4.0,8.0,2024-01-25,Thursday
614,615,21,3.0,6.0,2024-01-15,Monday
615,616,228,8.0,9.0,2024-01-14,Sunday
616,617,244,22.0,6.0,2024-01-16,Tuesday
617,618,268,22.0,2.0,2024-01-23,Tuesday
618,619,87,3.0,6.0,2024-01-20,Saturday
619,620,120,14.0,8.0,2024-01-19,Friday
620,621,205,12.0,8.0,2024-01-16,Tuesday
621,622,233,4.0,2.0,2024-01-21,Sunday
622,623,28,3.0,8.0,2024-01-13,Saturday
623,624,156,20.0,10.0,2024-01-25,Thursday
624,625,239,7.0,5.0,2024-01-09,Tuesday
625,626,277,18.0,1.0,2024-01-14,Sunday
626,627,231,11.0,7.0,2024-01-06,Saturday
627,628,156,23.0,3.0,2024-01-23,Tuesday
628,629,292,22.0,8.0,2024-01-19,Friday
629,630,81,17.0,1.0,2024-01-13,Saturday
630,631,146,11.0,1.0,2024-01-27,Saturday
631,632,299,1.0,6.0,2024-01-12,Friday
632,633,126,8.0,4.0,2024-01-23,Tuesday
633,634,173,6.0,1.0,2024-01-22,Monday
634,635,216,9.0,1.0,2024-01-11,Thursday
635,636,294,4.0,8.0,2024-01-11,Thursday
636,637,174,6.0,10.0,2024-01-07,Sunday
637,638,39,18.0,4.0,2024-01-19,Friday
638,639,48,23.0,10.0,2024-01-03,Wednesday
639,640,219,7.0,6.0,2024-01-10,Wednesday
640,641,277,11.0,4.0,2024-01-17,Wednesday
641,642,93,1.0,9.0,2024-01-07,Sunday
642,643,240,9.0,9.0,2024-01-14,Sunday
643,644,31,17.0,4.0,2024-01-05,Friday
644,645,223,14.0,6.0,2024-01-21,Sunday
645,646,147,21.0,3.0,2024-01-13,Saturday
646,647,15,8.0,5.0,2024-01-14,Sunday
647,648,104,6.0,5.0,2024-01-26,Friday
648,649,22,24.0,8.0,2024-01-03,Wednesday
649,650,33,14.0,6.0,2024-01-13,Saturday
650,651,72,8.0,2.0,2024-01-04,Thursday
651,652,269,9.0,8.0,2024-01-04,Thursday
652,653,300,24.0,7.0,2024-01-14,Sunday
653,654,110,9.0,8.0,2024-01-02,Tuesday
654,655,58,11.0,9.0,2024-01-09,Tuesday
655,656,186,16.0,6.0,2024-01-20,Saturday
656,657,28,23.0,4.0,2024-01-21,Sunday
657,658,63,18.0,4.0,2024-01-13,Saturday
658,659,155,3.0,4.0,2024-01-06,Saturday
659,660,209,2.0,5.0,2024-01-16,Tuesday
660,661,171,23.0,7.0,2024-01-27,Saturday
661,662,34,12.0,7.0,2024-01-24,Wednesday
662,663,27,21.0,3.0,2024-01-05,Friday
663,664,103,21.0,5.0,2024-01-06,Saturday
664,665,67,20.0,7.0,2024-01-16,Tuesday
665,666,89,22.0,10.0,2024-01-07,Sunday
666,667,202,13.0,10.0,2024-01-18,Thursday
667,668,46,15.0,4.0,2024-01-02,Tuesday
668,669,134,5.0,2.0,2024-01-19,Friday
669,670,223,25.0,8.0,2024-01-08,Monday
670,671,137,10.0,8.0,2024-01-07,Sunday
671,672,145,24.0,4.0,2024-01-05,Friday
672,673,135,8.0,10.0,2024-01-19,Friday
673,674,6,16.0,3.0,2024-01-13,Saturday
674,675,217,24.0,10.0,2024-01-02,Tuesday
675,676,242,12.0,10.0,2024-01-20,Saturday
676,677,3,9.0,9.0,2024-01-13,Saturday
677,678,287,2.0,10.0,2024-01-16,Tuesday
678,679,68,3.0,6.0,2024-01-09,Tuesday
679,680,66,16.0,5.0,2024-01-10,Wednesday
680,681,136,17.0,6.0,2024-01-24,Wednesday
681,682,78,18.0,8.0,2024-01-08,Monday
682,683,84,23.0,8.0,2024-01-16,Tuesday
683,684,183,23.0,9.0,2024-01-28,Sunday
684,685,179,3.0,4.0,2024-01-06,Saturday
685,686,289,22.0,10.0,2024-01-01,Monday
686,687,214,3.0,4.0,2024-01-11,Thursday
687,688,63,13.0,6.0,2024-01-27,Saturday
688,689,236,23.0,8.0,2024-01-20,Saturday
689,690,23,21.0,10.0,2024-01-24,Wednesday
690,691,292,5.0,4.0,2024-01-10,Wednesday
691,692,37,18.0,10.0,2024-01-06,Saturday
692,693,205,3.0,1.0,2024-01-25,Thursday
693,694,79,4.0,5.0,2024-01-26,Friday
694,695,68,12.0,2.0,2024-01-16,Tuesday
695,696,138,19.0,10.0,2024-01-26,Friday
696,697,219,3.0,1.0,2024-01-22,Monday
697,698,80,16.0,9.0,2024-01-10,Wednesday
698,699,245,10.0,3.0,2024-01-10,Wednesday
699,700,152,19.0,1.0,2024-01-17,Wednesday
700,701,49,15.0,10.0,2024-01-19,Friday
701,702,59,24.0,8.0,2024-01-13,Saturday
702,703,214,23.0,5.0,2024-01-25,Thursday
703,704,136,11.0,3.0,2024-01-20,Saturday
705,706,208,22.0,10.0,2024-01-27,Saturday
706,707,203,10.0,2.0,2024-01-04,Thursday
707,708,97,1.0,4.0,2024-01-08,Monday
708,709,276,7.0,2.0,2024-01-16,Tuesday
709,710,79,24.0,8.0,2024-01-28,Sunday
711,712,213,16.0,10.0,2024-01-10,Wednesday
712,713,205,16.0,9.0,2024-01-22,Monday
713,714,119,23.0,1.0,2024-01-11,Thursday
714,715,214,16.0,2.0,2024-01-12,Friday
715,716,83,10.0,4.0,2024-01-17,Wednesday
716,717,174,20.0,8.0,2024-01-23,Tuesday
717,718,185,16.0,3.0,2024-01-24,Wednesday
718,719,89,7.0,3.0,2024-01-14,Sunday
719,720,121,7.0,9.0,2024-01-09,Tuesday
720,721,258,2.0,2.0,2024-01-08,Monday
721,722,133,11.0,6.0,2024-01-18,Thursday
722,723,264,20.0,2.0,2024-01-15,Monday
723,724,57,4.0,10.0,2024-01-04,Thursday
724,725,54,6.0,2.0,2024-01-06,Saturday
725,726,260,16.0,2.0,2024-01-27,Saturday
726,727,225,14.0,1.0,2024-01-11,Thursday
727,728,137,12.0,7.0,2024-01-05,Friday
728,729,117,5.0,7.0,2024-01-15,Monday
730,731,174,11.0,7.0,2024-01-02,Tuesday
731,732,78,19.0,1.0,2024-01-26,Friday
732,733,152,14.0,7.0,2024-01-28,Sunday
733,734,177,1.0,5.0,2024-01-05,Friday
734,735,106,18.0,10.0,2024-01-23,Tuesday
735,736,208,25.0,4.0,2024-01-18,Thursday
736,737,65,17.0,9.0,2024-01-18,Thursday
737,738,82,1.0,1.0,2024-01-09,Tuesday
738,739,217,17.0,2.0,2024-01-09,Tuesday
739,740,25,25.0,2.0,2024-01-01,Monday
740,741,298,19.0,9.0,2024-01-10,Wednesday
741,742,294,22.0,3.0,2024-01-08,Monday
742,743,99,25.0,6.0,2024-01-14,Sunday
743,744,32,14.0,3.0,2024-01-12,Friday
744,745,287,17.0,7.0,2024-01-21,Sunday
745,746,251,24.0,7.0,2024-01-05,Friday
746,747,263,17.0,2.0,2024-01-02,Tuesday
747,748,190,4.0,10.0,2024-01-12,Friday
748,749,79,4.0,6.0,2024-01-10,Wednesday
749,750,73,19.0,7.0,2024-01-10,Wednesday
750,751,251,1.0,2.0,2024-01-02,Tuesday
751,752,290,15.0,6.0,2024-01-24,Wednesday
752,753,71,17.0,8.0,2024-01-05,Friday
753,754,210,13.0,4.0,2024-01-02,Tuesday
754,755,143,21.0,2.0,2024-01-19,Friday
755,756,159,18.0,2.0,2024-01-20,Saturday
756,757,292,17.0,4.0,2024-01-01,Monday
757,758,93,1.0,5.0,2024-01-23,Tuesday
758,759,44,18.0,10.0,2024-01-16,Tuesday
759,760,224,6.0,7.0,2024-01-13,Saturday
760,761,51,18.0,3.0,2024-01-25,Thursday
761,762,209,22.0,3.0,2024-01-06,Saturday
762,763,30,10.0,7.0,2024-01-11,Thursday
763,764,62,2.0,4.0,2024-01-08,Monday
764,765,198,4.0,5.0,2024-01-14,Sunday
765,766,120,1.0,5.0,2024-01-04,Thursday
766,767,65,10.0,10.0,2024-01-21,Sunday
767,768,73,12.0,9.0,2024-01-18,Thursday
769,770,86,1.0,1.0,2024-01-20,Saturday
770,771,180,21.0,4.0,2024-01-02,Tuesday
771,772,36,10.0,2.0,2024-01-05,Friday
772,773,222,7.0,10.0,2024-01-22,Monday
773,774,232,9.0,4.0,2024-01-07,Sunday
775,776,5,22.0,3.0,2024-01-23,Tuesday
776,777,42,21.0,2.0,2024-01-27,Saturday
777,778,181,13.0,10.0,2024-01-25,Thursday
778,779,64,15.0,6.0,2024-01-08,Monday
779,780,184,7.0,2.0,2024-01-26,Friday
780,781,253,12.0,1.0,2024-01-23,Tuesday
781,782,203,4.0,5.0,2024-01-18,Thursday
782,783,290,6.0,2.0,2024-01-05,Friday
783,784,117,17.0,5.0,2024-01-23,Tuesday
784,785,287,15.0,1.0,2024-01-21,Sunday
785,786,222,14.0,5.0,2024-01-16,Tuesday
786,787,115,2.0,5.0,2024-01-11,Thursday
787,788,100,11.0,2.0,2024-01-24,Wednesday
788,789,39,8.0,4.0,2024-01-21,Sunday
789,790,222,1.0,10.0,2024-01-27,Saturday
790,791,123,11.0,1.0,2024-01-08,Monday
791,792,225,25.0,2.0,2024-01-03,Wednesday
792,793,194,11.0,2.0,2024-01-26,Friday
793,794,222,3.0,2.0,2024-01-10,Wednesday
794,795,211,8.0,10.0,2024-01-15,Monday
795,796,52,11.0,1.0,2024-01-07,Sunday
796,797,35,19.0,4.0,2024-01-17,Wednesday
797,798,228,6.0,4.0,2024-01-05,Friday
798,799,184,10.0,10.0,2024-01-05,Friday
799,800,150,12.0,1.0,2024-01-05,Friday
800,801,287,2.0,7.0,2024-01-21,Sunday
801,802,175,7.0,8.0,2024-01-20,Saturday
802,803,290,11.0,10.0,2024-01-04,Thursday
803,804,22,16.0,4.0,2024-01-23,Tuesday
804,805,123,16.0,6.0,2024-01-13,Saturday
805,806,186,1.0,2.0,2024-01-05,Friday
806,807,300,25.0,6.0,2024-01-07,Sunday
807,808,135,24.0,3.0,2024-01-06,Saturday
808,809,135,4.0,1.0,2024-01-21,Sunday
809,810,108,10.0,8.0,2024-01-22,Monday
810,811,223,23.0,2.0,2024-01-05,Friday
811,812,194,23.0,6.0,2024-01-21,Sunday
812,813,97,18.0,5.0,2024-01-02,Tuesday
813,814,65,17.0,10.0,2024-01-03,Wednesday
814,815,34,6.0,9.0,2024-01-25,Thursday
815,816,238,6.0,6.0,2024-01-16,Tuesday
816,817,138,19.0,7.0,2024-01-21,Sunday
817,818,113,7.0,8.0,2024-01-10,Wednesday
818,819,81,12.0,5.0,2024-01-03,Wednesday
819,820,118,19.0,1.0,2024-01-14,Sunday
820,821,189,16.0,6.0,2024-01-15,Monday
821,822,184,3.0,5.0,2024-01-21,Sunday
822,823,117,4.0,2.0,2024-01-07,Sunday
823,824,129,10.0,5.0,2024-01-05,Friday
824,825,279,9.0,1.0,2024-01-12,Friday
825,826,208,19.0,1.0,2024-01-25,Thursday
826,827,117,8.0,4.0,2024-01-26,Friday
827,828,237,11.0,2.0,2024-01-25,Thursday
828,829,225,15.0,9.0,2024-01-28,Sunday
829,830,5,16.0,6.0,2024-01-22,Monday
830,831,276,10.0,6.0,2024-01-02,Tuesday
831,832,170,19.0,10.0,2024-01-13,Saturday
832,833,201,3.0,9.0,2024-01-11,Thursday
833,834,156,3.0,3.0,2024-01-02,Tuesday
834,835,14,6.0,4.0,2024-01-10,Wednesday
835,836,269,3.0,8.0,2024-01-06,Saturday
836,837,201,6.0,2.0,2024-01-24,Wednesday
837,838,106,5.0,4.0,2024-01-22,Monday
838,839,159,19.0,4.0,2024-01-09,Tuesday
839,840,229,3.0,7.0,2024-01-11,Thursday
840,841,236,15.0,10.0,2024-01-21,Sunday
841,842,153,13.0,10.0,2024-01-14,Sunday
842,843,222,15.0,7.0,2024-01-19,Friday
843,844,23,8.0,3.0,2024-01-10,Wednesday
844,845,112,16.0,7.0,2024-01-12,Friday
845,846,167,14.0,8.0,2024-01-02,Tuesday
846,847,237,13.0,6.0,2024-01-13,Saturday
847,848,129,4.0,3.0,2024-01-16,Tuesday
848,849,125,23.0,8.0,2024-01-27,Saturday
849,850,52,6.0,5.0,2024-01-06,Saturday
850,851,140,5.0,8.0,2024-01-02,Tuesday
851,852,227,23.0,1.0,2024-01-21,Sunday
852,853,53,13.0,5.0,2024-01-02,Tuesday
853,854,128,12.0,4.0,2024-01-01,Monday
854,855,99,22.0,2.0,2024-01-26,Friday
855,856,86,2.0,7.0,2024-01-11,Thursday
856,857,107,18.0,7.0,2024-01-07,Sunday
857,858,8,13.0,6.0,2024-01-08,Monday
858,859,189,2.0,2.0,2024-01-25,Thursday
859,860,53,23.0,9.0,2024-01-19,Friday
860,861,167,21.0,7.0,2024-01-23,Tuesday
861,862,163,22.0,8.0,2024-01-19,Friday
862,863,120,17.0,10.0,2024-01-01,Monday
863,864,159,8.0,7.0,2024-01-02,Tuesday
864,865,104,5.0,7.0,2024-01-24,Wednesday
865,866,169,5.0,5.0,2024-01-02,Tuesday
866,867,148,25.0,1.0,2024-01-11,Thursday
867,868,128,22.0,4.0,2024-01-11,Thursday
868,869,34,16.0,2.0,2024-01-05,Friday
869,870,89,19.0,9.0,2024-01-08,Monday
870,871,240,10.0,3.0,2024-01-06,Saturday
871,872,296,15.0,4.0,2024-01-03,Wednesday
872,873,194,6.0,8.0,2024-01-24,Wednesday
873,874,247,1.0,7.0,2024-01-10,Wednesday
874,875,90,9.0,7.0,2024-01-13,Saturday
875,876,171,5.0,8.0,2024-01-01,Monday
876,877,257,24.0,6.0,2024-01-13,Saturday
877,878,251,10.0,10.0,2024-01-04,Thursday
878,879,100,25.0,7.0,2024-01-25,Thursday
879,880,251,21.0,6.0,2024-01-14,Sunday
880,881,18,12.0,1.0,2024-01-09,Tuesday
881,882,76,9.0,4.0,2024-01-27,Saturday
882,883,48,21.0,7.0,2024-01-03,Wednesday
883,884,217,6.0,7.0,2024-01-18,Thursday
884,885,158,24.0,7.0,2024-01-28,Sunday
885,886,177,5.0,5.0,2024-01-13,Saturday
886,887,87,16.0,1.0,2024-01-14,Sunday
887,888,221,6.0,3.0,2024-01-07,Sunday
888,889,57,15.0,10.0,2024-01-02,Tuesday
889,890,99,9.0,7.0,2024-01-04,Thursday
890,891,151,3.0,7.0,2024-01-01,Monday
891,892,52,1.0,1.0,2024-01-22,Monday
892,893,50,7.0,9.0,2024-01-17,Wednesday
893,894,249,16.0,6.0,2024-01-22,Monday
894,895,123,12.0,7.0,2024-01-12,Friday
895,896,2,15.0,7.0,2024-01-05,Friday
896,897,63,17.0,5.0,2024-01-08,Monday
898,899,9,21.0,6.0,2024-01-24,Wednesday
899,900,249,13.0,10.0,2024-01-16,Tuesday
900,901,52,24.0,7.0,2024-01-05,Friday
901,902,259,2.0,3.0,2024-01-27,Saturday
902,903,240,6.0,8.0,2024-01-18,Thursday
903,904,46,4.0,7.0,2024-01-11,Thursday
904,905,113,24.0,5.0,2024-01-22,Monday
905,906,274,21.0,8.0,2024-01-28,Sunday
906,907,34,21.0,6.0,2024-01-24,Wednesday
907,908,288,14.0,4.0,2024-01-03,Wednesday
908,909,97,24.0,2.0,2024-01-11,Thursday
909,910,1,10.0,1.0,2024-01-13,Saturday
910,911,187,22.0,3.0,2024-01-08,Monday
911,912,236,11.0,3.0,2024-01-08,Monday
912,913,146,5.0,1.0,2024-01-23,Tuesday
913,914,294,16.0,4.0,2024-01-13,Saturday
914,915,79,23.0,4.0,2024-01-08,Monday
915,916,92,16.0,7.0,2024-01-28,Sunday
916,917,201,11.0,7.0,2024-01-25,Thursday
917,918,145,10.0,4.0,2024-01-04,Thursday
918,919,298,2.0,5.0,2024-01-05,Friday
919,920,75,7.0,4.0,2024-01-21,Sunday
920,921,295,4.0,3.0,2024-01-22,Monday
921,922,50,12.0,8.0,2024-01-17,Wednesday
922,923,77,21.0,7.0,2024-01-13,Saturday
923,924,89,21.0,7.0,2024-01-22,Monday
924,925,196,9.0,8.0,2024-01-03,Wednesday
925,926,261,8.0,1.0,2024-01-16,Tuesday
926,927,93,13.0,8.0,2024-01-10,Wednesday
927,928,33,23.0,9.0,2024-01-01,Monday
928,929,272,16.0,2.0,2024-01-23,Tuesday
929,930,107,22.0,2.0,2024-01-06,Saturday
930,931,229,11.0,2.0,2024-01-21,Sunday
931,932,18,3.0,2.0,2024-01-18,Thursday
932,933,1,8.0,5.0,2024-01-26,Friday
933,934,72,19.0,8.0,2024-01-12,Friday
934,935,51,22.0,1.0,2024-01-10,Wednesday
935,936,69,20.0,9.0,2024-01-05,Friday
936,937,282,9.0,5.0,2024-01-13,Saturday
937,938,218,23.0,3.0,2024-01-24,Wednesday
938,939,99,23.0,6.0,2024-01-17,Wednesday
939,940,79,11.0,7.0,2024-01-08,Monday
940,941,57,22.0,9.0,2024-01-03,Wednesday
941,942,140,5.0,4.0,2024-01-08,Monday
942,943,64,6.0,9.0,2024-01-27,Saturday
943,944,179,23.0,10.0,2024-01-20,Saturday
944,945,163,25.0,7.0,2024-01-22,Monday
946,947,74,13.0,10.0,2024-01-24,Wednesday
947,948,128,22.0,10.0,2024-01-15,Monday
948,949,258,10.0,5.0,2024-01-23,Tuesday
949,950,157,21.0,2.0,2024-01-11,Thursday
950,951,40,24.0,4.0,2024-01-02,Tuesday
951,952,253,1.0,7.0,2024-01-05,Friday
952,953,273,23.0,2.0,2024-01-27,Saturday
953,954,274,24.0,6.0,2024-01-27,Saturday
954,955,22,20.0,8.0,2024-01-25,Thursday
955,956,39,12.0,3.0,2024-01-14,Sunday
956,957,58,11.0,4.0,2024-01-28,Sunday
958,959,264,2.0,8.0,2024-01-02,Tuesday
959,960,169,10.0,6.0,2024-01-24,Wednesday
960,961,52,14.0,8.0,2024-01-05,Friday
961,962,4,5.0,5.0,2024-01-10,Wednesday
962,963,275,9.0,2.0,2024-01-15,Monday
963,964,223,1.0,6.0,2024-01-04,Thursday
964,965,203,14.0,6.0,2024-01-07,Sunday
965,966,137,4.0,7.0,2024-01-22,Monday
966,967,205,17.0,7.0,2024-01-26,Friday
967,968,80,12.0,9.0,2024-01-02,Tuesday
968,969,5,14.0,8.0,2024-01-25,Thursday
969,970,262,6.0,4.0,2024-01-09,Tuesday
970,971,220,7.0,8.0,2024-01-23,Tuesday
971,972,97,19.0,3.0,2024-01-02,Tuesday
972,973,75,14.0,1.0,2024-01-02,Tuesday
973,974,119,8.0,6.0,2024-01-14,Sunday
974,975,138,12.0,5.0,2024-01-08,Monday
975,976,21,1.0,1.0,2024-01-10,Wednesday
976,977,52,14.0,3.0,2024-01-11,Thursday
977,978,7,22.0,9.0,2024-01-12,Friday
978,979,271,20.0,6.0,2024-01-19,Friday
979,980,67,21.0,10.0,2024-01-21,Sunday
980,981,229,4.0,2.0,2024-01-10,Wednesday
981,982,104,18.0,3.0,2024-01-18,Thursday
982,983,287,12.0,6.0,2024-01-14,Sunday
983,984,258,1.0,3.0,2024-01-05,Friday
984,985,32,23.0,4.0,2024-01-22,Monday
985,986,39,6.0,8.0,2024-01-25,Thursday
986,987,106,6.0,1.0,2024-01-23,Tuesday
987,988,263,15.0,9.0,2024-01-10,Wednesday
988,989,138,18.0,2.0,2024-01-08,Monday
989,990,143,5.0,5.0,2024-01-08,Monday
990,991,60,1.0,6.0,2024-01-11,Thursday
991,992,282,9.0,3.0,2024-01-11,Thursday
992,993,6,12.0,4.0,2024-01-09,Tuesday
993,994,299,4.0,7.0,2024-01-21,Sunday
994,995,227,8.0,6.0,2024-01-26,Friday
995,996,229,8.0,7.0,2024-01-03,Wednesday
996,997,91,7.0,10.0,2024-01-21,Sunday
997,998,91,13.0,10.0,2024-01-14,Sunday
998,999,207,4.0,9.0,2024-01-01,Monday
999,1000,11,4.0,1.0,2024-01-02,Tuesday
1000,1001,138,5.0,10.0,2024-01-26,Friday
1001,1002,174,23.0,2.0,2024-01-19,Friday
1002,1003,158,11.0,8.0,2024-01-23,Tuesday
1003,1004,11,2.0,2.0,2024-01-27,Saturday
1004,1005,115,1.0,4.0,2024-01-21,Sunday
1005,1006,197,22.0,2.0,2024-01-08,Monday
1006,1007,183,3.0,10.0,2024-01-03,Wednesday
1007,1008,92,14.0,9.0,2024-01-14,Sunday
1008,1009,155,20.0,5.0,2024-01-16,Tuesday
1009,1010,40,1.0,3.0,2024-01-05,Friday
1010,1011,245,3.0,2.0,2024-01-09,Tuesday
1011,1012,66,6.0,7.0,2024-01-16,Tuesday
1012,1013,171,5.0,4.0,2024-01-18,Thursday
1013,1014,118,13.0,2.0,2024-01-19,Friday
1015,1016,286,16.0,3.0,2024-01-12,Friday
1016,1017,72,10.0,8.0,2024-01-14,Sunday
1017,1018,29,24.0,3.0,2024-01-05,Friday
1018,1019,218,12.0,1.0,2024-01-03,Wednesday
1019,1020,81,1.0,3.0,2024-01-03,Wednesday
1020,1021,214,5.0,3.0,2024-01-17,Wednesday
1021,1022,211,24.0,6.0,2024-01-01,Monday
1022,1023,17,20.0,3.0,2024-01-27,Saturday
1023,1024,233,18.0,5.0,2024-01-23,Tuesday
1024,1025,140,3.0,9.0,2024-01-24,Wednesday
1025,1026,113,13.0,3.0,2024-01-20,Saturday
1026,1027,240,16.0,6.0,2024-01-13,Saturday
1027,1028,218,7.0,5.0,2024-01-20,Saturday
1028,1029,123,10.0,3.0,2024-01-20,Saturday
1029,1030,159,7.0,9.0,2024-01-08,Monday
1030,1031,290,2.0,10.0,2024-01-02,Tuesday
1031,1032,5,12.0,5.0,2024-01-11,Thursday
1032,1033,67,23.0,2.0,2024-01-17,Wednesday
1033,1034,77,1.0,10.0,2024-01-28,Sunday
1034,1035,78,22.0,8.0,2024-01-23,Tuesday
1035,1036,73,25.0,3.0,2024-01-24,Wednesday
1036,1037,175,15.0,3.0,2024-01-28,Sunday
1037,1038,199,8.0,4.0,2024-01-05,Friday
1038,1039,50,1.0,3.0,2024-01-28,Sunday
1039,1040,45,16.0,2.0,2024-01-10,Wednesday
1040,1041,187,12.0,2.0,2024-01-15,Monday
1041,1042,132,25.0,8.0,2024-01-04,Thursday
1042,1043,187,10.0,7.0,2024-01-22,Monday
1043,1044,161,12.0,2.0,2024-01-09,Tuesday
1044,1045,22,20.0,1.0,2024-01-27,Saturday
1045,1046,54,10.0,7.0,2024-01-03,Wednesday
1046,1047,48,12.0,8.0,2024-01-27,Saturday
1047,1048,56,13.0,7.0,2024-01-11,Thursday
1048,1049,109,23.0,8.0,2024-01-18,Thursday
1049,1050,110,11.0,10.0,2024-01-13,Saturday
1050,1051,221,16.0,4.0,2024-01-25,Thursday
1051,1052,91,3.0,3.0,2024-01-10,Wednesday
1052,1053,215,17.0,4.0,2024-01-27,Saturday
1053,1054,220,11.0,5.0,2024-01-14,Sunday
1054,1055,83,23.0,7.0,2024-01-13,Saturday
1055,1056,102,3.0,10.0,2024-01-27,Saturday
1056,1057,163,1.0,3.0,2024-01-16,Tuesday
1057,1058,209,9.0,9.0,2024-01-27,Saturday
1058,1059,297,4.0,1.0,2024-01-14,Sunday
1059,1060,194,7.0,6.0,2024-01-22,Monday
1060,1061,187,1.0,5.0,2024-01-28,Sunday
1061,1062,234,14.0,7.0,2024-01-14,Sunday
1062,1063,59,6.0,8.0,2024-01-20,Saturday
1063,1064,146,22.0,7.0,2024-01-28,Sunday
1064,1065,54,3.0,1.0,2024-01-16,Tuesday
1065,1066,279,4.0,8.0,2024-01-22,Monday
1066,1067,115,25.0,8.0,2024-01-28,Sunday
1069,1070,14,5.0,6.0,2024-01-24,Wednesday
1070,1071,293,14.0,4.0,2024-01-20,Saturday
1071,1072,296,14.0,3.0,2024-01-24,Wednesday
1072,1073,265,6.0,7.0,2024-01-05,Friday
1073,1074,201,25.0,5.0,2024-01-11,Thursday
1074,1075,224,1.0,10.0,2024-01-18,Thursday
1075,1076,196,1.0,3.0,2024-01-25,Thursday
1076,1077,114,10.0,4.0,2024-01-25,Thursday
1077,1078,134,22.0,1.0,2024-01-21,Sunday
1078,1079,297,4.0,2.0,2024-01-04,Thursday
1079,1080,93,3.0,2.0,2024-01-27,Saturday
1080,1081,12,14.0,2.0,2024-01-07,Sunday
1081,1082,161,21.0,8.0,2024-01-01,Monday
1082,1083,17,4.0,6.0,2024-01-20,Saturday
1083,1084,268,24.0,5.0,2024-01-01,Monday
1084,1085,79,7.0,6.0,2024-01-11,Thursday
1085,1086,65,9.0,5.0,2024-01-12,Friday
1086,1087,240,24.0,8.0,2024-01-07,Sunday
1087,1088,144,13.0,2.0,2024-01-10,Wednesday
1088,1089,250,14.0,8.0,2024-01-27,Saturday
1089,1090,197,14.0,4.0,2024-01-21,Sunday
1090,1091,18,17.0,5.0,2024-01-27,Saturday
1091,1092,272,12.0,7.0,2024-01-11,Thursday
1092,1093,126,3.0,4.0,2024-01-25,Thursday
1093,1094,6,23.0,6.0,2024-01-11,Thursday
1094,1095,198,10.0,10.0,2024-01-18,Thursday
1095,1096,39,19.0,7.0,2024-01-27,Saturday
1096,1097,253,16.0,1.0,2024-01-04,Thursday
1097,1098,197,8.0,10.0,2024-01-26,Friday
1098,1099,237,10.0,3.0,2024-01-18,Thursday
1099,1100,9,3.0,8.0,2024-01-24,Wednesday
1100,1101,178,13.0,2.0,2024-01-20,Saturday
1101,1102,153,23.0,8.0,2024-01-04,Thursday
1102,1103,53,1.0,4.0,2024-01-04,Thursday
1103,1104,224,8.0,3.0,2024-01-26,Friday
1104,1105,3,23.0,1.0,2024-01-04,Thursday
1105,1106,156,3.0,5.0,2024-01-26,Friday
1106,1107,71,19.0,8.0,2024-01-05,Friday
1107,1108,212,21.0,8.0,2024-01-08,Monday
1108,1109,144,11.0,8.0,2024-01-10,Wednesday
1109,1110,125,22.0,4.0,2024-01-16,Tuesday
1110,1111,111,15.0,7.0,2024-01-07,Sunday
1111,1112,264,11.0,5.0,2024-01-28,Sunday
1112,1113,113,12.0,7.0,2024-01-17,Wednesday
1113,1114,36,9.0,7.0,2024-01-28,Sunday
1114,1115,237,4.0,2.0,2024-01-06,Saturday
1115,1116,272,15.0,6.0,2024-01-03,Wednesday
1116,1117,204,17.0,7.0,2024-01-09,Tuesday
1117,1118,196,24.0,7.0,2024-01-06,Saturday
1118,1119,253,17.0,7.0,2024-01-08,Monday
1119,1120,28,2.0,10.0,2024-01-04,Thursday
1120,1121,208,13.0,7.0,2024-01-23,Tuesday
1121,1122,105,12.0,5.0,2024-01-01,Monday
1122,1123,245,24.0,5.0,2024-01-06,Saturday
1123,1124,96,11.0,8.0,2024-01-16,Tuesday
1124,1125,136,3.0,3.0,2024-01-20,Saturday
1125,1126,1,16.0,4.0,2024-01-01,Monday
1126,1127,117,17.0,9.0,2024-01-04,Thursday
1127,1128,172,15.0,8.0,2024-01-09,Tuesday
1128,1129,235,1.0,6.0,2024-01-17,Wednesday
1129,1130,248,4.0,5.0,2024-01-01,Monday
1130,1131,113,22.0,3.0,2024-01-19,Friday
1131,1132,185,7.0,2.0,2024-01-21,Sunday
1132,1133,279,15.0,9.0,2024-01-12,Friday
1133,1134,214,9.0,5.0,2024-01-23,Tuesday
1134,1135,222,15.0,10.0,2024-01-10,Wednesday
1135,1136,76,15.0,3.0,2024-01-18,Thursday
1136,1137,148,3.0,5.0,2024-01-10,Wednesday
1137,1138,251,10.0,1.0,2024-01-01,Monday
1138,1139,71,12.0,5.0,2024-01-25,Thursday
1139,1140,139,5.0,4.0,2024-01-10,Wednesday
1140,1141,182,8.0,7.0,2024-01-04,Thursday
1141,1142,160,6.0,10.0,2024-01-26,Friday
1142,1143,103,9.0,3.0,2024-01-10,Wednesday
1143,1144,237,18.0,3.0,2024-01-14,Sunday
1144,1145,161,17.0,6.0,2024-01-14,Sunday
1145,1146,287,1.0,7.0,2024-01-10,Wednesday
1146,1147,192,5.0,10.0,2024-01-10,Wednesday
1147,1148,65,13.0,1.0,2024-01-17,Wednesday
1148,1149,29,9.0,2.0,2024-01-10,Wednesday
1149,1150,32,4.0,10.0,2024-01-02,Tuesday
1150,1151,288,24.0,8.0,2024-01-21,Sunday
1151,1152,160,24.0,1.0,2024-01-07,Sunday
1152,1153,62,17.0,2.0,2024-01-01,Monday
1153,1154,29,4.0,5.0,2024-01-27,Saturday
1154,1155,134,20.0,8.0,2024-01-14,Sunday
1155,1156,73,24.0,4.0,2024-01-18,Thursday
1156,1157,149,22.0,2.0,2024-01-22,Monday
1157,1158,55,15.0,7.0,2024-01-10,Wednesday
1158,1159,6,19.0,5.0,2024-01-22,Monday
1159,1160,182,5.0,8.0,2024-01-01,Monday
1160,1161,258,7.0,6.0,2024-01-17,Wednesday
1161,1162,181,21.0,10.0,2024-01-26,Friday
1162,1163,156,13.0,2.0,2024-01-13,Saturday
1163,1164,93,19.0,9.0,2024-01-05,Friday
1164,1165,298,12.0,10.0,2024-01-02,Tuesday
1165,1166,82,8.0,2.0,2024-01-22,Monday
1166,1167,122,4.0,3.0,2024-01-14,Sunday
1167,1168,129,4.0,1.0,2024-01-25,Thursday
1168,1169,16,6.0,6.0,2024-01-05,Friday
1169,1170,103,7.0,5.0,2024-01-08,Monday
1170,1171,271,7.0,2.0,2024-01-22,Monday
1171,1172,72,1.0,6.0,2024-01-28,Sunday
1172,1173,271,16.0,4.0,2024-01-16,Tuesday
1173,1174,287,5.0,2.0,2024-01-28,Sunday
1174,1175,265,10.0,2.0,2024-01-20,Saturday
1175,1176,149,9.0,7.0,2024-01-28,Sunday
1176,1177,274,19.0,4.0,2024-01-17,Wednesday
1177,1178,280,23.0,2.0,2024-01-09,Tuesday
1178,1179,216,9.0,4.0,2024-01-05,Friday
1179,1180,169,25.0,1.0,2024-01-19,Friday
1180,1181,19,12.0,2.0,2024-01-20,Saturday
1181,1182,246,5.0,5.0,2024-01-16,Tuesday
1182,1183,221,16.0,5.0,2024-01-08,Monday
1183,1184,29,1.0,4.0,2024-01-22,Monday
1184,1185,247,2.0,7.0,2024-01-14,Sunday
1185,1186,60,15.0,2.0,2024-01-12,Friday
1186,1187,30,8.0,4.0,2024-01-14,Sunday
1187,1188,275,19.0,1.0,2024-01-24,Wednesday
1188,1189,30,5.0,8.0,2024-01-12,Friday
1189,1190,150,5.0,10.0,2024-01-22,Monday
1190,1191,279,7.0,8.0,2024-01-28,Sunday
1191,1192,188,25.0,9.0,2024-01-17,Wednesday
1192,1193,278,17.0,2.0,2024-01-23,Tuesday
1193,1194,41,7.0,3.0,2024-01-10,Wednesday
1194,1195,191,24.0,3.0,2024-01-15,Monday
1195,1196,59,1.0,8.0,2024-01-19,Friday
1196,1197,44,2.0,5.0,2024-01-01,Monday
1197,1198,23,8.0,4.0,2024-01-18,Thursday
1198,1199,278,25.0,6.0,2024-01-25,Thursday
1199,1200,135,25.0,10.0,2024-01-24,Wednesday
1200,1201,219,24.0,1.0,2024-01-24,Wednesday
1201,1202,274,15.0,7.0,2024-01-17,Wednesday
1202,1203,240,24.0,4.0,2024-01-26,Friday
1203,1204,128,25.0,9.0,2024-01-02,Tuesday
1204,1205,129,21.0,10.0,2024-01-22,Monday
1206,1207,285,7.0,7.0,2024-01-09,Tuesday
1207,1208,33,15.0,3.0,2024-01-09,Tuesday
1208,1209,90,5.0,10.0,2024-01-21,Sunday
1209,1210,260,15.0,10.0,2024-01-08,Monday
1210,1211,133,9.0,1.0,2024-01-12,Friday
1211,1212,121,12.0,2.0,2024-01-17,Wednesday
1212,1213,293,12.0,7.0,2024-01-10,Wednesday
1213,1214,185,11.0,7.0,2024-01-10,Wednesday
1214,1215,23,10.0,3.0,2024-01-20,Saturday
1215,1216,261,19.0,6.0,2024-01-19,Friday
1216,1217,77,13.0,2.0,2024-01-08,Monday
1217,1218,281,24.0,7.0,2024-01-17,Wednesday
1218,1219,269,17.0,8.0,2024-01-19,Friday
1219,1220,125,25.0,6.0,2024-01-04,Thursday
1220,1221,210,12.0,2.0,2024-01-12,Friday
1221,1222,230,14.0,4.0,2024-01-05,Friday
1222,1223,209,22.0,10.0,2024-01-26,Friday
1223,1224,42,14.0,7.0,2024-01-16,Tuesday
1224,1225,93,15.0,1.0,2024-01-25,Thursday
1225,1226,52,5.0,1.0,2024-01-06,Saturday
1226,1227,272,13.0,7.0,2024-01-18,Thursday
1227,1228,173,11.0,10.0,2024-01-24,Wednesday
1228,1229,182,15.0,7.0,2024-01-14,Sunday
1229,1230,69,24.0,3.0,2024-01-27,Saturday
1230,1231,4,19.0,10.0,2024-01-13,Saturday
1231,1232,144,25.0,2.0,2024-01-02,Tuesday
1232,1233,297,17.0,7.0,2024-01-25,Thursday
1233,1234,108,14.0,9.0,2024-01-11,Thursday
1234,1235,61,10.0,5.0,2024-01-06,Saturday
1235,1236,55,8.0,5.0,2024-01-27,Saturday
1237,1238,145,19.0,7.0,2024-01-27,Saturday
1238,1239,62,15.0,7.0,2024-01-05,Friday
1239,1240,60,12.0,2.0,2024-01-03,Wednesday
1240,1241,142,15.0,9.0,2024-01-23,Tuesday
1241,1242,222,4.0,9.0,2024-01-22,Monday
1242,1243,5,8.0,3.0,2024-01-08,Monday
1243,1244,78,16.0,3.0,2024-01-07,Sunday
1245,1246,20,14.0,5.0,2024-01-08,Monday
1246,1247,93,10.0,4.0,2024-01-16,Tuesday
1247,1248,183,18.0,8.0,2024-01-25,Thursday
1248,1249,229,11.0,4.0,2024-01-15,Monday
1249,1250,178,23.0,7.0,2024-01-16,Tuesday
1250,1251,211,22.0,4.0,2024-01-07,Sunday
1251,1252,32,18.0,6.0,2024-01-13,Saturday
1252,1253,134,2.0,5.0,2024-01-21,Sunday
1253,1254,210,8.0,10.0,2024-01-25,Thursday
1254,1255,169,5.0,10.0,2024-01-01,Monday
1255,1256,171,12.0,9.0,2024-01-07,Sunday
1256,1257,81,18.0,7.0,2024-01-26,Friday
1257,1258,212,7.0,9.0,2024-01-02,Tuesday
1258,1259,270,4.0,9.0,2024-01-06,Saturday
1259,1260,127,2.0,5.0,2024-01-13,Saturday
1260,1261,139,3.0,2.0,2024-01-25,Thursday
1261,1262,278,20.0,3.0,2024-01-13,Saturday
1262,1263,160,11.0,7.0,2024-01-09,Tuesday
1263,1264,296,16.0,7.0,2024-01-14,Sunday
1264,1265,274,17.0,4.0,2024-01-24,Wednesday
1265,1266,280,23.0,2.0,2024-01-01,Monday
1266,1267,190,16.0,10.0,2024-01-05,Friday
1267,1268,49,18.0,3.0,2024-01-19,Friday
1268,1269,243,17.0,10.0,2024-01-16,Tuesday
1269,1270,173,5.0,1.0,2024-01-14,Sunday
1270,1271,108,25.0,9.0,2024-01-11,Thursday
1271,1272,237,23.0,8.0,2024-01-24,Wednesday
1272,1273,40,13.0,3.0,2024-01-24,Wednesday
1273,1274,59,2.0,7.0,2024-01-17,Wednesday
1275,1276,139,17.0,6.0,2024-01-21,Sunday
1276,1277,105,20.0,6.0,2024-01-15,Monday
1277,1278,70,6.0,9.0,2024-01-11,Thursday
1278,1279,35,1.0,5.0,2024-01-04,Thursday
1279,1280,32,20.0,8.0,2024-01-21,Sunday
1280,1281,8,7.0,5.0,2024-01-14,Sunday
1281,1282,207,9.0,9.0,2024-01-03,Wednesday
1282,1283,111,9.0,3.0,2024-01-26,Friday
1283,1284,197,11.0,10.0,2024-01-09,Tuesday
1286,1287,262,15.0,7.0,2024-01-17,Wednesday
1287,1288,202,13.0,7.0,2024-01-27,Saturday
1288,1289,110,6.0,5.0,2024-01-18,Thursday
1289,1290,129,22.0,2.0,2024-01-12,Friday
1290,1291,239,25.0,6.0,2024-01-18,Thursday
1291,1292,98,13.0,6.0,2024-01-01,Monday
1292,1293,100,1.0,10.0,2024-01-12,Friday
1293,1294,7,20.0,5.0,2024-01-16,Tuesday
1294,1295,130,9.0,1.0,2024-01-28,Sunday
1295,1296,233,16.0,3.0,2024-01-25,Thursday
1296,1297,190,1.0,10.0,2024-01-24,Wednesday
1297,1298,43,14.0,2.0,2024-01-02,Tuesday
1298,1299,143,7.0,10.0,2024-01-22,Monday
1299,1300,87,19.0,6.0,2024-01-13,Saturday
1300,1301,32,3.0,4.0,2024-01-24,Wednesday
1301,1302,23,9.0,10.0,2024-01-06,Saturday
1302,1303,2,10.0,5.0,2024-01-15,Monday
1303,1304,290,15.0,2.0,2024-01-24,Wednesday
1304,1305,11,25.0,3.0,2024-01-12,Friday
1305,1306,127,10.0,4.0,2024-01-10,Wednesday
1306,1307,92,9.0,3.0,2024-01-27,Saturday
1307,1308,91,10.0,5.0,2024-01-16,Tuesday
1308,1309,268,15.0,3.0,2024-01-13,Saturday
1309,1310,223,12.0,5.0,2024-01-17,Wednesday
1310,1311,138,3.0,9.0,2024-01-15,Monday
1311,1312,265,22.0,3.0,2024-01-11,Thursday
1312,1313,18,11.0,2.0,2024-01-01,Monday
1313,1314,173,21.0,2.0,2024-01-06,Saturday
1314,1315,12,15.0,10.0,2024-01-14,Sunday
1315,1316,125,9.0,6.0,2024-01-13,Saturday
1316,1317,120,25.0,9.0,2024-01-09,Tuesday
1317,1318,15,6.0,9.0,2024-01-20,Saturday
1318,1319,102,19.0,3.0,2024-01-02,Tuesday
1319,1320,73,12.0,8.0,2024-01-22,Monday
1320,1321,155,10.0,2.0,2024-01-14,Sunday
1322,1323,109,16.0,7.0,2024-01-25,Thursday
1323,1324,163,25.0,3.0,2024-01-10,Wednesday
1324,1325,218,20.0,7.0,2024-01-22,Monday
1325,1326,114,20.0,3.0,2024-01-11,Thursday
1326,1327,204,3.0,4.0,2024-01-07,Sunday
1327,1328,197,21.0,3.0,2024-01-13,Saturday
1328,1329,134,14.0,3.0,2024-01-27,Saturday
1329,1330,178,22.0,2.0,2024-01-26,Friday
1330,1331,164,5.0,10.0,2024-01-01,Monday
1331,1332,206,14.0,1.0,2024-01-21,Sunday
1332,1333,231,17.0,6.0,2024-01-28,Sunday
1333,1334,92,14.0,9.0,2024-01-03,Wednesday
1334,1335,133,7.0,9.0,2024-01-15,Monday
1335,1336,21,4.0,8.0,2024-01-20,Saturday
1336,1337,173,22.0,5.0,2024-01-09,Tuesday
1337,1338,9,15.0,6.0,2024-01-04,Thursday
1338,1339,203,8.0,3.0,2024-01-24,Wednesday
1339,1340,141,12.0,8.0,2024-01-27,Saturday
1340,1341,269,19.0,8.0,2024-01-02,Tuesday
1341,1342,52,13.0,9.0,2024-01-21,Sunday
1342,1343,12,6.0,5.0,2024-01-03,Wednesday
1343,1344,60,7.0,10.0,2024-01-17,Wednesday
1344,1345,26,12.0,10.0,2024-01-14,Sunday
1345,1346,96,9.0,9.0,2024-01-06,Saturday
1346,1347,209,7.0,1.0,2024-01-09,Tuesday
1347,1348,163,4.0,4.0,2024-01-08,Monday
1348,1349,236,19.0,7.0,2024-01-13,Saturday
1349,1350,176,11.0,6.0,2024-01-15,Monday
1350,1351,273,23.0,3.0,2024-01-02,Tuesday
1351,1352,41,21.0,8.0,2024-01-07,Sunday
1352,1353,156,10.0,6.0,2024-01-05,Friday
1353,1354,181,19.0,7.0,2024-01-25,Thursday
1354,1355,252,8.0,7.0,2024-01-20,Saturday
1355,1356,203,7.0,4.0,2024-01-06,Saturday
1356,1357,206,18.0,7.0,2024-01-20,Saturday
1357,1358,55,22.0,6.0,2024-01-08,Monday
1358,1359,238,10.0,8.0,2024-01-13,Saturday
1359,1360,172,25.0,8.0,2024-01-04,Thursday
1360,1361,215,14.0,4.0,2024-01-05,Friday
1361,1362,42,20.0,10.0,2024-01-11,Thursday
1362,1363,242,22.0,2.0,2024-01-20,Saturday
1363,1364,283,17.0,4.0,2024-01-12,Friday
1364,1365,242,23.0,4.0,2024-01-01,Monday
1365,1366,126,22.0,10.0,2024-01-06,Saturday
1366,1367,57,20.0,6.0,2024-01-08,Monday
1367,1368,4,24.0,1.0,2024-01-17,Wednesday
1368,1369,37,14.0,5.0,2024-01-23,Tuesday
1369,1370,274,23.0,1.0,2024-01-02,Tuesday
1370,1371,21,12.0,7.0,2024-01-21,Sunday
1371,1372,54,5.0,5.0,2024-01-26,Friday
1372,1373,212,22.0,6.0,2024-01-16,Tuesday
1373,1374,38,15.0,8.0,2024-01-11,Thursday
1374,1375,231,23.0,5.0,2024-01-25,Thursday
1375,1376,14,8.0,6.0,2024-01-10,Wednesday
1376,1377,157,16.0,8.0,2024-01-26,Friday
1377,1378,150,13.0,5.0,2024-01-07,Sunday
1378,1379,7,9.0,6.0,2024-01-17,Wednesday
1379,1380,88,12.0,3.0,2024-01-17,Wednesday
1380,1381,249,21.0,3.0,2024-01-16,Tuesday
1381,1382,34,11.0,4.0,2024-01-09,Tuesday
1382,1383,62,21.0,4.0,2024-01-21,Sunday
1383,1384,269,8.0,4.0,2024-01-21,Sunday
1384,1385,35,9.0,9.0,2024-01-18,Thursday
1385,1386,29,15.0,10.0,2024-01-26,Friday
1386,1387,126,8.0,8.0,2024-01-09,Tuesday
1387,1388,98,24.0,2.0,2024-01-10,Wednesday
1388,1389,300,25.0,10.0,2024-01-26,Friday
1389,1390,38,7.0,8.0,2024-01-07,Sunday
1391,1392,100,19.0,10.0,2024-01-09,Tuesday
1392,1393,253,21.0,3.0,2024-01-10,Wednesday
1393,1394,273,8.0,6.0,2024-01-10,Wednesday
1394,1395,94,16.0,1.0,2024-01-16,Tuesday
1395,1396,222,22.0,5.0,2024-01-11,Thursday
1396,1397,94,7.0,2.0,2024-01-17,Wednesday
1397,1398,242,4.0,5.0,2024-01-22,Monday
1398,1399,203,6.0,3.0,2024-01-17,Wednesday
1399,1400,214,25.0,5.0,2024-01-28,Sunday
1400,1401,157,11.0,6.0,2024-01-10,Wednesday
1401,1402,214,1.0,7.0,2024-01-21,Sunday
1402,1403,141,1.0,4.0,2024-01-10,Wednesday
1403,1404,219,13.0,6.0,2024-01-26,Friday
1404,1405,141,4.0,2.0,2024-01-16,Tuesday
1405,1406,24,25.0,7.0,2024-01-16,Tuesday
1406,1407,193,2.0,2.0,2024-01-18,Thursday
1407,1408,57,16.0,3.0,2024-01-25,Thursday
1408,1409,78,19.0,5.0,2024-01-15,Monday
1409,1410,134,18.0,9.0,2024-01-05,Friday
1410,1411,161,12.0,8.0,2024-01-11,Thursday
1411,1412,171,7.0,5.0,2024-01-01,Monday
1412,1413,219,13.0,8.0,2024-01-02,Tuesday
1413,1414,9,19.0,7.0,2024-01-28,Sunday
1414,1415,252,10.0,10.0,2024-01-03,Wednesday
1415,1416,58,18.0,3.0,2024-01-03,Wednesday
1416,1417,98,25.0,2.0,2024-01-09,Tuesday
1417,1418,78,21.0,6.0,2024-01-11,Thursday
1419,1420,166,14.0,3.0,2024-01-22,Monday
1420,1421,103,25.0,10.0,2024-01-23,Tuesday
1421,1422,76,7.0,5.0,2024-01-20,Saturday
1422,1423,66,18.0,6.0,2024-01-11,Thursday
1423,1424,104,10.0,3.0,2024-01-07,Sunday
1424,1425,226,4.0,7.0,2024-01-28,Sunday
1425,1426,229,15.0,7.0,2024-01-19,Friday
1426,1427,90,17.0,10.0,2024-01-25,Thursday
1427,1428,184,24.0,6.0,2024-01-03,Wednesday
1428,1429,131,17.0,2.0,2024-01-13,Saturday
1429,1430,52,12.0,6.0,2024-01-14,Sunday
1430,1431,118,23.0,2.0,2024-01-16,Tuesday
1431,1432,141,24.0,6.0,2024-01-06,Saturday
1432,1433,80,5.0,8.0,2024-01-26,Friday
1433,1434,151,12.0,10.0,2024-01-06,Saturday
1434,1435,78,24.0,3.0,2024-01-26,Friday
1435,1436,157,13.0,6.0,2024-01-11,Thursday
1436,1437,14,11.0,1.0,2024-01-28,Sunday
1437,1438,277,13.0,10.0,2024-01-04,Thursday
1438,1439,115,3.0,7.0,2024-01-16,Tuesday
1439,1440,275,15.0,3.0,2024-01-01,Monday
1440,1441,132,5.0,6.0,2024-01-20,Saturday
1441,1442,253,24.0,10.0,2024-01-05,Friday
1442,1443,43,24.0,2.0,2024-01-20,Saturday
1443,1444,95,24.0,5.0,2024-01-22,Monday
1444,1445,137,25.0,3.0,2024-01-05,Friday
1445,1446,18,24.0,7.0,2024-01-06,Saturday
1446,1447,18,8.0,3.0,2024-01-16,Tuesday
1447,1448,296,13.0,8.0,2024-01-09,Tuesday
1448,1449,144,21.0,9.0,2024-01-06,Saturday
1449,1450,250,25.0,9.0,2024-01-28,Sunday
1450,1451,33,12.0,7.0,2024-01-05,Friday
1451,1452,57,4.0,9.0,2024-01-12,Friday
1452,1453,43,17.0,3.0,2024-01-17,Wednesday
1453,1454,114,25.0,1.0,2024-01-17,Wednesday
1454,1455,272,17.0,1.0,2024-01-08,Monday
1455,1456,86,12.0,3.0,2024-01-21,Sunday
1456,1457,78,18.0,10.0,2024-01-02,Tuesday
1457,1458,152,13.0,9.0,2024-01-15,Monday
1458,1459,154,1.0,2.0,2024-01-10,Wednesday
1459,1460,35,2.0,7.0,2024-01-06,Saturday
1460,1461,125,13.0,3.0,2024-01-07,Sunday
1461,1462,116,9.0,3.0,2024-01-24,Wednesday
1462,1463,106,15.0,3.0,2024-01-01,Monday
1463,1464,269,4.0,10.0,2024-01-10,Wednesday
1464,1465,233,5.0,2.0,2024-01-24,Wednesday
1465,1466,21,13.0,5.0,2024-01-19,Friday
1466,1467,250,25.0,5.0,2024-01-24,Wednesday
1467,1468,186,8.0,8.0,2024-01-14,Sunday
1468,1469,144,24.0,5.0,2024-01-11,Thursday
1469,1470,183,3.0,1.0,2024-01-08,Monday
1470,1471,223,22.0,5.0,2024-01-23,Tuesday
1471,1472,290,13.0,10.0,2024-01-13,Saturday
1472,1473,56,19.0,2.0,2024-01-25,Thursday
1473,1474,216,13.0,1.0,2024-01-28,Sunday
1474,1475,20,13.0,7.0,2024-01-19,Friday
1475,1476,169,4.0,5.0,2024-01-24,Wednesday
1476,1477,184,22.0,6.0,2024-01-09,Tuesday
1477,1478,235,23.0,5.0,2024-01-18,Thursday
1478,1479,165,24.0,7.0,2024-01-06,Saturday
1479,1480,171,12.0,10.0,2024-01-08,Monday
1480,1481,47,21.0,7.0,2024-01-06,Saturday
1481,1482,249,12.0,6.0,2024-01-25,Thursday
1482,1483,9,4.0,4.0,2024-01-23,Tuesday
1483,1484,287,18.0,3.0,2024-01-07,Sunday
1484,1485,208,9.0,3.0,2024-01-13,Saturday
1485,1486,151,20.0,10.0,2024-01-08,Monday
1486,1487,281,5.0,5.0,2024-01-23,Tuesday
1487,1488,116,15.0,4.0,2024-01-01,Monday
1488,1489,225,14.0,9.0,2024-01-14,Sunday
1489,1490,205,21.0,10.0,2024-01-24,Wednesday
1490,1491,187,9.0,7.0,2024-01-08,Monday
1491,1492,69,11.0,4.0,2024-01-04,Thursday
1492,1493,260,23.0,8.0,2024-01-27,Saturday
1493,1494,284,8.0,8.0,2024-01-15,Monday
1494,1495,224,3.0,3.0,2024-01-21,Sunday
1495,1496,76,3.0,6.0,2024-01-19,Friday
1496,1497,15,23.0,10.0,2024-01-05,Friday
1497,1498,232,10.0,9.0,2024-01-08,Monday
1498,1499,209,5.0,9.0,2024-01-28,Sunday
1499,1500,28,23.0,6.0,2024-01-03,Wednesday
1500,1501,83,24.0,4.0,2024-01-25,Thursday
1501,1502,16,21.0,8.0,2024-01-04,Thursday
1502,1503,199,14.0,7.0,2024-01-11,Thursday
1503,1504,91,23.0,7.0,2024-01-06,Saturday
1504,1505,180,21.0,2.0,2024-01-17,Wednesday
1505,1506,32,18.0,1.0,2024-01-01,Monday
1506,1507,3,11.0,7.0,2024-01-19,Friday
1507,1508,89,7.0,10.0,2024-01-12,Friday
1508,1509,80,20.0,6.0,2024-01-23,Tuesday
1509,1510,260,5.0,8.0,2024-01-18,Thursday
1510,1511,62,10.0,5.0,2024-01-19,Friday
1511,1512,255,7.0,10.0,2024-01-11,Thursday
1512,1513,281,13.0,8.0,2024-01-03,Wednesday
1513,1514,123,16.0,4.0,2024-01-02,Tuesday
1514,1515,51,17.0,2.0,2024-01-17,Wednesday
1515,1516,268,13.0,9.0,2024-01-05,Friday
1516,1517,219,13.0,7.0,2024-01-16,Tuesday
1517,1518,200,10.0,8.0,2024-01-25,Thursday
1518,1519,22,7.0,2.0,2024-01-19,Friday
1519,1520,25,18.0,1.0,2024-01-07,Sunday
1520,1521,223,24.0,9.0,2024-01-12,Friday
1521,1522,110,4.0,8.0,2024-01-23,Tuesday
1522,1523,254,7.0,10.0,2024-01-13,Saturday
1523,1524,149,1.0,4.0,2024-01-11,Thursday
1524,1525,117,12.0,7.0,2024-01-08,Monday
1525,1526,217,22.0,10.0,2024-01-10,Wednesday
1526,1527,140,14.0,1.0,2024-01-09,Tuesday
1527,1528,250,9.0,10.0,2024-01-02,Tuesday
1528,1529,115,3.0,2.0,2024-01-16,Tuesday
1529,1530,86,24.0,5.0,2024-01-23,Tuesday
1530,1531,146,19.0,5.0,2024-01-27,Saturday
1531,1532,45,18.0,8.0,2024-01-02,Tuesday
1532,1533,118,2.0,7.0,2024-01-26,Friday
1533,1534,190,15.0,3.0,2024-01-22,Monday
1534,1535,97,25.0,4.0,2024-01-01,Monday
1535,1536,129,6.0,6.0,2024-01-02,Tuesday
1536,1537,150,17.0,2.0,2024-01-11,Thursday
1537,1538,226,3.0,4.0,2024-01-06,Saturday
1538,1539,30,4.0,2.0,2024-01-20,Saturday
1539,1540,165,12.0,1.0,2024-01-08,Monday
1540,1541,2,19.0,1.0,2024-01-04,Thursday
1541,1542,19,19.0,9.0,2024-01-16,Tuesday
1542,1543,145,22.0,10.0,2024-01-08,Monday
1543,1544,177,21.0,8.0,2024-01-15,Monday
1544,1545,74,10.0,3.0,2024-01-09,Tuesday
1545,1546,11,14.0,5.0,2024-01-23,Tuesday
1546,1547,206,5.0,6.0,2024-01-14,Sunday
1547,1548,199,15.0,6.0,2024-01-05,Friday
1548,1549,112,23.0,4.0,2024-01-24,Wednesday
1549,1550,238,18.0,7.0,2024-01-13,Saturday
1550,1551,232,10.0,10.0,2024-01-11,Thursday
1551,1552,197,17.0,7.0,2024-01-23,Tuesday
1552,1553,89,9.0,10.0,2024-01-19,Friday
1553,1554,211,11.0,8.0,2024-01-25,Thursday
1554,1555,272,24.0,1.0,2024-01-03,Wednesday
1555,1556,28,11.0,2.0,2024-01-07,Sunday
1556,1557,158,3.0,6.0,2024-01-27,Saturday
1557,1558,90,10.0,5.0,2024-01-05,Friday
1558,1559,210,6.0,9.0,2024-01-09,Tuesday
1559,1560,59,22.0,3.0,2024-01-02,Tuesday
1560,1561,195,16.0,3.0,2024-01-27,Saturday
1561,1562,293,6.0,8.0,2024-01-22,Monday
1562,1563,44,12.0,2.0,2024-01-22,Monday
1563,1564,101,21.0,6.0,2024-01-26,Friday
1564,1565,254,1.0,10.0,2024-01-06,Saturday
1565,1566,263,9.0,9.0,2024-01-11,Thursday
1566,1567,123,23.0,5.0,2024-01-11,Thursday
1567,1568,235,22.0,2.0,2024-01-28,Sunday
1568,1569,294,1.0,5.0,2024-01-13,Saturday
1569,1570,139,23.0,7.0,2024-01-28,Sunday
1570,1571,176,5.0,6.0,2024-01-16,Tuesday
1571,1572,231,22.0,2.0,2024-01-28,Sunday
1572,1573,66,25.0,2.0,2024-01-03,Wednesday
1573,1574,45,3.0,1.0,2024-01-11,Thursday
1574,1575,80,19.0,8.0,2024-01-22,Monday
1575,1576,72,7.0,2.0,2024-01-03,Wednesday
1576,1577,120,7.0,1.0,2024-01-21,Sunday
1577,1578,102,23.0,8.0,2024-01-10,Wednesday
1578,1579,32,15.0,3.0,2024-01-07,Sunday
1579,1580,295,7.0,2.0,2024-01-06,Saturday
1580,1581,117,6.0,7.0,2024-01-20,Saturday
1581,1582,112,14.0,5.0,2024-01-17,Wednesday
1582,1583,129,10.0,3.0,2024-01-12,Friday
1583,1584,221,3.0,8.0,2024-01-03,Wednesday
1584,1585,186,23.0,10.0,2024-01-09,Tuesday
1585,1586,184,24.0,8.0,2024-01-16,Tuesday
1586,1587,98,8.0,10.0,2024-01-14,Sunday
1587,1588,207,15.0,8.0,2024-01-25,Thursday
1588,1589,72,11.0,7.0,2024-01-13,Saturday
1589,1590,89,5.0,10.0,2024-01-01,Monday
1590,1591,173,7.0,1.0,2024-01-27,Saturday
1591,1592,117,7.0,8.0,2024-01-14,Sunday
1592,1593,31,12.0,2.0,2024-01-16,Tuesday
1593,1594,266,16.0,4.0,2024-01-10,Wednesday
1594,1595,160,22.0,10.0,2024-01-05,Friday
1595,1596,192,23.0,3.0,2024-01-03,Wednesday
1596,1597,190,14.0,4.0,2024-01-08,Monday
1597,1598,244,9.0,9.0,2024-01-23,Tuesday
1598,1599,165,21.0,10.0,2024-01-19,Friday
1599,1600,128,16.0,10.0,2024-01-17,Wednesday
1600,1601,76,20.0,6.0,2024-01-20,Saturday
1601,1602,137,3.0,8.0,2024-01-25,Thursday
1603,1604,75,9.0,6.0,2024-01-18,Thursday
1604,1605,97,20.0,10.0,2024-01-24,Wednesday
1605,1606,259,10.0,4.0,2024-01-27,Saturday
1606,1607,105,5.0,5.0,2024-01-25,Thursday
1607,1608,76,15.0,7.0,2024-01-25,Thursday
1608,1609,234,9.0,4.0,2024-01-06,Saturday
1609,1610,9,4.0,1.0,2024-01-12,Friday
1610,1611,193,18.0,1.0,2024-01-13,Saturday
1611,1612,18,21.0,5.0,2024-01-02,Tuesday
1612,1613,68,16.0,2.0,2024-01-04,Thursday
1613,1614,121,3.0,6.0,2024-01-14,Sunday
1614,1615,206,18.0,1.0,2024-01-13,Saturday
1615,1616,46,7.0,8.0,2024-01-28,Sunday
1616,1617,286,1.0,1.0,2024-01-16,Tuesday
1617,1618,113,25.0,4.0,2024-01-05,Friday
1618,1619,203,1.0,9.0,2024-01-22,Monday
1619,1620,35,2.0,4.0,2024-01-19,Friday
1620,1621,42,19.0,6.0,2024-01-13,Saturday
1621,1622,145,9.0,9.0,2024-01-27,Saturday
1622,1623,172,7.0,6.0,2024-01-21,Sunday
1623,1624,263,25.0,7.0,2024-01-13,Saturday
1624,1625,106,7.0,10.0,2024-01-23,Tuesday
1625,1626,156,12.0,8.0,2024-01-19,Friday
1626,1627,112,17.0,1.0,2024-01-06,Saturday
1627,1628,199,24.0,6.0,2024-01-25,Thursday
1628,1629,288,20.0,5.0,2024-01-08,Monday
1629,1630,1,1.0,10.0,2024-01-09,Tuesday
1630,1631,196,24.0,10.0,2024-01-12,Friday
1631,1632,217,24.0,6.0,2024-01-01,Monday
1632,1633,62,10.0,3.0,2024-01-26,Friday
1633,1634,16,16.0,3.0,2024-01-08,Monday
1634,1635,286,9.0,5.0,2024-01-03,Wednesday
1635,1636,34,13.0,7.0,2024-01-27,Saturday
1636,1637,7,19.0,1.0,2024-01-09,Tuesday
1637,1638,104,9.0,1.0,2024-01-07,Sunday
1638,1639,1,21.0,1.0,2024-01-14,Sunday
1639,1640,119,23.0,1.0,2024-01-12,Friday
1640,1641,84,12.0,6.0,2024-01-11,Thursday
1641,1642,90,19.0,7.0,2024-01-25,Thursday
1642,1643,254,22.0,9.0,2024-01-03,Wednesday
1643,1644,171,12.0,8.0,2024-01-22,Monday
1644,1645,260,21.0,3.0,2024-01-27,Saturday
1645,1646,294,5.0,4.0,2024-01-27,Saturday
1646,1647,257,18.0,1.0,2024-01-09,Tuesday
1647,1648,85,24.0,4.0,2024-01-16,Tuesday
1648,1649,192,18.0,7.0,2024-01-08,Monday
1649,1650,55,8.0,8.0,2024-01-25,Thursday
1650,1651,259,4.0,8.0,2024-01-10,Wednesday
1651,1652,108,18.0,2.0,2024-01-01,Monday
1652,1653,62,7.0,3.0,2024-01-03,Wednesday
1653,1654,217,12.0,7.0,2024-01-11,Thursday
1654,1655,220,20.0,10.0,2024-01-19,Friday
1655,1656,252,2.0,8.0,2024-01-23,Tuesday
1656,1657,276,25.0,2.0,2024-01-12,Friday
1657,1658,14,13.0,1.0,2024-01-03,Wednesday
1658,1659,43,8.0,2.0,2024-01-08,Monday
1659,1660,166,10.0,9.0,2024-01-07,Sunday
1660,1661,66,19.0,1.0,2024-01-17,Wednesday
1661,1662,290,13.0,9.0,2024-01-19,Friday
1662,1663,90,15.0,5.0,2024-01-20,Saturday
1663,1664,80,3.0,4.0,2024-01-13,Saturday
1664,1665,91,25.0,7.0,2024-01-11,Thursday
1665,1666,253,8.0,8.0,2024-01-04,Thursday
1666,1667,289,1.0,8.0,2024-02-14,Wednesday
1667,1668,269,23.0,6.0,2024-02-16,Friday
1668,1669,224,18.0,7.0,2024-02-22,Thursday
1669,1670,125,5.0,2.0,2024-02-06,Tuesday
1670,1671,280,12.0,9.0,2024-02-26,Monday
1671,1672,60,18.0,1.0,2024-02-05,Monday
1672,1673,191,2.0,9.0,2024-02-22,Thursday
1673,1674,156,5.0,6.0,2024-02-26,Monday
1674,1675,245,16.0,4.0,2024-02-21,Wednesday
1675,1676,37,5.0,3.0,2024-02-25,Sunday
1676,1677,38,19.0,3.0,2024-02-27,Tuesday
1677,1678,135,14.0,1.0,2024-02-11,Sunday
1678,1679,192,13.0,8.0,2024-02-24,Saturday
1679,1680,261,14.0,3.0,2024-02-16,Friday
1680,1681,16,14.0,2.0,2024-02-25,Sunday
1681,1682,190,9.0,7.0,2024-02-11,Sunday
1682,1683,168,10.0,8.0,2024-02-28,Wednesday
1683,1684,287,22.0,10.0,2024-02-05,Monday
1684,1685,251,11.0,9.0,2024-02-09,Friday
1685,1686,148,20.0,9.0,2024-02-11,Sunday
1686,1687,179,10.0,4.0,2024-02-14,Wednesday
1687,1688,97,25.0,10.0,2024-02-25,Sunday
1688,1689,186,23.0,9.0,2024-02-15,Thursday
1689,1690,150,21.0,4.0,2024-02-27,Tuesday
1690,1691,255,12.0,4.0,2024-02-19,Monday
1691,1692,131,20.0,2.0,2024-02-27,Tuesday
1692,1693,35,7.0,5.0,2024-02-18,Sunday
1693,1694,291,14.0,4.0,2024-02-21,Wednesday
1694,1695,244,14.0,7.0,2024-02-04,Sunday
1695,1696,28,2.0,2.0,2024-02-09,Friday
1696,1697,217,7.0,1.0,2024-02-01,Thursday
1697,1698,142,10.0,7.0,2024-02-20,Tuesday
1698,1699,283,12.0,4.0,2024-02-11,Sunday
1699,1700,197,7.0,9.0,2024-02-03,Saturday
1700,1701,139,16.0,2.0,2024-02-08,Thursday
1701,1702,89,8.0,5.0,2024-02-10,Saturday
1702,1703,198,15.0,4.0,2024-02-14,Wednesday
1703,1704,197,20.0,7.0,2024-02-07,Wednesday
1704,1705,269,11.0,6.0,2024-02-13,Tuesday
1705,1706,191,5.0,2.0,2024-02-13,Tuesday
1706,1707,112,11.0,6.0,2024-02-10,Saturday
1707,1708,241,1.0,10.0,2024-02-15,Thursday
1708,1709,293,12.0,6.0,2024-02-24,Saturday
1709,1710,224,9.0,6.0,2024-02-09,Friday
1710,1711,300,21.0,9.0,2024-02-28,Wednesday
1711,1712,196,12.0,1.0,2024-02-06,Tuesday
1712,1713,26,9.0,2.0,2024-02-05,Monday
1713,1714,143,6.0,4.0,2024-02-03,Saturday
1714,1715,27,19.0,3.0,2024-02-14,Wednesday
1715,1716,101,20.0,2.0,2024-02-27,Tuesday
1716,1717,237,18.0,6.0,2024-02-06,Tuesday
1717,1718,88,25.0,5.0,2024-02-17,Saturday
1718,1719,86,2.0,8.0,2024-02-28,Wednesday
1719,1720,143,15.0,4.0,2024-02-23,Friday
1720,1721,22,3.0,7.0,2024-02-17,Saturday
1721,1722,203,18.0,9.0,2024-02-15,Thursday
1722,1723,182,20.0,10.0,2024-02-25,Sunday
1723,1724,86,17.0,8.0,2024-02-03,Saturday
1724,1725,153,4.0,10.0,2024-02-10,Saturday
1725,1726,102,25.0,1.0,2024-02-25,Sunday
1726,1727,72,21.0,5.0,2024-02-08,Thursday
1727,1728,205,15.0,8.0,2024-02-05,Monday
1728,1729,75,21.0,2.0,2024-02-15,Thursday
1729,1730,222,3.0,10.0,2024-02-18,Sunday
1730,1731,246,3.0,6.0,2024-02-17,Saturday
1731,1732,75,24.0,9.0,2024-02-07,Wednesday
1732,1733,230,13.0,6.0,2024-02-20,Tuesday
1733,1734,265,19.0,2.0,2024-02-14,Wednesday
1734,1735,281,24.0,10.0,2024-02-05,Monday
1735,1736,226,24.0,5.0,2024-02-07,Wednesday
1736,1737,202,8.0,1.0,2024-02-05,Monday
1737,1738,214,5.0,7.0,2024-02-07,Wednesday
1738,1739,34,6.0,1.0,2024-02-03,Saturday
1739,1740,85,22.0,8.0,2024-02-26,Monday
1740,1741,191,16.0,5.0,2024-02-27,Tuesday
1741,1742,168,17.0,3.0,2024-02-19,Monday
1742,1743,126,8.0,1.0,2024-02-17,Saturday
1743,1744,208,2.0,10.0,2024-02-04,Sunday
1744,1745,113,8.0,8.0,2024-02-23,Friday
1745,1746,205,14.0,10.0,2024-02-06,Tuesday
1746,1747,34,25.0,6.0,2024-02-13,Tuesday
1747,1748,243,1.0,6.0,2024-02-08,Thursday
1748,1749,203,19.0,4.0,2024-02-10,Saturday
1749,1750,173,6.0,10.0,2024-02-03,Saturday
1750,1751,5,5.0,9.0,2024-02-26,Monday
1751,1752,27,1.0,8.0,2024-02-27,Tuesday
1752,1753,183,22.0,10.0,2024-02-10,Saturday
1753,1754,299,3.0,1.0,2024-02-07,Wednesday
1754,1755,252,4.0,5.0,2024-02-17,Saturday
1755,1756,71,3.0,8.0,2024-02-21,Wednesday
1756,1757,255,20.0,4.0,2024-02-28,Wednesday
1757,1758,243,15.0,6.0,2024-02-21,Wednesday
1758,1759,121,10.0,6.0,2024-02-23,Friday
1759,1760,61,5.0,2.0,2024-02-24,Saturday
1760,1761,164,19.0,4.0,2024-02-04,Sunday
1761,1762,283,24.0,10.0,2024-02-16,Friday
1762,1763,201,7.0,6.0,2024-02-28,Wednesday
1763,1764,255,15.0,7.0,2024-02-15,Thursday
1764,1765,217,22.0,6.0,2024-02-28,Wednesday
1765,1766,85,9.0,7.0,2024-02-11,Sunday
1766,1767,123,17.0,10.0,2024-02-07,Wednesday
1767,1768,5,21.0,6.0,2024-02-12,Monday
1768,1769,257,7.0,4.0,2024-02-28,Wednesday
1769,1770,272,13.0,9.0,2024-02-20,Tuesday
1770,1771,21,15.0,10.0,2024-02-25,Sunday
1771,1772,10,14.0,10.0,2024-02-16,Friday
1772,1773,238,20.0,10.0,2024-02-19,Monday
1773,1774,20,8.0,10.0,2024-02-17,Saturday
1775,1776,280,14.0,1.0,2024-02-26,Monday
1776,1777,27,16.0,10.0,2024-02-10,Saturday
1777,1778,200,18.0,6.0,2024-02-01,Thursday
1778,1779,126,16.0,1.0,2024-02-24,Saturday
1779,1780,132,14.0,3.0,2024-02-06,Tuesday
1780,1781,148,10.0,9.0,2024-02-03,Saturday
1781,1782,2,8.0,2.0,2024-02-09,Friday
1782,1783,232,11.0,2.0,2024-02-18,Sunday
1783,1784,143,3.0,6.0,2024-02-13,Tuesday
1784,1785,129,24.0,1.0,2024-02-26,Monday
1785,1786,84,5.0,6.0,2024-02-18,Sunday
1786,1787,180,1.0,6.0,2024-02-14,Wednesday
1787,1788,207,7.0,3.0,2024-02-25,Sunday
1788,1789,117,22.0,8.0,2024-02-11,Sunday
1789,1790,22,2.0,8.0,2024-02-01,Thursday
1790,1791,174,14.0,1.0,2024-02-03,Saturday
1791,1792,267,18.0,2.0,2024-02-18,Sunday
1792,1793,175,4.0,10.0,2024-02-21,Wednesday
1793,1794,218,10.0,1.0,2024-02-10,Saturday
1794,1795,133,13.0,3.0,2024-02-03,Saturday
1795,1796,256,10.0,5.0,2024-02-10,Saturday
1796,1797,71,17.0,10.0,2024-02-04,Sunday
1797,1798,171,11.0,2.0,2024-02-26,Monday
1798,1799,160,25.0,9.0,2024-02-03,Saturday
1799,1800,296,23.0,9.0,2024-02-10,Saturday
1800,1801,21,10.0,7.0,2024-02-24,Saturday
1801,1802,3,4.0,8.0,2024-02-13,Tuesday
1802,1803,288,8.0,2.0,2024-02-19,Monday
1803,1804,9,16.0,4.0,2024-02-24,Saturday
1805,1806,97,16.0,9.0,2024-02-20,Tuesday
1806,1807,271,10.0,6.0,2024-02-14,Wednesday
1807,1808,128,20.0,2.0,2024-02-20,Tuesday
1808,1809,208,19.0,4.0,2024-02-19,Monday
1809,1810,62,22.0,4.0,2024-02-08,Thursday
1810,1811,203,5.0,4.0,2024-02-01,Thursday
1811,1812,8,14.0,2.0,2024-02-05,Monday
1812,1813,189,11.0,7.0,2024-02-09,Friday
1813,1814,75,7.0,7.0,2024-02-28,Wednesday
1815,1816,31,24.0,8.0,2024-02-04,Sunday
1816,1817,144,6.0,7.0,2024-02-25,Sunday
1817,1818,179,10.0,4.0,2024-02-09,Friday
1818,1819,139,6.0,8.0,2024-02-01,Thursday
1819,1820,197,8.0,9.0,2024-02-04,Sunday
1820,1821,131,23.0,2.0,2024-02-26,Monday
1821,1822,33,19.0,2.0,2024-02-26,Monday
1822,1823,285,20.0,10.0,2024-02-06,Tuesday
1823,1824,2,5.0,1.0,2024-02-18,Sunday
1824,1825,247,7.0,3.0,2024-02-25,Sunday
1825,1826,140,19.0,4.0,2024-02-20,Tuesday
1826,1827,195,16.0,10.0,2024-02-02,Friday
1827,1828,124,18.0,6.0,2024-02-18,Sunday
1828,1829,40,4.0,10.0,2024-02-28,Wednesday
1829,1830,240,14.0,9.0,2024-02-22,Thursday
1830,1831,70,8.0,4.0,2024-02-09,Friday
1831,1832,210,4.0,5.0,2024-02-07,Wednesday
1832,1833,61,3.0,5.0,2024-02-21,Wednesday
1833,1834,244,23.0,5.0,2024-02-23,Friday
1834,1835,251,7.0,7.0,2024-02-17,Saturday
1835,1836,143,1.0,7.0,2024-02-25,Sunday
1836,1837,14,24.0,2.0,2024-02-22,Thursday
1837,1838,81,8.0,1.0,2024-02-07,Wednesday
1838,1839,32,22.0,8.0,2024-02-04,Sunday
1839,1840,188,21.0,5.0,2024-02-23,Friday
1840,1841,243,13.0,1.0,2024-02-06,Tuesday
1841,1842,56,3.0,3.0,2024-02-04,Sunday
1842,1843,86,9.0,9.0,2024-02-17,Saturday
1843,1844,300,11.0,8.0,2024-02-18,Sunday
1844,1845,230,14.0,3.0,2024-02-09,Friday
1845,1846,11,7.0,7.0,2024-02-15,Thursday
1846,1847,60,23.0,3.0,2024-02-23,Friday
1847,1848,287,16.0,7.0,2024-02-24,Saturday
1848,1849,93,18.0,4.0,2024-02-02,Friday
1849,1850,38,8.0,9.0,2024-02-18,Sunday
1850,1851,282,5.0,3.0,2024-02-27,Tuesday
1851,1852,113,23.0,2.0,2024-02-03,Saturday
1852,1853,42,24.0,6.0,2024-02-28,Wednesday
1853,1854,6,25.0,1.0,2024-02-28,Wednesday
1854,1855,166,6.0,10.0,2024-02-16,Friday
1855,1856,276,21.0,6.0,2024-02-20,Tuesday
1856,1857,77,12.0,6.0,2024-02-17,Saturday
1857,1858,134,6.0,2.0,2024-02-22,Thursday
1858,1859,252,17.0,2.0,2024-02-10,Saturday
1859,1860,161,13.0,8.0,2024-02-01,Thursday
1860,1861,26,1.0,5.0,2024-02-21,Wednesday
1861,1862,265,9.0,9.0,2024-02-04,Sunday
1862,1863,138,17.0,4.0,2024-02-02,Friday
1863,1864,296,13.0,1.0,2024-02-16,Friday
1864,1865,211,20.0,10.0,2024-02-26,Monday
1865,1866,270,6.0,3.0,2024-02-02,Friday
1866,1867,130,17.0,2.0,2024-02-24,Saturday
1867,1868,133,21.0,3.0,2024-02-08,Thursday
1868,1869,97,17.0,2.0,2024-02-22,Thursday
1869,1870,152,24.0,3.0,2024-02-22,Thursday
1870,1871,82,1.0,4.0,2024-02-05,Monday
1871,1872,271,14.0,4.0,2024-02-09,Friday
1872,1873,200,10.0,7.0,2024-02-12,Monday
1873,1874,22,6.0,7.0,2024-02-12,Monday
1874,1875,151,7.0,1.0,2024-02-10,Saturday
1875,1876,149,17.0,10.0,2024-02-01,Thursday
1876,1877,189,8.0,9.0,2024-02-27,Tuesday
1877,1878,69,15.0,10.0,2024-02-23,Friday
1878,1879,30,10.0,4.0,2024-02-25,Sunday
1879,1880,270,9.0,10.0,2024-02-13,Tuesday
1880,1881,53,3.0,2.0,2024-02-15,Thursday
1881,1882,279,2.0,10.0,2024-02-03,Saturday
1882,1883,111,5.0,7.0,2024-02-02,Friday
1883,1884,40,3.0,10.0,2024-02-11,Sunday
1884,1885,257,14.0,9.0,2024-02-01,Thursday
1885,1886,95,7.0,1.0,2024-02-04,Sunday
1886,1887,282,5.0,10.0,2024-02-23,Friday
1887,1888,255,9.0,5.0,2024-02-24,Saturday
1888,1889,110,13.0,6.0,2024-02-02,Friday
1889,1890,64,17.0,10.0,2024-02-08,Thursday
1890,1891,176,1.0,10.0,2024-02-07,Wednesday
1891,1892,111,20.0,10.0,2024-02-15,Thursday
1892,1893,40,3.0,5.0,2024-02-28,Wednesday
1893,1894,275,14.0,1.0,2024-02-25,Sunday
1894,1895,203,14.0,7.0,2024-02-17,Saturday
1895,1896,66,14.0,1.0,2024-02-28,Wednesday
1896,1897,105,12.0,7.0,2024-02-27,Tuesday
1897,1898,79,22.0,8.0,2024-02-07,Wednesday
1898,1899,112,9.0,6.0,2024-02-17,Saturday
1899,1900,56,16.0,8.0,2024-02-05,Monday
1900,1901,136,10.0,1.0,2024-02-18,Sunday
1901,1902,271,15.0,4.0,2024-02-28,Wednesday
1902,1903,271,5.0,7.0,2024-02-12,Monday
1903,1904,53,22.0,6.0,2024-02-20,Tuesday
1904,1905,290,19.0,2.0,2024-02-06,Tuesday
1905,1906,232,9.0,10.0,2024-02-20,Tuesday
1906,1907,216,25.0,10.0,2024-02-25,Sunday
1907,1908,234,3.0,9.0,2024-02-12,Monday
1908,1909,292,8.0,3.0,2024-02-01,Thursday
1909,1910,292,20.0,4.0,2024-02-04,Sunday
1910,1911,115,10.0,3.0,2024-02-19,Monday
1911,1912,209,20.0,1.0,2024-02-13,Tuesday
1912,1913,214,1.0,8.0,2024-02-18,Sunday
1913,1914,267,20.0,4.0,2024-02-12,Monday
1914,1915,267,5.0,9.0,2024-02-10,Saturday
1915,1916,209,22.0,2.0,2024-02-19,Monday
1916,1917,282,5.0,7.0,2024-02-22,Thursday
1917,1918,48,18.0,7.0,2024-02-21,Wednesday
1918,1919,8,18.0,8.0,2024-02-27,Tuesday
1919,1920,98,17.0,6.0,2024-02-25,Sunday
1920,1921,137,13.0,9.0,2024-02-25,Sunday
1921,1922,21,1.0,3.0,2024-02-01,Thursday
1922,1923,201,13.0,2.0,2024-02-25,Sunday
1923,1924,42,22.0,4.0,2024-02-27,Tuesday
1924,1925,34,13.0,9.0,2024-02-03,Saturday
1925,1926,165,2.0,8.0,2024-02-21,Wednesday
1926,1927,227,21.0,7.0,2024-02-12,Monday
1927,1928,9,16.0,8.0,2024-02-06,Tuesday
1928,1929,72,24.0,7.0,2024-02-05,Monday
1929,1930,285,3.0,8.0,2024-02-13,Tuesday
1930,1931,290,23.0,10.0,2024-02-01,Thursday
1931,1932,274,9.0,2.0,2024-02-15,Thursday
1932,1933,161,12.0,3.0,2024-02-13,Tuesday
1933,1934,41,15.0,1.0,2024-02-06,Tuesday
1934,1935,84,1.0,7.0,2024-02-08,Thursday
1935,1936,163,5.0,8.0,2024-02-12,Monday
1936,1937,230,3.0,9.0,2024-02-02,Friday
1937,1938,297,11.0,1.0,2024-02-17,Saturday
1938,1939,49,14.0,5.0,2024-02-15,Thursday
1939,1940,53,13.0,8.0,2024-02-15,Thursday
1940,1941,263,6.0,3.0,2024-02-21,Wednesday
1941,1942,275,6.0,2.0,2024-02-14,Wednesday
1942,1943,252,24.0,10.0,2024-02-28,Wednesday
1943,1944,277,8.0,2.0,2024-02-22,Thursday
1944,1945,174,8.0,10.0,2024-02-01,Thursday
1945,1946,279,24.0,7.0,2024-02-04,Sunday
1946,1947,207,16.0,4.0,2024-02-26,Monday
1947,1948,187,25.0,1.0,2024-02-22,Thursday
1948,1949,179,11.0,3.0,2024-02-28,Wednesday
1949,1950,172,18.0,8.0,2024-02-13,Tuesday
1950,1951,268,21.0,3.0,2024-02-11,Sunday
1951,1952,21,18.0,10.0,2024-02-08,Thursday
1952,1953,148,18.0,1.0,2024-02-02,Friday
1953,1954,118,22.0,9.0,2024-02-23,Friday
1954,1955,150,21.0,3.0,2024-02-28,Wednesday
1955,1956,34,21.0,2.0,2024-02-18,Sunday
1956,1957,19,23.0,8.0,2024-02-08,Thursday
1957,1958,200,16.0,4.0,2024-02-06,Tuesday
1958,1959,232,9.0,7.0,2024-02-03,Saturday
1959,1960,237,16.0,10.0,2024-02-05,Monday
1960,1961,224,17.0,8.0,2024-02-27,Tuesday
1961,1962,101,16.0,1.0,2024-02-22,Thursday
1962,1963,96,22.0,4.0,2024-02-01,Thursday
1963,1964,200,13.0,10.0,2024-02-02,Friday
1964,1965,64,6.0,5.0,2024-02-24,Saturday
1965,1966,129,6.0,9.0,2024-02-07,Wednesday
1966,1967,151,6.0,4.0,2024-02-18,Sunday
1967,1968,201,8.0,4.0,2024-02-19,Monday
1968,1969,85,9.0,2.0,2024-02-06,Tuesday
1969,1970,248,6.0,6.0,2024-02-06,Tuesday
1970,1971,114,11.0,9.0,2024-02-04,Sunday
1971,1972,259,4.0,9.0,2024-02-01,Thursday
1972,1973,135,13.0,9.0,2024-02-25,Sunday
1973,1974,134,8.0,1.0,2024-02-04,Sunday
1974,1975,296,3.0,2.0,2024-02-06,Tuesday
1975,1976,268,23.0,6.0,2024-02-02,Friday
1976,1977,202,10.0,2.0,2024-02-11,Sunday
1977,1978,111,24.0,3.0,2024-02-27,Tuesday
1978,1979,269,4.0,4.0,2024-02-11,Sunday
1979,1980,137,5.0,2.0,2024-02-03,Saturday
1980,1981,182,6.0,8.0,2024-02-04,Sunday
1981,1982,288,2.0,10.0,2024-02-16,Friday
1982,1983,185,5.0,4.0,2024-02-28,Wednesday
1983,1984,71,11.0,9.0,2024-02-14,Wednesday
1984,1985,299,17.0,7.0,2024-02-15,Thursday
1985,1986,71,16.0,6.0,2024-02-22,Thursday
1986,1987,217,12.0,6.0,2024-02-10,Saturday
1987,1988,61,3.0,7.0,2024-02-28,Wednesday
1988,1989,21,2.0,3.0,2024-02-08,Thursday
1989,1990,38,8.0,3.0,2024-02-27,Tuesday
1991,1992,218,18.0,3.0,2024-02-10,Saturday
1992,1993,197,13.0,10.0,2024-02-05,Monday
1993,1994,114,14.0,8.0,2024-02-24,Saturday
1994,1995,77,24.0,1.0,2024-02-24,Saturday
1995,1996,148,7.0,2.0,2024-02-06,Tuesday
1996,1997,55,24.0,3.0,2024-02-07,Wednesday
1997,1998,4,21.0,5.0,2024-02-24,Saturday
1998,1999,47,17.0,4.0,2024-02-07,Wednesday
1999,2000,13,18.0,3.0,2024-02-23,Friday
2000,2001,93,12.0,8.0,2024-02-12,Monday
2001,2002,70,13.0,3.0,2024-02-11,Sunday
2002,2003,233,13.0,9.0,2024-02-02,Friday
2003,2004,226,4.0,8.0,2024-02-07,Wednesday
2004,2005,112,19.0,10.0,2024-02-01,Thursday
2005,2006,296,19.0,10.0,2024-02-06,Tuesday
2006,2007,168,22.0,10.0,2024-02-18,Sunday
2007,2008,86,11.0,6.0,2024-02-19,Monday
2008,2009,164,18.0,5.0,2024-02-24,Saturday
2009,2010,253,8.0,3.0,2024-02-01,Thursday
2010,2011,130,19.0,8.0,2024-02-06,Tuesday
2011,2012,299,15.0,1.0,2024-02-03,Saturday
2012,2013,240,25.0,9.0,2024-02-07,Wednesday
2013,2014,168,5.0,10.0,2024-02-17,Saturday
2014,2015,51,5.0,6.0,2024-02-28,Wednesday
2015,2016,20,2.0,5.0,2024-02-26,Monday
2016,2017,266,17.0,9.0,2024-02-22,Thursday
2017,2018,191,22.0,9.0,2024-02-18,Sunday
2018,2019,21,7.0,1.0,2024-02-13,Tuesday
2019,2020,294,11.0,2.0,2024-02-28,Wednesday
2020,2021,293,3.0,1.0,2024-02-06,Tuesday
2021,2022,179,22.0,1.0,2024-02-09,Friday
2022,2023,99,2.0,10.0,2024-02-19,Monday
2023,2024,108,22.0,10.0,2024-02-04,Sunday
2024,2025,78,24.0,3.0,2024-02-28,Wednesday
2025,2026,236,14.0,8.0,2024-02-04,Sunday
2026,2027,46,4.0,2.0,2024-02-06,Tuesday
2027,2028,17,15.0,3.0,2024-02-17,Saturday
2028,2029,102,20.0,4.0,2024-02-14,Wednesday
2029,2030,7,22.0,3.0,2024-02-26,Monday
2030,2031,77,25.0,5.0,2024-02-01,Thursday
2031,2032,269,5.0,6.0,2024-02-11,Sunday
2032,2033,147,13.0,3.0,2024-02-07,Wednesday
2033,2034,180,24.0,7.0,2024-02-24,Saturday
2034,2035,110,23.0,10.0,2024-02-23,Friday
2035,2036,50,8.0,8.0,2024-02-14,Wednesday
2036,2037,277,12.0,7.0,2024-02-07,Wednesday
2037,2038,39,24.0,3.0,2024-02-02,Friday
2038,2039,83,16.0,4.0,2024-02-06,Tuesday
2039,2040,44,14.0,7.0,2024-02-08,Thursday
2040,2041,272,21.0,2.0,2024-02-28,Wednesday
2041,2042,4,8.0,5.0,2024-02-01,Thursday
2042,2043,208,16.0,10.0,2024-02-12,Monday
2043,2044,34,12.0,8.0,2024-02-12,Monday
2044,2045,89,8.0,5.0,2024-02-27,Tuesday
2045,2046,2,4.0,1.0,2024-02-26,Monday
2046,2047,107,1.0,7.0,2024-02-13,Tuesday
2047,2048,251,6.0,7.0,2024-02-17,Saturday
2048,2049,188,15.0,2.0,2024-02-24,Saturday
2049,2050,32,15.0,2.0,2024-02-15,Thursday
2050,2051,118,11.0,2.0,2024-02-10,Saturday
2051,2052,142,16.0,5.0,2024-02-04,Sunday
2052,2053,290,14.0,3.0,2024-02-22,Thursday
2053,2054,220,20.0,5.0,2024-02-18,Sunday
2054,2055,102,22.0,4.0,2024-02-26,Monday
2055,2056,131,14.0,7.0,2024-02-12,Monday
2056,2057,71,23.0,8.0,2024-02-09,Friday
2057,2058,160,11.0,10.0,2024-02-04,Sunday
2058,2059,240,4.0,5.0,2024-02-09,Friday
2059,2060,283,3.0,10.0,2024-02-21,Wednesday
2060,2061,162,8.0,2.0,2024-02-09,Friday
2061,2062,153,21.0,10.0,2024-02-13,Tuesday
2062,2063,253,21.0,4.0,2024-02-19,Monday
2063,2064,213,13.0,10.0,2024-02-14,Wednesday
2064,2065,77,7.0,8.0,2024-02-16,Friday
2065,2066,90,25.0,6.0,2024-02-23,Friday
2066,2067,149,19.0,10.0,2024-02-15,Thursday
2067,2068,136,6.0,7.0,2024-02-05,Monday
2068,2069,240,2.0,9.0,2024-02-28,Wednesday
2069,2070,29,6.0,1.0,2024-02-09,Friday
2070,2071,280,3.0,4.0,2024-02-20,Tuesday
2071,2072,300,15.0,3.0,2024-02-15,Thursday
2072,2073,276,17.0,10.0,2024-02-17,Saturday
2073,2074,37,18.0,7.0,2024-02-05,Monday
2074,2075,183,17.0,9.0,2024-02-15,Thursday
2075,2076,6,18.0,3.0,2024-02-18,Sunday
2076,2077,243,11.0,8.0,2024-02-06,Tuesday
2077,2078,44,10.0,10.0,2024-02-22,Thursday
2078,2079,256,22.0,10.0,2024-02-22,Thursday
2079,2080,78,15.0,7.0,2024-02-28,Wednesday
2080,2081,137,2.0,10.0,2024-02-09,Friday
2081,2082,298,14.0,2.0,2024-02-18,Sunday
2082,2083,146,22.0,9.0,2024-02-13,Tuesday
2083,2084,236,19.0,7.0,2024-02-20,Tuesday
2084,2085,145,20.0,7.0,2024-02-09,Friday
2085,2086,137,15.0,9.0,2024-02-01,Thursday
2086,2087,198,5.0,3.0,2024-02-25,Sunday
2087,2088,141,18.0,9.0,2024-02-19,Monday
2088,2089,137,18.0,7.0,2024-02-20,Tuesday
2089,2090,224,5.0,5.0,2024-02-25,Sunday
2090,2091,35,14.0,1.0,2024-02-10,Saturday
2091,2092,58,19.0,4.0,2024-02-20,Tuesday
2092,2093,105,23.0,7.0,2024-02-24,Saturday
2093,2094,96,8.0,1.0,2024-02-17,Saturday
2094,2095,12,6.0,6.0,2024-02-10,Saturday
2095,2096,50,14.0,6.0,2024-02-23,Friday
2096,2097,291,14.0,7.0,2024-02-24,Saturday
2097,2098,34,25.0,9.0,2024-02-18,Sunday
2098,2099,22,18.0,9.0,2024-02-28,Wednesday
2099,2100,75,4.0,5.0,2024-02-17,Saturday
2100,2101,116,11.0,10.0,2024-02-13,Tuesday
2101,2102,276,20.0,4.0,2024-02-23,Friday
2102,2103,260,13.0,10.0,2024-02-03,Saturday
2103,2104,161,22.0,1.0,2024-02-24,Saturday
2104,2105,245,12.0,4.0,2024-02-23,Friday
2105,2106,59,3.0,8.0,2024-02-02,Friday
2106,2107,285,13.0,4.0,2024-02-23,Friday
2107,2108,297,9.0,6.0,2024-02-16,Friday
2108,2109,13,20.0,10.0,2024-02-17,Saturday
2109,2110,25,10.0,7.0,2024-02-09,Friday
2110,2111,286,20.0,7.0,2024-02-11,Sunday
2111,2112,8,10.0,6.0,2024-02-25,Sunday
2112,2113,15,19.0,8.0,2024-02-11,Sunday
2113,2114,260,20.0,1.0,2024-02-26,Monday
2114,2115,196,5.0,3.0,2024-02-10,Saturday
2115,2116,172,20.0,10.0,2024-02-01,Thursday
2116,2117,83,6.0,2.0,2024-02-25,Sunday
2117,2118,245,23.0,8.0,2024-02-11,Sunday
2118,2119,54,3.0,3.0,2024-02-03,Saturday
2119,2120,258,9.0,9.0,2024-02-02,Friday
2120,2121,275,1.0,2.0,2024-02-13,Tuesday
2121,2122,287,5.0,4.0,2024-02-20,Tuesday
2122,2123,7,9.0,8.0,2024-02-26,Monday
2123,2124,218,3.0,3.0,2024-02-02,Friday
2124,2125,246,11.0,4.0,2024-02-24,Saturday
2125,2126,25,15.0,9.0,2024-02-06,Tuesday
2126,2127,264,6.0,5.0,2024-02-23,Friday
2127,2128,130,12.0,5.0,2024-02-14,Wednesday
2128,2129,147,21.0,8.0,2024-02-07,Wednesday
2129,2130,72,7.0,3.0,2024-02-10,Saturday
2130,2131,252,22.0,10.0,2024-02-15,Thursday
2131,2132,106,8.0,5.0,2024-02-06,Tuesday
2132,2133,285,18.0,7.0,2024-02-16,Friday
2133,2134,278,2.0,2.0,2024-02-08,Thursday
2134,2135,100,2.0,7.0,2024-02-08,Thursday
2135,2136,75,9.0,10.0,2024-02-08,Thursday
2136,2137,54,17.0,2.0,2024-02-16,Friday
2137,2138,35,14.0,6.0,2024-02-09,Friday
2138,2139,134,9.0,7.0,2024-02-27,Tuesday
2139,2140,34,16.0,10.0,2024-02-26,Monday
2140,2141,165,8.0,10.0,2024-02-17,Saturday
2141,2142,276,24.0,7.0,2024-02-14,Wednesday
2142,2143,80,25.0,10.0,2024-02-11,Sunday
2143,2144,246,4.0,5.0,2024-02-09,Friday
2144,2145,46,24.0,10.0,2024-02-23,Friday
2145,2146,105,18.0,4.0,2024-02-08,Thursday
2146,2147,78,4.0,9.0,2024-02-27,Tuesday
2147,2148,108,6.0,9.0,2024-02-23,Friday
2148,2149,86,5.0,2.0,2024-02-06,Tuesday
2149,2150,9,3.0,9.0,2024-02-04,Sunday
2150,2151,16,17.0,10.0,2024-02-26,Monday
2151,2152,63,1.0,9.0,2024-02-12,Monday
2152,2153,32,24.0,4.0,2024-02-11,Sunday
2153,2154,44,19.0,9.0,2024-02-09,Friday
2154,2155,282,21.0,3.0,2024-02-28,Wednesday
2155,2156,51,2.0,1.0,2024-02-01,Thursday
2156,2157,94,1.0,6.0,2024-02-11,Sunday
2157,2158,225,3.0,6.0,2024-02-14,Wednesday
2158,2159,200,14.0,5.0,2024-02-21,Wednesday
2159,2160,45,23.0,2.0,2024-02-08,Thursday
2160,2161,229,18.0,6.0,2024-02-19,Monday
2161,2162,22,17.0,10.0,2024-02-25,Sunday
2162,2163,104,10.0,9.0,2024-02-19,Monday
2163,2164,199,20.0,8.0,2024-02-18,Sunday
2164,2165,290,4.0,8.0,2024-02-21,Wednesday
2165,2166,187,1.0,6.0,2024-02-12,Monday
2166,2167,233,13.0,1.0,2024-02-01,Thursday
2167,2168,184,15.0,9.0,2024-02-06,Tuesday
2168,2169,41,18.0,1.0,2024-02-19,Monday
2169,2170,38,15.0,6.0,2024-02-04,Sunday
2170,2171,47,22.0,3.0,2024-02-06,Tuesday
2171,2172,283,5.0,5.0,2024-02-13,Tuesday
2172,2173,91,6.0,3.0,2024-02-17,Saturday
2173,2174,136,24.0,6.0,2024-02-27,Tuesday
2174,2175,191,16.0,1.0,2024-02-05,Monday
2175,2176,296,5.0,3.0,2024-02-27,Tuesday
2176,2177,295,1.0,1.0,2024-02-23,Friday
2177,2178,28,15.0,3.0,2024-02-28,Wednesday
2178,2179,258,6.0,9.0,2024-02-26,Monday
2179,2180,249,17.0,9.0,2024-02-23,Friday
2180,2181,215,3.0,7.0,2024-02-26,Monday
2181,2182,34,2.0,6.0,2024-02-25,Sunday
2182,2183,295,12.0,1.0,2024-02-26,Monday
2183,2184,45,11.0,3.0,2024-02-02,Friday
2184,2185,226,2.0,10.0,2024-02-15,Thursday
2186,2187,259,19.0,5.0,2024-02-10,Saturday
2187,2188,291,17.0,8.0,2024-02-07,Wednesday
2188,2189,68,20.0,5.0,2024-02-04,Sunday
2189,2190,264,5.0,8.0,2024-02-18,Sunday
2190,2191,37,2.0,5.0,2024-02-25,Sunday
2191,2192,114,22.0,3.0,2024-02-07,Wednesday
2192,2193,185,15.0,5.0,2024-02-08,Thursday
2193,2194,216,17.0,1.0,2024-02-18,Sunday
2194,2195,230,7.0,10.0,2024-02-09,Friday
2195,2196,258,7.0,9.0,2024-02-26,Monday
2196,2197,153,13.0,3.0,2024-02-02,Friday
2197,2198,142,23.0,1.0,2024-02-11,Sunday
2198,2199,204,6.0,4.0,2024-02-01,Thursday
2199,2200,171,25.0,6.0,2024-02-23,Friday
2200,2201,53,8.0,2.0,2024-02-15,Thursday
2201,2202,49,20.0,1.0,2024-02-23,Friday
2202,2203,28,22.0,3.0,2024-02-23,Friday
2203,2204,162,9.0,2.0,2024-02-03,Saturday
2204,2205,161,19.0,6.0,2024-02-06,Tuesday
2205,2206,26,3.0,6.0,2024-02-24,Saturday
2206,2207,178,21.0,10.0,2024-02-20,Tuesday
2207,2208,23,16.0,2.0,2024-02-28,Wednesday
2208,2209,26,12.0,10.0,2024-02-08,Thursday
2209,2210,25,1.0,7.0,2024-02-07,Wednesday
2210,2211,7,7.0,10.0,2024-02-05,Monday
2211,2212,220,2.0,9.0,2024-02-10,Saturday
2212,2213,49,8.0,6.0,2024-02-06,Tuesday
2213,2214,125,12.0,10.0,2024-02-13,Tuesday
2214,2215,250,19.0,10.0,2024-02-19,Monday
2215,2216,281,2.0,2.0,2024-02-16,Friday
2216,2217,124,16.0,9.0,2024-02-23,Friday
2217,2218,100,19.0,5.0,2024-02-12,Monday
2218,2219,202,16.0,8.0,2024-02-06,Tuesday
2219,2220,83,21.0,6.0,2024-02-07,Wednesday
2220,2221,67,13.0,3.0,2024-02-09,Friday
2221,2222,96,22.0,10.0,2024-02-26,Monday
2222,2223,49,3.0,1.0,2024-02-02,Friday
2224,2225,130,8.0,1.0,2024-02-03,Saturday
2225,2226,70,20.0,1.0,2024-02-15,Thursday
2226,2227,289,18.0,9.0,2024-02-28,Wednesday
2227,2228,217,10.0,3.0,2024-02-27,Tuesday
2228,2229,92,1.0,3.0,2024-02-06,Tuesday
2229,2230,238,1.0,10.0,2024-02-04,Sunday
2231,2232,88,3.0,6.0,2024-02-04,Sunday
2232,2233,3,22.0,6.0,2024-02-25,Sunday
2233,2234,275,12.0,6.0,2024-02-19,Monday
2234,2235,238,23.0,8.0,2024-02-13,Tuesday
2235,2236,26,25.0,6.0,2024-02-25,Sunday
2236,2237,111,3.0,9.0,2024-02-05,Monday
2237,2238,89,17.0,5.0,2024-02-28,Wednesday
2238,2239,264,5.0,3.0,2024-02-01,Thursday
2239,2240,151,18.0,3.0,2024-02-08,Thursday
2240,2241,31,9.0,2.0,2024-02-09,Friday
2241,2242,269,24.0,2.0,2024-02-12,Monday
2242,2243,6,22.0,3.0,2024-02-05,Monday
2243,2244,107,2.0,5.0,2024-02-08,Thursday
2244,2245,225,16.0,6.0,2024-02-04,Sunday
2245,2246,22,25.0,3.0,2024-02-02,Friday
2246,2247,2,22.0,1.0,2024-02-08,Thursday
2247,2248,236,12.0,7.0,2024-02-18,Sunday
2248,2249,12,21.0,3.0,2024-02-22,Thursday
2249,2250,38,16.0,5.0,2024-02-28,Wednesday
2250,2251,272,7.0,2.0,2024-02-08,Thursday
2251,2252,142,3.0,10.0,2024-02-19,Monday
2252,2253,61,14.0,8.0,2024-02-13,Tuesday
2253,2254,214,13.0,8.0,2024-02-02,Friday
2254,2255,79,3.0,10.0,2024-02-12,Monday
2255,2256,131,10.0,1.0,2024-02-07,Wednesday
2256,2257,97,23.0,4.0,2024-02-10,Saturday
2257,2258,233,7.0,3.0,2024-02-14,Wednesday
2258,2259,152,5.0,5.0,2024-02-05,Monday
2259,2260,285,23.0,6.0,2024-02-22,Thursday
2260,2261,21,18.0,8.0,2024-02-22,Thursday
2261,2262,209,5.0,4.0,2024-02-23,Friday
2262,2263,195,9.0,4.0,2024-02-08,Thursday
2263,2264,145,15.0,3.0,2024-02-12,Monday
2264,2265,134,7.0,1.0,2024-02-03,Saturday
2265,2266,271,16.0,7.0,2024-02-09,Friday
2266,2267,200,23.0,10.0,2024-02-26,Monday
2267,2268,138,24.0,6.0,2024-02-08,Thursday
2268,2269,139,13.0,7.0,2024-02-17,Saturday
2269,2270,221,7.0,5.0,2024-02-10,Saturday
2270,2271,5,19.0,6.0,2024-02-10,Saturday
2271,2272,95,25.0,7.0,2024-02-12,Monday
2272,2273,229,6.0,2.0,2024-02-15,Thursday
2273,2274,123,12.0,10.0,2024-02-13,Tuesday
2274,2275,27,22.0,5.0,2024-02-08,Thursday
2275,2276,213,4.0,5.0,2024-02-07,Wednesday
2276,2277,291,14.0,4.0,2024-02-04,Sunday
2277,2278,10,1.0,9.0,2024-02-16,Friday
2278,2279,86,5.0,2.0,2024-02-15,Thursday
2279,2280,144,11.0,3.0,2024-02-22,Thursday
2280,2281,222,17.0,8.0,2024-02-21,Wednesday
2281,2282,58,16.0,4.0,2024-02-21,Wednesday
2282,2283,271,14.0,6.0,2024-02-08,Thursday
2283,2284,68,19.0,7.0,2024-02-07,Wednesday
2284,2285,143,2.0,1.0,2024-02-12,Monday
2285,2286,275,3.0,1.0,2024-02-21,Wednesday
2286,2287,19,1.0,3.0,2024-02-24,Saturday
2287,2288,164,15.0,4.0,2024-02-10,Saturday
2288,2289,64,25.0,4.0,2024-02-21,Wednesday
2289,2290,85,2.0,4.0,2024-02-12,Monday
2290,2291,201,6.0,1.0,2024-02-24,Saturday
2291,2292,127,12.0,3.0,2024-02-12,Monday
2292,2293,110,8.0,3.0,2024-02-25,Sunday
2294,2295,114,12.0,4.0,2024-02-03,Saturday
2295,2296,241,13.0,2.0,2024-02-15,Thursday
2296,2297,96,13.0,10.0,2024-02-25,Sunday
2297,2298,103,13.0,1.0,2024-02-05,Monday
2298,2299,284,8.0,9.0,2024-02-06,Tuesday
2299,2300,253,22.0,7.0,2024-02-18,Sunday
2300,2301,245,7.0,6.0,2024-02-05,Monday
2301,2302,111,23.0,3.0,2024-02-23,Friday
2302,2303,150,9.0,3.0,2024-02-28,Wednesday
2303,2304,95,6.0,6.0,2024-02-27,Tuesday
2304,2305,173,7.0,6.0,2024-02-08,Thursday
2305,2306,246,8.0,2.0,2024-02-02,Friday
2307,2308,157,25.0,2.0,2024-02-01,Thursday
2308,2309,198,6.0,7.0,2024-02-10,Saturday
2309,2310,243,22.0,6.0,2024-02-09,Friday
2310,2311,164,9.0,10.0,2024-02-21,Wednesday
2311,2312,220,24.0,5.0,2024-02-22,Thursday
2312,2313,9,19.0,2.0,2024-02-07,Wednesday
2313,2314,255,12.0,3.0,2024-02-26,Monday
2314,2315,223,6.0,1.0,2024-02-16,Friday
2315,2316,46,5.0,5.0,2024-02-08,Thursday
2316,2317,207,15.0,9.0,2024-02-02,Friday
2317,2318,111,3.0,3.0,2024-02-08,Thursday
2318,2319,95,5.0,8.0,2024-02-01,Thursday
2319,2320,296,17.0,9.0,2024-02-14,Wednesday
2320,2321,107,21.0,10.0,2024-02-10,Saturday
2321,2322,196,11.0,5.0,2024-02-22,Thursday
2322,2323,172,6.0,4.0,2024-02-04,Sunday
2323,2324,13,25.0,6.0,2024-02-10,Saturday
2325,2326,157,10.0,9.0,2024-02-13,Tuesday
2326,2327,231,10.0,2.0,2024-02-12,Monday
2327,2328,132,11.0,1.0,2024-02-11,Sunday
2328,2329,20,19.0,7.0,2024-02-20,Tuesday
2329,2330,41,4.0,10.0,2024-02-23,Friday
2330,2331,26,23.0,6.0,2024-02-06,Tuesday
2331,2332,271,6.0,8.0,2024-02-10,Saturday
2332,2333,161,20.0,5.0,2024-02-18,Sunday
2333,2334,202,12.0,5.0,2024-02-10,Saturday
2334,2335,150,24.0,4.0,2024-02-03,Saturday
2335,2336,63,13.0,10.0,2024-02-25,Sunday
2336,2337,133,9.0,10.0,2024-02-09,Friday
2337,2338,270,25.0,9.0,2024-02-19,Monday
2338,2339,245,24.0,4.0,2024-02-18,Sunday
2339,2340,299,9.0,2.0,2024-02-01,Thursday
2340,2341,229,5.0,1.0,2024-02-16,Friday
2341,2342,155,17.0,6.0,2024-02-26,Monday
2342,2343,300,5.0,3.0,2024-02-10,Saturday
2343,2344,156,13.0,2.0,2024-02-19,Monday
2344,2345,183,4.0,3.0,2024-02-28,Wednesday
2345,2346,183,17.0,10.0,2024-02-11,Sunday
2346,2347,2,18.0,7.0,2024-02-19,Monday
2347,2348,134,23.0,6.0,2024-02-23,Friday
2348,2349,44,3.0,4.0,2024-02-02,Friday
2349,2350,94,7.0,7.0,2024-02-05,Monday
2350,2351,128,7.0,5.0,2024-02-14,Wednesday
2351,2352,155,8.0,8.0,2024-02-24,Saturday
2352,2353,203,18.0,1.0,2024-02-21,Wednesday
2353,2354,73,19.0,5.0,2024-02-02,Friday
2354,2355,46,21.0,8.0,2024-02-15,Thursday
2355,2356,155,7.0,6.0,2024-02-26,Monday
2356,2357,25,6.0,3.0,2024-02-09,Friday
2357,2358,230,25.0,6.0,2024-02-25,Sunday
2359,2360,56,7.0,4.0,2024-02-08,Thursday
2360,2361,226,3.0,2.0,2024-02-15,Thursday
2361,2362,225,14.0,3.0,2024-02-12,Monday
2362,2363,30,6.0,5.0,2024-02-03,Saturday
2363,2364,119,24.0,10.0,2024-02-16,Friday
2364,2365,139,23.0,3.0,2024-02-15,Thursday
2365,2366,298,24.0,1.0,2024-02-06,Tuesday
2366,2367,27,12.0,1.0,2024-02-14,Wednesday
2367,2368,280,15.0,2.0,2024-02-21,Wednesday
2368,2369,134,14.0,2.0,2024-02-28,Wednesday
2369,2370,198,12.0,9.0,2024-02-15,Thursday
2370,2371,76,11.0,9.0,2024-02-05,Monday
2371,2372,300,23.0,6.0,2024-02-10,Saturday
2372,2373,76,8.0,8.0,2024-02-19,Monday
2373,2374,96,4.0,3.0,2024-02-04,Sunday
2374,2375,22,8.0,6.0,2024-02-26,Monday
2375,2376,38,15.0,1.0,2024-02-23,Friday
2376,2377,116,20.0,3.0,2024-02-20,Tuesday
2377,2378,92,20.0,6.0,2024-02-04,Sunday
2378,2379,73,16.0,7.0,2024-02-18,Sunday
2379,2380,185,10.0,3.0,2024-02-13,Tuesday
2380,2381,134,19.0,7.0,2024-02-07,Wednesday
2381,2382,277,7.0,4.0,2024-02-15,Thursday
2382,2383,157,17.0,9.0,2024-02-11,Sunday
2383,2384,238,1.0,3.0,2024-02-22,Thursday
2384,2385,179,3.0,10.0,2024-02-26,Monday
2385,2386,94,13.0,7.0,2024-02-20,Tuesday
2386,2387,138,6.0,8.0,2024-02-26,Monday
2387,2388,291,5.0,1.0,2024-02-12,Monday
2388,2389,69,1.0,6.0,2024-02-05,Monday
2389,2390,166,25.0,7.0,2024-02-11,Sunday
2390,2391,298,13.0,4.0,2024-02-24,Saturday
2391,2392,89,20.0,5.0,2024-02-02,Friday
2392,2393,133,20.0,9.0,2024-02-11,Sunday
2393,2394,55,8.0,9.0,2024-02-09,Friday
2394,2395,115,23.0,3.0,2024-02-06,Tuesday
2395,2396,89,3.0,6.0,2024-02-04,Sunday
2396,2397,223,18.0,7.0,2024-02-10,Saturday
2397,2398,299,4.0,9.0,2024-02-02,Friday
2398,2399,69,22.0,1.0,2024-02-19,Monday
2399,2400,255,15.0,9.0,2024-02-17,Saturday
2400,2401,199,21.0,7.0,2024-02-24,Saturday
2401,2402,223,24.0,3.0,2024-02-04,Sunday
2402,2403,224,5.0,3.0,2024-02-10,Saturday
2403,2404,84,20.0,5.0,2024-02-04,Sunday
2404,2405,262,19.0,2.0,2024-02-15,Thursday
2405,2406,143,19.0,9.0,2024-02-23,Friday
2406,2407,11,2.0,4.0,2024-02-01,Thursday
2407,2408,2,2.0,1.0,2024-02-06,Tuesday
2409,2410,272,8.0,9.0,2024-02-18,Sunday
2410,2411,88,22.0,10.0,2024-02-15,Thursday
2411,2412,84,15.0,7.0,2024-02-06,Tuesday
2412,2413,106,17.0,10.0,2024-02-07,Wednesday
2413,2414,43,17.0,6.0,2024-02-18,Sunday
2414,2415,207,6.0,7.0,2024-02-18,Sunday
2415,2416,1,3.0,4.0,2024-02-06,Tuesday
2416,2417,79,4.0,9.0,2024-02-08,Thursday
2417,2418,33,17.0,8.0,2024-02-24,Saturday
2418,2419,247,16.0,7.0,2024-02-25,Sunday
2419,2420,298,6.0,1.0,2024-02-17,Saturday
2420,2421,137,8.0,2.0,2024-02-15,Thursday
2421,2422,258,23.0,2.0,2024-02-19,Monday
2422,2423,278,23.0,5.0,2024-02-24,Saturday
2423,2424,78,23.0,7.0,2024-02-27,Tuesday
2424,2425,88,20.0,6.0,2024-02-11,Sunday
2425,2426,260,19.0,10.0,2024-02-11,Sunday
2426,2427,223,21.0,1.0,2024-02-05,Monday
2427,2428,228,9.0,8.0,2024-02-14,Wednesday
2428,2429,33,25.0,8.0,2024-02-01,Thursday
2429,2430,235,10.0,8.0,2024-02-20,Tuesday
2430,2431,142,3.0,9.0,2024-02-17,Saturday
2431,2432,237,8.0,5.0,2024-02-21,Wednesday
2432,2433,298,18.0,9.0,2024-02-25,Sunday
2433,2434,149,11.0,1.0,2024-02-21,Wednesday
2434,2435,6,11.0,3.0,2024-02-02,Friday
2435,2436,235,2.0,7.0,2024-02-02,Friday
2436,2437,279,6.0,5.0,2024-02-17,Saturday
2437,2438,285,18.0,10.0,2024-02-26,Monday
2438,2439,248,10.0,9.0,2024-02-24,Saturday
2439,2440,55,18.0,6.0,2024-02-01,Thursday
2441,2442,207,4.0,10.0,2024-02-12,Monday
2442,2443,184,13.0,5.0,2024-02-19,Monday
2443,2444,278,22.0,5.0,2024-02-17,Saturday
2444,2445,10,21.0,2.0,2024-02-21,Wednesday
2445,2446,105,14.0,6.0,2024-02-08,Thursday
2446,2447,130,5.0,10.0,2024-02-16,Friday
2447,2448,217,18.0,7.0,2024-02-10,Saturday
2448,2449,65,4.0,6.0,2024-02-14,Wednesday
2449,2450,218,25.0,3.0,2024-02-04,Sunday
2450,2451,111,21.0,5.0,2024-02-16,Friday
2451,2452,156,18.0,5.0,2024-02-20,Tuesday
2452,2453,88,4.0,4.0,2024-02-16,Friday
2453,2454,148,11.0,6.0,2024-02-27,Tuesday
2454,2455,2,24.0,4.0,2024-02-03,Saturday
2455,2456,242,8.0,3.0,2024-02-06,Tuesday
2456,2457,280,24.0,4.0,2024-02-23,Friday
2457,2458,88,6.0,10.0,2024-02-27,Tuesday
2458,2459,161,4.0,7.0,2024-02-16,Friday
2459,2460,35,2.0,6.0,2024-02-21,Wednesday
2460,2461,158,20.0,2.0,2024-02-09,Friday
2461,2462,110,12.0,3.0,2024-02-24,Saturday
2462,2463,58,15.0,2.0,2024-02-26,Monday
2463,2464,134,10.0,10.0,2024-02-16,Friday
2464,2465,100,4.0,9.0,2024-02-26,Monday
2465,2466,267,20.0,3.0,2024-02-16,Friday
2466,2467,286,3.0,6.0,2024-02-16,Friday
2467,2468,285,14.0,3.0,2024-02-06,Tuesday
2468,2469,210,11.0,4.0,2024-02-16,Friday
2469,2470,26,4.0,9.0,2024-02-14,Wednesday
2470,2471,143,13.0,8.0,2024-02-24,Saturday
2471,2472,204,19.0,2.0,2024-02-27,Tuesday
2472,2473,295,9.0,7.0,2024-02-11,Sunday
2473,2474,300,1.0,1.0,2024-02-18,Sunday
2474,2475,9,18.0,4.0,2024-02-11,Sunday
2475,2476,277,20.0,7.0,2024-02-10,Saturday
2476,2477,142,24.0,9.0,2024-02-25,Sunday
2477,2478,235,19.0,6.0,2024-02-12,Monday
2478,2479,169,21.0,10.0,2024-02-17,Saturday
2479,2480,27,6.0,3.0,2024-02-15,Thursday
2480,2481,38,5.0,5.0,2024-02-20,Tuesday
2481,2482,42,15.0,1.0,2024-02-17,Saturday
2482,2483,169,4.0,5.0,2024-02-16,Friday
2483,2484,201,17.0,2.0,2024-02-21,Wednesday
2484,2485,271,17.0,6.0,2024-02-04,Sunday
2485,2486,252,18.0,2.0,2024-02-19,Monday
2486,2487,12,24.0,10.0,2024-02-27,Tuesday
2487,2488,86,4.0,8.0,2024-02-11,Sunday
2488,2489,217,19.0,4.0,2024-02-03,Saturday
2489,2490,259,18.0,1.0,2024-02-24,Saturday
2490,2491,164,7.0,3.0,2024-02-24,Saturday
2491,2492,300,3.0,1.0,2024-02-05,Monday
2492,2493,158,5.0,6.0,2024-02-14,Wednesday
2493,2494,31,23.0,9.0,2024-02-04,Sunday
2494,2495,22,10.0,6.0,2024-02-07,Wednesday
2495,2496,36,11.0,9.0,2024-02-13,Tuesday
2496,2497,112,23.0,6.0,2024-02-19,Monday
2497,2498,31,23.0,1.0,2024-02-28,Wednesday
2498,2499,221,3.0,6.0,2024-02-22,Thursday
2499,2500,198,13.0,4.0,2024-02-12,Monday
2500,2501,52,13.0,5.0,2024-02-20,Tuesday
2501,2502,69,17.0,4.0,2024-02-01,Thursday
2502,2503,216,25.0,7.0,2024-02-08,Thursday
2503,2504,194,9.0,5.0,2024-02-14,Wednesday
2504,2505,237,11.0,4.0,2024-02-21,Wednesday
2505,2506,136,2.0,6.0,2024-02-22,Thursday
2506,2507,252,7.0,1.0,2024-02-07,Wednesday
2507,2508,261,4.0,5.0,2024-02-15,Thursday
2508,2509,118,19.0,6.0,2024-02-19,Monday
2509,2510,215,16.0,7.0,2024-02-22,Thursday
2510,2511,2,19.0,3.0,2024-02-28,Wednesday
2511,2512,233,25.0,5.0,2024-02-12,Monday
2512,2513,169,18.0,8.0,2024-02-15,Thursday
2513,2514,218,18.0,9.0,2024-02-25,Sunday
2514,2515,139,25.0,1.0,2024-02-19,Monday
2515,2516,34,17.0,8.0,2024-02-21,Wednesday
2516,2517,114,24.0,4.0,2024-02-16,Friday
2517,2518,49,8.0,1.0,2024-02-04,Sunday
2518,2519,263,21.0,7.0,2024-02-05,Monday
2519,2520,86,2.0,5.0,2024-02-28,Wednesday
2520,2521,18,24.0,6.0,2024-02-09,Friday
2521,2522,29,23.0,8.0,2024-02-09,Friday
2522,2523,139,12.0,4.0,2024-02-02,Friday
2523,2524,159,4.0,3.0,2024-02-15,Thursday
2524,2525,286,16.0,3.0,2024-02-28,Wednesday
2525,2526,94,6.0,6.0,2024-02-10,Saturday
2526,2527,8,9.0,4.0,2024-02-18,Sunday
2527,2528,99,10.0,7.0,2024-02-13,Tuesday
2528,2529,77,18.0,7.0,2024-02-02,Friday
2529,2530,18,2.0,10.0,2024-02-13,Tuesday
2530,2531,70,3.0,10.0,2024-02-18,Sunday
2531,2532,239,16.0,10.0,2024-02-16,Friday
2532,2533,289,1.0,1.0,2024-02-15,Thursday
2533,2534,18,21.0,8.0,2024-02-07,Wednesday
2534,2535,22,24.0,9.0,2024-02-13,Tuesday
2535,2536,13,9.0,6.0,2024-02-09,Friday
2536,2537,254,4.0,10.0,2024-02-03,Saturday
2537,2538,132,10.0,4.0,2024-02-05,Monday
2538,2539,151,5.0,3.0,2024-02-13,Tuesday
2539,2540,176,6.0,4.0,2024-02-03,Saturday
2540,2541,9,19.0,5.0,2024-02-26,Monday
2541,2542,193,20.0,1.0,2024-02-21,Wednesday
2542,2543,116,5.0,8.0,2024-02-20,Tuesday
2543,2544,13,22.0,3.0,2024-02-23,Friday
2544,2545,58,13.0,1.0,2024-02-22,Thursday
2545,2546,275,19.0,2.0,2024-02-13,Tuesday
2546,2547,275,14.0,5.0,2024-02-17,Saturday
2547,2548,238,13.0,1.0,2024-02-09,Friday
2548,2549,262,24.0,4.0,2024-02-03,Saturday
2549,2550,17,16.0,5.0,2024-02-03,Saturday
2550,2551,207,19.0,9.0,2024-02-07,Wednesday
2551,2552,66,7.0,6.0,2024-02-09,Friday
2552,2553,21,17.0,3.0,2024-02-17,Saturday
2553,2554,96,5.0,1.0,2024-02-07,Wednesday
2555,2556,11,1.0,9.0,2024-02-10,Saturday
2557,2558,291,3.0,2.0,2024-02-01,Thursday
2558,2559,48,13.0,10.0,2024-02-27,Tuesday
2559,2560,104,15.0,10.0,2024-02-19,Monday
2560,2561,23,13.0,1.0,2024-02-10,Saturday
2561,2562,43,18.0,7.0,2024-02-08,Thursday
2562,2563,12,20.0,10.0,2024-02-08,Thursday
2563,2564,126,15.0,2.0,2024-02-03,Saturday
2564,2565,285,21.0,6.0,2024-02-05,Monday
2565,2566,159,5.0,1.0,2024-02-28,Wednesday
2566,2567,105,11.0,4.0,2024-02-15,Thursday
2567,2568,129,10.0,10.0,2024-02-13,Tuesday
2568,2569,28,4.0,1.0,2024-02-21,Wednesday
2569,2570,277,3.0,9.0,2024-02-08,Thursday
2570,2571,148,1.0,3.0,2024-02-02,Friday
2571,2572,36,16.0,5.0,2024-02-15,Thursday
2572,2573,99,14.0,5.0,2024-02-12,Monday
2573,2574,151,3.0,3.0,2024-02-18,Sunday
2574,2575,170,4.0,9.0,2024-02-03,Saturday
2575,2576,168,12.0,10.0,2024-02-13,Tuesday
2576,2577,238,20.0,3.0,2024-02-14,Wednesday
2577,2578,44,5.0,9.0,2024-02-03,Saturday
2578,2579,90,7.0,3.0,2024-02-21,Wednesday
2579,2580,65,1.0,5.0,2024-02-01,Thursday
2580,2581,167,8.0,5.0,2024-02-10,Saturday
2581,2582,226,14.0,4.0,2024-02-27,Tuesday
2583,2584,159,16.0,3.0,2024-02-14,Wednesday
2584,2585,274,6.0,3.0,2024-02-24,Saturday
2585,2586,94,13.0,8.0,2024-02-28,Wednesday
2586,2587,180,23.0,7.0,2024-02-09,Friday
2587,2588,227,14.0,9.0,2024-02-09,Friday
2588,2589,240,3.0,3.0,2024-02-12,Monday
2589,2590,212,4.0,9.0,2024-02-10,Saturday
2590,2591,161,9.0,4.0,2024-02-14,Wednesday
2591,2592,281,5.0,2.0,2024-02-21,Wednesday
2592,2593,183,6.0,6.0,2024-02-01,Thursday
2593,2594,142,10.0,2.0,2024-02-23,Friday
2594,2595,280,18.0,2.0,2024-02-01,Thursday
2595,2596,158,8.0,6.0,2024-02-17,Saturday
2596,2597,92,24.0,2.0,2024-02-26,Monday
2597,2598,208,13.0,5.0,2024-02-28,Wednesday
2598,2599,23,6.0,2.0,2024-02-10,Saturday
2599,2600,43,24.0,3.0,2024-02-23,Friday
2600,2601,271,14.0,1.0,2024-02-05,Monday
2601,2602,259,13.0,1.0,2024-02-02,Friday
2602,2603,229,18.0,10.0,2024-02-02,Friday
2603,2604,17,1.0,4.0,2024-02-27,Tuesday
2604,2605,255,24.0,2.0,2024-02-21,Wednesday
2605,2606,54,21.0,7.0,2024-02-12,Monday
2606,2607,27,24.0,9.0,2024-02-10,Saturday
2607,2608,269,11.0,6.0,2024-02-03,Saturday
2608,2609,115,11.0,9.0,2024-02-16,Friday
2609,2610,228,17.0,1.0,2024-02-20,Tuesday
2610,2611,240,4.0,7.0,2024-02-23,Friday
2611,2612,241,5.0,3.0,2024-02-25,Sunday
2612,2613,129,16.0,8.0,2024-02-16,Friday
2613,2614,230,14.0,9.0,2024-02-01,Thursday
2614,2615,8,22.0,9.0,2024-02-28,Wednesday
2615,2616,87,21.0,5.0,2024-02-26,Monday
2616,2617,203,6.0,3.0,2024-02-19,Monday
2617,2618,197,20.0,7.0,2024-02-09,Friday
2618,2619,200,15.0,6.0,2024-02-04,Sunday
2619,2620,187,23.0,3.0,2024-02-04,Sunday
2621,2622,268,25.0,5.0,2024-02-28,Wednesday
2622,2623,58,20.0,9.0,2024-02-10,Saturday
2623,2624,34,8.0,1.0,2024-02-24,Saturday
2624,2625,39,1.0,6.0,2024-02-04,Sunday
2625,2626,244,24.0,6.0,2024-02-13,Tuesday
2626,2627,126,8.0,10.0,2024-02-18,Sunday
2627,2628,9,4.0,5.0,2024-02-25,Sunday
2628,2629,300,14.0,2.0,2024-02-11,Sunday
2629,2630,57,5.0,9.0,2024-02-16,Friday
2630,2631,120,19.0,6.0,2024-02-04,Sunday
2631,2632,193,21.0,1.0,2024-02-15,Thursday
2632,2633,10,5.0,5.0,2024-02-24,Saturday
2633,2634,144,14.0,8.0,2024-02-03,Saturday
2634,2635,105,2.0,9.0,2024-02-26,Monday
2635,2636,273,21.0,4.0,2024-02-07,Wednesday
2636,2637,117,17.0,1.0,2024-02-10,Saturday
2637,2638,258,11.0,8.0,2024-02-06,Tuesday
2638,2639,202,22.0,9.0,2024-02-15,Thursday
2639,2640,154,2.0,8.0,2024-02-01,Thursday
2640,2641,106,5.0,8.0,2024-02-23,Friday
2641,2642,281,13.0,8.0,2024-02-20,Tuesday
2642,2643,221,24.0,9.0,2024-02-14,Wednesday
2643,2644,135,17.0,9.0,2024-02-08,Thursday
2644,2645,190,25.0,4.0,2024-02-01,Thursday
2645,2646,75,16.0,4.0,2024-02-11,Sunday
2646,2647,132,25.0,1.0,2024-02-24,Saturday
2647,2648,243,17.0,10.0,2024-02-11,Sunday
2648,2649,40,19.0,1.0,2024-02-09,Friday
2649,2650,108,13.0,3.0,2024-02-02,Friday
2650,2651,76,16.0,2.0,2024-02-15,Thursday
2651,2652,251,14.0,10.0,2024-02-14,Wednesday
2652,2653,81,20.0,9.0,2024-02-27,Tuesday
2653,2654,120,2.0,6.0,2024-02-14,Wednesday
2654,2655,300,6.0,3.0,2024-02-14,Wednesday
2655,2656,282,1.0,2.0,2024-02-06,Tuesday
2656,2657,40,2.0,7.0,2024-02-15,Thursday
2657,2658,10,7.0,2.0,2024-02-25,Sunday
2658,2659,176,22.0,1.0,2024-02-07,Wednesday
2659,2660,235,6.0,5.0,2024-02-08,Thursday
2660,2661,226,6.0,10.0,2024-02-08,Thursday
2661,2662,114,19.0,1.0,2024-02-11,Sunday
2662,2663,180,20.0,10.0,2024-02-04,Sunday
2663,2664,116,5.0,8.0,2024-02-16,Friday
2664,2665,82,19.0,2.0,2024-02-21,Wednesday
2665,2666,289,14.0,1.0,2024-02-14,Wednesday
2666,2667,88,15.0,3.0,2024-02-07,Wednesday
2667,2668,192,1.0,8.0,2024-02-18,Sunday
2668,2669,215,24.0,8.0,2024-02-28,Wednesday
2669,2670,280,1.0,2.0,2024-02-06,Tuesday
2670,2671,40,12.0,5.0,2024-02-02,Friday
2671,2672,18,19.0,4.0,2024-02-07,Wednesday
2672,2673,86,8.0,6.0,2024-02-12,Monday
2673,2674,177,2.0,2.0,2024-02-11,Sunday
2674,2675,18,8.0,7.0,2024-02-26,Monday
2675,2676,107,20.0,4.0,2024-02-06,Tuesday
2676,2677,84,19.0,7.0,2024-02-01,Thursday
2677,2678,276,21.0,4.0,2024-02-26,Monday
2678,2679,83,19.0,1.0,2024-02-20,Tuesday
2679,2680,69,2.0,2.0,2024-02-13,Tuesday
2680,2681,159,19.0,6.0,2024-02-01,Thursday
2681,2682,138,21.0,2.0,2024-02-11,Sunday
2682,2683,68,6.0,7.0,2024-02-04,Sunday
2683,2684,206,5.0,7.0,2024-02-11,Sunday
2684,2685,205,9.0,7.0,2024-02-23,Friday
2685,2686,218,4.0,8.0,2024-02-01,Thursday
2686,2687,273,9.0,6.0,2024-02-07,Wednesday
2687,2688,182,23.0,4.0,2024-02-11,Sunday
2688,2689,72,4.0,10.0,2024-02-22,Thursday
2689,2690,227,16.0,10.0,2024-02-15,Thursday
2690,2691,129,5.0,3.0,2024-02-08,Thursday
2691,2692,165,23.0,9.0,2024-02-24,Saturday
2692,2693,278,16.0,8.0,2024-02-13,Tuesday
2693,2694,107,8.0,3.0,2024-02-14,Wednesday
2694,2695,30,6.0,6.0,2024-02-10,Saturday
2695,2696,267,11.0,9.0,2024-02-17,Saturday
2696,2697,278,6.0,6.0,2024-02-16,Friday
2697,2698,10,24.0,9.0,2024-02-22,Thursday
2698,2699,157,7.0,6.0,2024-02-19,Monday
2700,2701,208,6.0,5.0,2024-02-07,Wednesday
2701,2702,93,21.0,1.0,2024-02-26,Monday
2702,2703,45,10.0,10.0,2024-02-26,Monday
2703,2704,214,13.0,3.0,2024-02-05,Monday
2704,2705,176,2.0,10.0,2024-02-03,Saturday
2705,2706,21,1.0,4.0,2024-02-25,Sunday
2706,2707,190,25.0,4.0,2024-02-06,Tuesday
2708,2709,271,5.0,8.0,2024-02-13,Tuesday
2709,2710,215,2.0,8.0,2024-02-13,Tuesday
2710,2711,182,1.0,1.0,2024-02-06,Tuesday
2711,2712,228,14.0,3.0,2024-02-07,Wednesday
2712,2713,211,4.0,1.0,2024-02-09,Friday
2713,2714,223,10.0,3.0,2024-02-13,Tuesday
2714,2715,148,4.0,4.0,2024-02-22,Thursday
2715,2716,245,14.0,1.0,2024-02-26,Monday
2716,2717,24,9.0,7.0,2024-02-28,Wednesday
2717,2718,226,1.0,2.0,2024-02-20,Tuesday
2718,2719,94,2.0,3.0,2024-02-10,Saturday
2719,2720,255,6.0,4.0,2024-02-11,Sunday
2720,2721,200,19.0,5.0,2024-02-01,Thursday
2721,2722,275,12.0,4.0,2024-02-14,Wednesday
2722,2723,240,6.0,4.0,2024-02-09,Friday
2723,2724,2,20.0,6.0,2024-02-21,Wednesday
2724,2725,138,6.0,2.0,2024-02-11,Sunday
2725,2726,17,19.0,4.0,2024-02-22,Thursday
2726,2727,211,24.0,2.0,2024-02-17,Saturday
2727,2728,27,13.0,7.0,2024-02-27,Tuesday
2728,2729,213,9.0,7.0,2024-02-13,Tuesday
2729,2730,35,12.0,5.0,2024-02-12,Monday
2730,2731,293,2.0,1.0,2024-02-23,Friday
2731,2732,6,25.0,9.0,2024-02-15,Thursday
2732,2733,198,1.0,5.0,2024-02-25,Sunday
2733,2734,19,8.0,4.0,2024-02-19,Monday
2734,2735,203,16.0,8.0,2024-02-13,Tuesday
2735,2736,62,18.0,3.0,2024-02-14,Wednesday
2736,2737,295,21.0,5.0,2024-02-25,Sunday
2737,2738,260,14.0,6.0,2024-02-22,Thursday
2738,2739,199,16.0,4.0,2024-02-22,Thursday
2739,2740,258,25.0,8.0,2024-02-28,Wednesday
2740,2741,166,1.0,5.0,2024-02-04,Sunday
2741,2742,288,14.0,2.0,2024-02-24,Saturday
2742,2743,106,6.0,1.0,2024-02-06,Tuesday
2743,2744,8,16.0,4.0,2024-02-06,Tuesday
2744,2745,42,22.0,10.0,2024-02-16,Friday
2745,2746,166,25.0,4.0,2024-02-03,Saturday
2746,2747,4,18.0,7.0,2024-02-09,Friday
2747,2748,81,1.0,4.0,2024-02-22,Thursday
2748,2749,45,22.0,4.0,2024-02-21,Wednesday
2749,2750,145,12.0,10.0,2024-02-01,Thursday
2750,2751,33,20.0,6.0,2024-02-01,Thursday
2751,2752,272,6.0,5.0,2024-02-24,Saturday
2752,2753,126,2.0,3.0,2024-02-27,Tuesday
2753,2754,276,4.0,7.0,2024-02-01,Thursday
2754,2755,139,22.0,4.0,2024-02-21,Wednesday
2755,2756,27,4.0,7.0,2024-02-25,Sunday
2757,2758,28,20.0,3.0,2024-02-15,Thursday
2758,2759,263,21.0,9.0,2024-02-28,Wednesday
2759,2760,82,13.0,3.0,2024-02-14,Wednesday
2760,2761,152,10.0,9.0,2024-02-22,Thursday
2761,2762,265,17.0,10.0,2024-02-06,Tuesday
2763,2764,198,4.0,3.0,2024-02-05,Monday
2764,2765,17,17.0,3.0,2024-02-04,Sunday
2765,2766,90,14.0,4.0,2024-02-09,Friday
2766,2767,196,21.0,3.0,2024-02-17,Saturday
2767,2768,4,3.0,3.0,2024-02-26,Monday
2768,2769,153,6.0,6.0,2024-02-19,Monday
2769,2770,115,15.0,6.0,2024-02-09,Friday
2770,2771,31,8.0,10.0,2024-02-01,Thursday
2771,2772,125,13.0,6.0,2024-02-23,Friday
2772,2773,114,23.0,7.0,2024-02-23,Friday
2773,2774,189,25.0,5.0,2024-02-28,Wednesday
2774,2775,262,18.0,3.0,2024-02-19,Monday
2775,2776,266,12.0,5.0,2024-02-05,Monday
2776,2777,119,14.0,1.0,2024-02-20,Tuesday
2777,2778,209,10.0,10.0,2024-02-10,Saturday
2778,2779,90,5.0,1.0,2024-02-17,Saturday
2779,2780,211,19.0,10.0,2024-02-13,Tuesday
2780,2781,292,19.0,7.0,2024-02-13,Tuesday
2781,2782,80,19.0,10.0,2024-02-08,Thursday
2782,2783,245,13.0,9.0,2024-02-15,Thursday
2783,2784,223,1.0,5.0,2024-02-06,Tuesday
2784,2785,129,20.0,4.0,2024-02-17,Saturday
2785,2786,44,5.0,3.0,2024-02-03,Saturday
2786,2787,239,13.0,3.0,2024-02-03,Saturday
2787,2788,117,2.0,5.0,2024-02-07,Wednesday
2788,2789,265,19.0,8.0,2024-02-27,Tuesday
2789,2790,277,14.0,6.0,2024-02-06,Tuesday
2790,2791,70,10.0,1.0,2024-02-21,Wednesday
2791,2792,120,11.0,4.0,2024-02-14,Wednesday
2792,2793,53,20.0,5.0,2024-02-05,Monday
2793,2794,280,2.0,6.0,2024-02-01,Thursday
2794,2795,126,21.0,1.0,2024-02-04,Sunday
2795,2796,171,16.0,3.0,2024-02-24,Saturday
2796,2797,4,10.0,4.0,2024-02-09,Friday
2797,2798,116,3.0,4.0,2024-02-28,Wednesday
2798,2799,255,16.0,8.0,2024-02-16,Friday
2799,2800,116,14.0,2.0,2024-02-06,Tuesday
2800,2801,171,20.0,10.0,2024-02-07,Wednesday
2801,2802,236,2.0,4.0,2024-02-10,Saturday
2802,2803,230,10.0,9.0,2024-02-16,Friday
2803,2804,274,14.0,3.0,2024-02-03,Saturday
2804,2805,241,14.0,6.0,2024-02-03,Saturday
2805,2806,286,25.0,6.0,2024-02-22,Thursday
2806,2807,178,3.0,5.0,2024-02-09,Friday
2807,2808,38,18.0,6.0,2024-02-18,Sunday
2808,2809,49,11.0,8.0,2024-02-20,Tuesday
2809,2810,60,13.0,1.0,2024-02-01,Thursday
2810,2811,126,1.0,5.0,2024-02-18,Sunday
2811,2812,128,20.0,9.0,2024-02-18,Sunday
2812,2813,108,19.0,7.0,2024-02-24,Saturday
2813,2814,191,18.0,9.0,2024-02-21,Wednesday
2814,2815,228,18.0,9.0,2024-02-06,Tuesday
2815,2816,196,10.0,7.0,2024-02-07,Wednesday
2816,2817,214,5.0,4.0,2024-02-15,Thursday
2817,2818,258,17.0,1.0,2024-02-16,Friday
2818,2819,286,16.0,1.0,2024-02-22,Thursday
2819,2820,48,18.0,5.0,2024-02-07,Wednesday
2820,2821,200,13.0,2.0,2024-02-18,Sunday
2821,2822,84,13.0,4.0,2024-02-20,Tuesday
2822,2823,233,22.0,3.0,2024-02-20,Tuesday
2823,2824,244,16.0,5.0,2024-02-16,Friday
2824,2825,30,18.0,3.0,2024-02-03,Saturday
2825,2826,200,24.0,2.0,2024-02-24,Saturday
2826,2827,249,13.0,7.0,2024-02-08,Thursday
2827,2828,193,1.0,6.0,2024-02-24,Saturday
2828,2829,155,1.0,3.0,2024-02-15,Thursday
2829,2830,199,17.0,7.0,2024-02-02,Friday
2830,2831,203,8.0,7.0,2024-02-05,Monday
2832,2833,111,19.0,1.0,2024-02-02,Friday
2833,2834,15,5.0,6.0,2024-02-11,Sunday
2834,2835,236,25.0,6.0,2024-02-12,Monday
2835,2836,96,13.0,1.0,2024-02-14,Wednesday
2836,2837,238,12.0,8.0,2024-02-09,Friday
2837,2838,71,2.0,6.0,2024-02-20,Tuesday
2838,2839,169,8.0,9.0,2024-02-21,Wednesday
2839,2840,200,12.0,6.0,2024-02-27,Tuesday
2840,2841,204,13.0,3.0,2024-02-22,Thursday
2841,2842,254,2.0,6.0,2024-02-08,Thursday
2842,2843,216,5.0,5.0,2024-02-01,Thursday
2843,2844,79,25.0,7.0,2024-02-05,Monday
2844,2845,33,12.0,9.0,2024-02-07,Wednesday
2845,2846,118,22.0,2.0,2024-02-11,Sunday
2846,2847,226,19.0,1.0,2024-02-10,Saturday
2847,2848,168,10.0,8.0,2024-02-13,Tuesday
2848,2849,188,7.0,2.0,2024-02-15,Thursday
2849,2850,236,4.0,10.0,2024-02-21,Wednesday
2850,2851,273,13.0,7.0,2024-02-28,Wednesday
2851,2852,220,11.0,7.0,2024-02-07,Wednesday
2852,2853,254,9.0,9.0,2024-02-01,Thursday
2853,2854,96,8.0,8.0,2024-02-03,Saturday
2854,2855,4,21.0,2.0,2024-02-20,Tuesday
2855,2856,112,7.0,3.0,2024-02-16,Friday
2856,2857,108,19.0,7.0,2024-02-28,Wednesday
2857,2858,123,25.0,3.0,2024-02-15,Thursday
2858,2859,96,9.0,3.0,2024-02-20,Tuesday
2859,2860,274,11.0,3.0,2024-02-06,Tuesday
2860,2861,49,9.0,1.0,2024-02-08,Thursday
2861,2862,143,10.0,3.0,2024-02-22,Thursday
2862,2863,77,20.0,1.0,2024-02-27,Tuesday
2863,2864,138,23.0,6.0,2024-02-15,Thursday
2864,2865,36,7.0,9.0,2024-02-01,Thursday
2865,2866,146,8.0,4.0,2024-02-25,Sunday
2866,2867,78,5.0,8.0,2024-02-07,Wednesday
2867,2868,260,23.0,1.0,2024-02-10,Saturday
2868,2869,227,1.0,4.0,2024-02-13,Tuesday
2869,2870,161,6.0,10.0,2024-02-21,Wednesday
2870,2871,20,21.0,8.0,2024-02-02,Friday
2871,2872,10,22.0,7.0,2024-02-17,Saturday
2872,2873,71,12.0,10.0,2024-02-14,Wednesday
2873,2874,21,8.0,7.0,2024-02-12,Monday
2874,2875,207,9.0,7.0,2024-02-15,Thursday
2875,2876,107,4.0,9.0,2024-02-23,Friday
2876,2877,295,18.0,5.0,2024-02-03,Saturday
2877,2878,260,14.0,1.0,2024-02-11,Sunday
2878,2879,145,20.0,4.0,2024-02-28,Wednesday
2879,2880,68,24.0,4.0,2024-02-13,Tuesday
2880,2881,281,19.0,9.0,2024-02-28,Wednesday
2881,2882,148,18.0,6.0,2024-02-23,Friday
2882,2883,224,24.0,3.0,2024-02-19,Monday
2883,2884,156,16.0,5.0,2024-02-21,Wednesday
2884,2885,237,24.0,9.0,2024-02-17,Saturday
2885,2886,66,7.0,8.0,2024-02-16,Friday
2886,2887,149,3.0,7.0,2024-02-03,Saturday
2887,2888,131,19.0,6.0,2024-02-19,Monday
2888,2889,139,13.0,1.0,2024-02-14,Wednesday
2889,2890,291,25.0,7.0,2024-02-08,Thursday
2890,2891,228,5.0,4.0,2024-02-27,Tuesday
2891,2892,73,14.0,2.0,2024-02-04,Sunday
2892,2893,164,24.0,8.0,2024-02-09,Friday
2893,2894,268,13.0,6.0,2024-02-16,Friday
2895,2896,267,14.0,9.0,2024-02-02,Friday
2896,2897,181,9.0,6.0,2024-02-09,Friday
2897,2898,263,19.0,10.0,2024-02-05,Monday
2898,2899,104,17.0,7.0,2024-02-01,Thursday
2899,2900,163,16.0,1.0,2024-02-08,Thursday
2900,2901,153,9.0,3.0,2024-02-14,Wednesday
2901,2902,171,24.0,1.0,2024-02-08,Thursday
2902,2903,143,24.0,2.0,2024-02-01,Thursday
2903,2904,34,20.0,8.0,2024-02-27,Tuesday
2904,2905,70,9.0,6.0,2024-02-04,Sunday
2905,2906,139,17.0,1.0,2024-02-15,Thursday
2906,2907,194,25.0,8.0,2024-02-01,Thursday
2907,2908,115,19.0,5.0,2024-02-19,Monday
2909,2910,23,8.0,2.0,2024-02-25,Sunday
2910,2911,9,15.0,4.0,2024-02-08,Thursday
2911,2912,236,16.0,5.0,2024-02-20,Tuesday
2912,2913,159,3.0,9.0,2024-02-22,Thursday
2913,2914,2,17.0,9.0,2024-02-20,Tuesday
2914,2915,203,23.0,9.0,2024-02-19,Monday
2915,2916,113,6.0,7.0,2024-02-24,Saturday
2916,2917,144,6.0,8.0,2024-02-17,Saturday
2917,2918,228,7.0,1.0,2024-02-19,Monday
2918,2919,45,12.0,2.0,2024-02-26,Monday
2919,2920,257,5.0,5.0,2024-02-27,Tuesday
2920,2921,160,14.0,10.0,2024-02-14,Wednesday
2921,2922,236,24.0,3.0,2024-02-15,Thursday
2922,2923,14,5.0,3.0,2024-02-19,Monday
2923,2924,220,11.0,5.0,2024-02-21,Wednesday
2924,2925,283,9.0,8.0,2024-02-23,Friday
2925,2926,228,14.0,8.0,2024-02-17,Saturday
2926,2927,279,18.0,10.0,2024-02-24,Saturday
2927,2928,181,19.0,2.0,2024-02-18,Sunday
2928,2929,200,6.0,7.0,2024-02-09,Friday
2929,2930,106,17.0,1.0,2024-02-22,Thursday
2930,2931,122,19.0,7.0,2024-02-21,Wednesday
2931,2932,171,24.0,2.0,2024-02-04,Sunday
2932,2933,277,17.0,7.0,2024-02-04,Sunday
2934,2935,19,4.0,1.0,2024-02-16,Friday
2935,2936,74,13.0,9.0,2024-02-09,Friday
2936,2937,224,22.0,5.0,2024-02-02,Friday
2937,2938,216,16.0,6.0,2024-02-28,Wednesday
2938,2939,116,7.0,6.0,2024-02-26,Monday
2939,2940,52,25.0,3.0,2024-02-07,Wednesday
2940,2941,22,22.0,6.0,2024-02-12,Monday
2941,2942,245,20.0,10.0,2024-02-17,Saturday
2942,2943,135,2.0,5.0,2024-02-07,Wednesday
2943,2944,33,10.0,8.0,2024-02-23,Friday
2944,2945,117,21.0,6.0,2024-02-18,Sunday
2945,2946,202,25.0,9.0,2024-02-19,Monday
2946,2947,231,20.0,8.0,2024-02-05,Monday
2947,2948,137,12.0,7.0,2024-02-16,Friday
2948,2949,119,25.0,7.0,2024-02-10,Saturday
2949,2950,112,5.0,10.0,2024-02-16,Friday
2950,2951,61,12.0,10.0,2024-02-23,Friday
2951,2952,76,22.0,8.0,2024-02-18,Sunday
2952,2953,20,5.0,10.0,2024-02-12,Monday
2953,2954,84,8.0,4.0,2024-02-28,Wednesday
2954,2955,282,12.0,5.0,2024-02-26,Monday
2955,2956,107,10.0,5.0,2024-02-23,Friday
2956,2957,63,12.0,10.0,2024-02-03,Saturday
2957,2958,59,14.0,2.0,2024-02-06,Tuesday
2958,2959,49,13.0,10.0,2024-02-10,Saturday
2959,2960,154,9.0,8.0,2024-02-23,Friday
2960,2961,105,23.0,8.0,2024-02-24,Saturday
2961,2962,65,18.0,7.0,2024-02-08,Thursday
2962,2963,15,5.0,7.0,2024-02-24,Saturday
2963,2964,300,13.0,3.0,2024-02-14,Wednesday
2964,2965,194,14.0,7.0,2024-02-05,Monday
2965,2966,124,9.0,3.0,2024-02-05,Monday
2966,2967,69,22.0,4.0,2024-02-02,Friday
2967,2968,225,14.0,9.0,2024-02-12,Monday
2968,2969,243,15.0,10.0,2024-02-10,Saturday
2969,2970,141,10.0,1.0,2024-02-25,Sunday
2970,2971,156,13.0,6.0,2024-02-28,Wednesday
2971,2972,57,18.0,7.0,2024-02-13,Tuesday
2972,2973,183,24.0,7.0,2024-02-12,Monday
2973,2974,94,16.0,8.0,2024-02-26,Monday
2974,2975,14,7.0,9.0,2024-02-24,Saturday
2975,2976,107,9.0,5.0,2024-02-18,Sunday
2976,2977,274,18.0,4.0,2024-02-25,Sunday
2977,2978,130,12.0,5.0,2024-02-03,Saturday
2978,2979,298,7.0,3.0,2024-02-23,Friday
2979,2980,265,15.0,10.0,2024-02-05,Monday
2980,2981,8,19.0,6.0,2024-02-21,Wednesday
2981,2982,100,2.0,9.0,2024-02-02,Friday
2982,2983,246,8.0,2.0,2024-02-11,Sunday
2983,2984,118,14.0,8.0,2024-02-04,Sunday
2984,2985,281,3.0,9.0,2024-02-22,Thursday
2985,2986,217,10.0,3.0,2024-02-02,Friday
2986,2987,2,5.0,7.0,2024-02-08,Thursday
2987,2988,191,9.0,3.0,2024-02-13,Tuesday
2988,2989,95,7.0,1.0,2024-02-28,Wednesday
2989,2990,172,23.0,1.0,2024-02-05,Monday
2990,2991,50,10.0,3.0,2024-02-02,Friday
2991,2992,164,24.0,10.0,2024-02-28,Wednesday
2992,2993,106,24.0,9.0,2024-02-05,Monday
2993,2994,164,8.0,10.0,2024-02-02,Friday
2994,2995,15,4.0,10.0,2024-02-04,Sunday
2995,2996,158,7.0,4.0,2024-02-21,Wednesday
2996,2997,194,4.0,4.0,2024-02-09,Friday
2997,2998,146,11.0,3.0,2024-02-13,Tuesday
2998,2999,227,14.0,1.0,2024-02-14,Wednesday
2999,3000,28,24.0,10.0,2024-02-25,Sunday
3000,3001,125,9.0,10.0,2024-02-06,Tuesday
3001,3002,183,13.0,2.0,2024-02-13,Tuesday
3002,3003,171,19.0,2.0,2024-02-13,Tuesday
3003,3004,127,21.0,9.0,2024-02-14,Wednesday
3004,3005,190,8.0,4.0,2024-02-12,Monday
3005,3006,139,25.0,7.0,2024-02-08,Thursday
3006,3007,209,5.0,10.0,2024-02-08,Thursday
3007,3008,199,16.0,10.0,2024-02-16,Friday
3008,3009,215,7.0,9.0,2024-02-07,Wednesday
3009,3010,281,11.0,9.0,2024-02-19,Monday
3010,3011,52,13.0,9.0,2024-02-19,Monday
3011,3012,280,22.0,2.0,2024-02-08,Thursday
3012,3013,52,13.0,9.0,2024-02-03,Saturday
3013,3014,12,16.0,4.0,2024-02-16,Friday
3014,3015,3,4.0,5.0,2024-02-16,Friday
3015,3016,10,18.0,3.0,2024-02-07,Wednesday
3016,3017,147,13.0,4.0,2024-02-25,Sunday
3017,3018,143,5.0,10.0,2024-02-13,Tuesday
3018,3019,208,7.0,4.0,2024-02-24,Saturday
3019,3020,154,1.0,4.0,2024-02-17,Saturday
3020,3021,57,6.0,7.0,2024-02-10,Saturday
3021,3022,210,15.0,1.0,2024-02-08,Thursday
3022,3023,57,2.0,2.0,2024-02-12,Monday
3023,3024,59,13.0,4.0,2024-02-19,Monday
3024,3025,42,7.0,4.0,2024-02-07,Wednesday
3025,3026,247,22.0,4.0,2024-02-26,Monday
3026,3027,289,18.0,5.0,2024-02-03,Saturday
3027,3028,111,2.0,2.0,2024-02-03,Saturday
3028,3029,145,19.0,10.0,2024-02-01,Thursday
3029,3030,160,21.0,3.0,2024-02-17,Saturday
3030,3031,214,4.0,7.0,2024-02-24,Saturday
3031,3032,21,8.0,5.0,2024-02-25,Sunday
3032,3033,169,10.0,9.0,2024-02-02,Friday
3033,3034,218,2.0,8.0,2024-02-16,Friday
3034,3035,52,7.0,9.0,2024-02-26,Monday
3035,3036,45,16.0,2.0,2024-02-23,Friday
3036,3037,9,5.0,5.0,2024-02-01,Thursday
3037,3038,285,21.0,2.0,2024-02-27,Tuesday
3038,3039,154,11.0,3.0,2024-02-03,Saturday
3039,3040,224,16.0,9.0,2024-02-28,Wednesday
3040,3041,123,18.0,2.0,2024-02-10,Saturday
3041,3042,195,4.0,10.0,2024-02-21,Wednesday
3042,3043,25,3.0,4.0,2024-02-11,Sunday
3043,3044,222,22.0,3.0,2024-02-09,Friday
3044,3045,166,6.0,8.0,2024-02-01,Thursday
3045,3046,250,24.0,2.0,2024-02-18,Sunday
3046,3047,267,17.0,6.0,2024-02-17,Saturday
3047,3048,114,2.0,1.0,2024-02-21,Wednesday
3048,3049,232,12.0,7.0,2024-02-17,Saturday
3049,3050,95,15.0,2.0,2024-02-05,Monday
3052,3053,93,9.0,1.0,2024-02-25,Sunday
3053,3054,2,21.0,7.0,2024-02-22,Thursday
3055,3056,57,4.0,6.0,2024-02-05,Monday
3056,3057,93,6.0,9.0,2024-02-09,Friday
3057,3058,270,7.0,6.0,2024-02-10,Saturday
3058,3059,140,3.0,1.0,2024-02-15,Thursday
3059,3060,191,4.0,2.0,2024-02-01,Thursday
3060,3061,161,7.0,6.0,2024-02-05,Monday
3061,3062,68,1.0,7.0,2024-02-22,Thursday
3062,3063,21,20.0,8.0,2024-02-18,Sunday
3063,3064,38,1.0,5.0,2024-02-28,Wednesday
3064,3065,155,3.0,10.0,2024-02-26,Monday
3065,3066,49,21.0,5.0,2024-02-26,Monday
3066,3067,66,18.0,1.0,2024-02-22,Thursday
3067,3068,12,13.0,4.0,2024-02-18,Sunday
3068,3069,117,15.0,9.0,2024-02-05,Monday
3069,3070,228,9.0,4.0,2024-02-19,Monday
3070,3071,170,18.0,6.0,2024-02-26,Monday
3071,3072,11,18.0,5.0,2024-02-01,Thursday
3072,3073,221,19.0,1.0,2024-02-05,Monday
3073,3074,220,1.0,7.0,2024-02-11,Sunday
3074,3075,232,25.0,5.0,2024-02-03,Saturday
3075,3076,213,3.0,4.0,2024-02-10,Saturday
3076,3077,72,12.0,4.0,2024-02-07,Wednesday
3077,3078,83,21.0,10.0,2024-02-10,Saturday
3078,3079,93,11.0,1.0,2024-02-08,Thursday
3079,3080,90,7.0,5.0,2024-02-09,Friday
3080,3081,158,4.0,6.0,2024-02-13,Tuesday
3081,3082,174,11.0,8.0,2024-02-01,Thursday
3082,3083,289,13.0,1.0,2024-02-15,Thursday
3083,3084,110,8.0,3.0,2024-02-20,Tuesday
3084,3085,114,3.0,6.0,2024-02-05,Monday
3085,3086,144,1.0,3.0,2024-02-23,Friday
3086,3087,81,4.0,8.0,2024-02-05,Monday
3087,3088,45,14.0,8.0,2024-02-04,Sunday
3088,3089,91,13.0,7.0,2024-02-27,Tuesday
3089,3090,114,5.0,6.0,2024-02-04,Sunday
3090,3091,257,2.0,5.0,2024-02-12,Monday
3091,3092,78,2.0,7.0,2024-02-04,Sunday
3092,3093,109,12.0,10.0,2024-02-03,Saturday
3093,3094,12,6.0,10.0,2024-02-13,Tuesday
3094,3095,193,23.0,5.0,2024-02-24,Saturday
3095,3096,159,1.0,8.0,2024-02-05,Monday
3096,3097,177,24.0,4.0,2024-02-13,Tuesday
3097,3098,274,25.0,2.0,2024-02-15,Thursday
3098,3099,228,1.0,2.0,2024-02-12,Monday
3099,3100,54,3.0,8.0,2024-02-14,Wednesday
3100,3101,177,6.0,8.0,2024-02-03,Saturday
3101,3102,82,18.0,2.0,2024-02-16,Friday
3102,3103,38,24.0,10.0,2024-02-03,Saturday
3103,3104,281,22.0,8.0,2024-02-16,Friday
3104,3105,126,5.0,3.0,2024-02-18,Sunday
3105,3106,71,13.0,9.0,2024-02-12,Monday
3106,3107,43,3.0,5.0,2024-02-07,Wednesday
3107,3108,15,24.0,4.0,2024-02-08,Thursday
3108,3109,77,8.0,2.0,2024-02-12,Monday
3109,3110,195,13.0,10.0,2024-02-25,Sunday
3110,3111,53,16.0,9.0,2024-02-14,Wednesday
3111,3112,175,7.0,9.0,2024-02-25,Sunday
3112,3113,199,12.0,3.0,2024-02-06,Tuesday
3113,3114,113,12.0,2.0,2024-02-09,Friday
3114,3115,128,16.0,6.0,2024-02-25,Sunday
3115,3116,211,9.0,9.0,2024-02-14,Wednesday
3116,3117,296,10.0,6.0,2024-02-14,Wednesday
3117,3118,212,19.0,3.0,2024-02-13,Tuesday
3118,3119,57,5.0,1.0,2024-02-25,Sunday
3119,3120,253,6.0,10.0,2024-02-23,Friday
3120,3121,226,19.0,4.0,2024-02-28,Wednesday
3121,3122,57,10.0,7.0,2024-02-01,Thursday
3122,3123,150,16.0,8.0,2024-02-28,Wednesday
3123,3124,4,10.0,6.0,2024-02-15,Thursday
3124,3125,60,17.0,5.0,2024-02-01,Thursday
3125,3126,272,5.0,2.0,2024-02-27,Tuesday
3126,3127,74,25.0,4.0,2024-02-05,Monday
3127,3128,139,11.0,2.0,2024-02-13,Tuesday
3128,3129,203,7.0,7.0,2024-02-28,Wednesday
3130,3131,14,2.0,9.0,2024-02-05,Monday
3131,3132,279,7.0,4.0,2024-02-28,Wednesday
3132,3133,12,17.0,3.0,2024-02-20,Tuesday
3133,3134,44,23.0,4.0,2024-02-21,Wednesday
3134,3135,147,14.0,10.0,2024-02-12,Monday
3135,3136,27,4.0,4.0,2024-02-25,Sunday
3136,3137,111,12.0,1.0,2024-02-28,Wednesday
3137,3138,56,11.0,5.0,2024-02-26,Monday
3138,3139,31,18.0,1.0,2024-02-17,Saturday
3139,3140,19,10.0,5.0,2024-02-02,Friday
3140,3141,208,13.0,9.0,2024-02-27,Tuesday
3141,3142,53,9.0,9.0,2024-02-15,Thursday
3142,3143,101,2.0,10.0,2024-02-13,Tuesday
3143,3144,145,15.0,2.0,2024-02-18,Sunday
3144,3145,20,5.0,8.0,2024-02-13,Tuesday
3145,3146,287,21.0,4.0,2024-02-03,Saturday
3146,3147,200,14.0,9.0,2024-02-19,Monday
3147,3148,198,15.0,6.0,2024-02-07,Wednesday
3148,3149,34,16.0,1.0,2024-02-11,Sunday
3149,3150,192,7.0,5.0,2024-02-19,Monday
3150,3151,77,18.0,6.0,2024-02-08,Thursday
3151,3152,261,6.0,5.0,2024-02-05,Monday
3152,3153,247,11.0,9.0,2024-02-18,Sunday
3153,3154,220,18.0,8.0,2024-02-27,Tuesday
3154,3155,78,17.0,6.0,2024-02-15,Thursday
3155,3156,221,19.0,9.0,2024-02-11,Sunday
3156,3157,32,6.0,6.0,2024-02-10,Saturday
3157,3158,3,18.0,8.0,2024-02-01,Thursday
3158,3159,242,5.0,1.0,2024-02-08,Thursday
3159,3160,86,16.0,8.0,2024-02-25,Sunday
3160,3161,257,10.0,3.0,2024-02-16,Friday
3161,3162,102,1.0,10.0,2024-02-03,Saturday
3162,3163,73,23.0,5.0,2024-02-10,Saturday
3163,3164,27,12.0,8.0,2024-02-15,Thursday
3164,3165,219,4.0,10.0,2024-02-13,Tuesday
3165,3166,180,25.0,7.0,2024-02-10,Saturday
3166,3167,194,17.0,4.0,2024-02-01,Thursday
3167,3168,188,5.0,3.0,2024-02-05,Monday
3168,3169,187,7.0,8.0,2024-02-06,Tuesday
3169,3170,39,25.0,5.0,2024-02-01,Thursday
3170,3171,146,16.0,4.0,2024-02-11,Sunday
3171,3172,59,3.0,6.0,2024-02-02,Friday
3172,3173,78,14.0,1.0,2024-02-13,Tuesday
3173,3174,107,22.0,5.0,2024-02-20,Tuesday
3174,3175,105,8.0,6.0,2024-02-07,Wednesday
3175,3176,96,4.0,5.0,2024-02-03,Saturday
3176,3177,259,14.0,7.0,2024-02-08,Thursday
3177,3178,107,3.0,8.0,2024-02-14,Wednesday
3178,3179,266,5.0,5.0,2024-02-28,Wednesday
3179,3180,256,22.0,3.0,2024-02-02,Friday
3180,3181,73,1.0,9.0,2024-02-10,Saturday
3181,3182,9,11.0,2.0,2024-02-11,Sunday
3182,3183,254,4.0,7.0,2024-02-02,Friday
3183,3184,102,8.0,6.0,2024-02-07,Wednesday
3184,3185,103,1.0,2.0,2024-02-02,Friday
3185,3186,121,3.0,9.0,2024-02-01,Thursday
3186,3187,273,2.0,3.0,2024-02-08,Thursday
3187,3188,34,11.0,9.0,2024-02-06,Tuesday
3188,3189,118,2.0,5.0,2024-02-14,Wednesday
3189,3190,214,13.0,3.0,2024-02-17,Saturday
3190,3191,71,22.0,7.0,2024-02-28,Wednesday
3191,3192,235,23.0,5.0,2024-02-28,Wednesday
3192,3193,38,3.0,1.0,2024-02-07,Wednesday
3193,3194,5,20.0,7.0,2024-02-15,Thursday
3194,3195,72,4.0,9.0,2024-02-10,Saturday
3195,3196,120,16.0,7.0,2024-02-01,Thursday
3196,3197,249,14.0,8.0,2024-02-16,Friday
3197,3198,65,22.0,9.0,2024-02-14,Wednesday
3198,3199,270,22.0,6.0,2024-02-13,Tuesday
3199,3200,83,15.0,7.0,2024-02-14,Wednesday
3200,3201,264,1.0,10.0,2024-02-21,Wednesday
3201,3202,167,6.0,3.0,2024-02-22,Thursday
3202,3203,1,15.0,5.0,2024-02-11,Sunday
3203,3204,166,11.0,10.0,2024-02-14,Wednesday
3204,3205,254,13.0,5.0,2024-02-18,Sunday
3205,3206,13,11.0,1.0,2024-02-10,Saturday
3206,3207,199,11.0,8.0,2024-02-03,Saturday
3207,3208,181,13.0,6.0,2024-02-15,Thursday
3208,3209,158,17.0,7.0,2024-02-12,Monday
3209,3210,95,9.0,5.0,2024-02-17,Saturday
3210,3211,252,12.0,8.0,2024-02-21,Wednesday
3211,3212,73,19.0,4.0,2024-02-05,Monday
3212,3213,260,13.0,1.0,2024-02-25,Sunday
3213,3214,177,5.0,3.0,2024-02-14,Wednesday
3214,3215,288,1.0,7.0,2024-02-26,Monday
3215,3216,11,5.0,5.0,2024-02-21,Wednesday
3216,3217,294,15.0,6.0,2024-02-24,Saturday
3217,3218,168,16.0,2.0,2024-02-10,Saturday
3218,3219,189,14.0,8.0,2024-02-18,Sunday
3219,3220,186,21.0,5.0,2024-02-09,Friday
3220,3221,195,21.0,7.0,2024-02-22,Thursday
3221,3222,264,7.0,5.0,2024-02-18,Sunday
3222,3223,181,21.0,9.0,2024-02-28,Wednesday
3223,3224,223,13.0,5.0,2024-02-01,Thursday
3224,3225,243,12.0,9.0,2024-02-20,Tuesday
3225,3226,210,25.0,10.0,2024-02-21,Wednesday
3226,3227,221,20.0,6.0,2024-02-01,Thursday
3227,3228,164,2.0,6.0,2024-02-06,Tuesday
3228,3229,85,24.0,1.0,2024-02-06,Tuesday
3229,3230,101,19.0,1.0,2024-02-24,Saturday
3230,3231,162,9.0,6.0,2024-02-01,Thursday
3231,3232,33,14.0,3.0,2024-02-04,Sunday
3232,3233,3,10.0,6.0,2024-02-18,Sunday
3233,3234,117,3.0,3.0,2024-02-25,Sunday
3234,3235,120,8.0,8.0,2024-02-11,Sunday
3235,3236,52,4.0,3.0,2024-02-01,Thursday
3236,3237,206,12.0,3.0,2024-02-05,Monday
3237,3238,195,6.0,6.0,2024-02-12,Monday
3238,3239,284,23.0,6.0,2024-02-03,Saturday
3239,3240,21,20.0,2.0,2024-02-03,Saturday
3240,3241,156,12.0,6.0,2024-02-23,Friday
3241,3242,214,5.0,8.0,2024-02-14,Wednesday
3242,3243,129,13.0,2.0,2024-02-03,Saturday
3243,3244,192,14.0,3.0,2024-02-04,Sunday
3244,3245,264,9.0,9.0,2024-02-21,Wednesday
3245,3246,31,14.0,10.0,2024-02-14,Wednesday
3246,3247,121,20.0,10.0,2024-02-24,Saturday
3247,3248,172,2.0,6.0,2024-02-18,Sunday
3248,3249,215,15.0,4.0,2024-02-06,Tuesday
3249,3250,118,25.0,9.0,2024-02-02,Friday
3250,3251,47,22.0,5.0,2024-02-12,Monday
3251,3252,153,12.0,1.0,2024-02-06,Tuesday
3252,3253,127,9.0,3.0,2024-02-15,Thursday
3253,3254,33,4.0,6.0,2024-02-10,Saturday
3254,3255,44,17.0,4.0,2024-02-20,Tuesday
3255,3256,44,2.0,3.0,2024-02-16,Friday
3256,3257,165,1.0,7.0,2024-02-22,Thursday
3257,3258,200,11.0,2.0,2024-02-06,Tuesday
3258,3259,73,22.0,10.0,2024-02-17,Saturday
3259,3260,80,6.0,2.0,2024-02-19,Monday
3260,3261,227,7.0,8.0,2024-02-25,Sunday
3261,3262,71,19.0,9.0,2024-02-15,Thursday
3262,3263,42,12.0,4.0,2024-02-02,Friday
3263,3264,91,1.0,3.0,2024-02-26,Monday
3264,3265,285,20.0,1.0,2024-02-10,Saturday
3265,3266,88,20.0,6.0,2024-02-13,Tuesday
3266,3267,25,9.0,1.0,2024-02-07,Wednesday
3267,3268,236,22.0,6.0,2024-02-23,Friday
3268,3269,218,18.0,9.0,2024-02-08,Thursday
3269,3270,229,6.0,2.0,2024-02-04,Sunday
3270,3271,31,4.0,9.0,2024-02-04,Sunday
3271,3272,87,12.0,4.0,2024-02-24,Saturday
3272,3273,199,17.0,2.0,2024-02-08,Thursday
3273,3274,276,19.0,2.0,2024-02-08,Thursday
3274,3275,239,24.0,9.0,2024-02-16,Friday
3275,3276,22,1.0,6.0,2024-02-23,Friday
3276,3277,243,1.0,8.0,2024-02-18,Sunday
3277,3278,273,20.0,6.0,2024-02-01,Thursday
3278,3279,57,25.0,10.0,2024-02-26,Monday
3279,3280,187,14.0,10.0,2024-02-12,Monday
3280,3281,96,15.0,7.0,2024-02-15,Thursday
3281,3282,257,17.0,7.0,2024-02-08,Thursday
3282,3283,69,24.0,7.0,2024-02-25,Sunday
3283,3284,13,12.0,6.0,2024-02-07,Wednesday
3284,3285,245,24.0,5.0,2024-02-24,Saturday
3285,3286,148,22.0,7.0,2024-02-26,Monday
3287,3288,214,25.0,2.0,2024-02-22,Thursday
3288,3289,262,8.0,2.0,2024-02-24,Saturday
3289,3290,213,9.0,8.0,2024-02-11,Sunday
3290,3291,199,19.0,9.0,2024-02-07,Wednesday
3291,3292,119,1.0,1.0,2024-02-22,Thursday
3292,3293,206,24.0,4.0,2024-02-12,Monday
3293,3294,75,25.0,10.0,2024-02-16,Friday
3294,3295,115,9.0,2.0,2024-02-13,Tuesday
3295,3296,297,4.0,2.0,2024-02-17,Saturday
3296,3297,266,7.0,1.0,2024-02-23,Friday
3297,3298,206,21.0,1.0,2024-02-22,Thursday
3298,3299,267,21.0,5.0,2024-02-10,Saturday
3299,3300,30,11.0,3.0,2024-02-16,Friday
3300,3301,210,11.0,7.0,2024-02-18,Sunday
3301,3302,5,14.0,2.0,2024-02-22,Thursday
3302,3303,161,14.0,4.0,2024-02-27,Tuesday
3303,3304,188,12.0,8.0,2024-02-25,Sunday
3304,3305,157,20.0,7.0,2024-02-17,Saturday
3305,3306,109,17.0,10.0,2024-02-02,Friday
3306,3307,86,23.0,1.0,2024-02-27,Tuesday
3307,3308,40,14.0,8.0,2024-02-23,Friday
3308,3309,100,14.0,2.0,2024-02-16,Friday
3309,3310,138,19.0,1.0,2024-02-23,Friday
3310,3311,244,22.0,3.0,2024-02-12,Monday
3311,3312,116,11.0,7.0,2024-02-08,Thursday
3312,3313,281,25.0,2.0,2024-02-24,Saturday
3313,3314,75,11.0,6.0,2024-02-03,Saturday
3314,3315,95,11.0,9.0,2024-02-24,Saturday
3315,3316,131,16.0,7.0,2024-02-04,Sunday
3316,3317,97,13.0,1.0,2024-02-08,Thursday
3317,3318,133,4.0,4.0,2024-02-11,Sunday
3319,3320,267,22.0,6.0,2024-02-21,Wednesday
3320,3321,157,12.0,10.0,2024-02-09,Friday
3321,3322,91,23.0,2.0,2024-02-07,Wednesday
3322,3323,48,14.0,7.0,2024-02-07,Wednesday
3323,3324,99,14.0,8.0,2024-02-04,Sunday
3324,3325,151,1.0,3.0,2024-02-21,Wednesday
3325,3326,139,4.0,10.0,2024-02-24,Saturday
3326,3327,211,22.0,4.0,2024-02-11,Sunday
3327,3328,279,4.0,5.0,2024-02-25,Sunday
3328,3329,139,5.0,1.0,2024-02-26,Monday
3329,3330,158,15.0,7.0,2024-02-03,Saturday
3330,3331,219,22.0,2.0,2024-02-09,Friday
3331,3332,295,10.0,2.0,2024-02-20,Tuesday
3332,3333,99,15.0,1.0,2024-03-05,Tuesday
3333,3334,48,22.0,10.0,2024-03-06,Wednesday
3334,3335,37,1.0,4.0,2024-03-09,Saturday
3335,3336,90,2.0,3.0,2024-03-13,Wednesday
3336,3337,217,20.0,3.0,2024-03-08,Friday
3337,3338,292,9.0,2.0,2024-03-18,Monday
3338,3339,9,20.0,4.0,2024-03-09,Saturday
3339,3340,151,1.0,7.0,2024-03-24,Sunday
3340,3341,104,10.0,9.0,2024-03-08,Friday
3341,3342,53,24.0,9.0,2024-03-09,Saturday
3342,3343,186,10.0,3.0,2024-03-06,Wednesday
3343,3344,69,18.0,6.0,2024-03-07,Thursday
3344,3345,296,12.0,3.0,2024-03-21,Thursday
3345,3346,192,20.0,5.0,2024-03-27,Wednesday
3346,3347,292,14.0,10.0,2024-03-11,Monday
3347,3348,241,13.0,6.0,2024-03-26,Tuesday
3348,3349,20,25.0,10.0,2024-03-05,Tuesday
3349,3350,109,9.0,5.0,2024-03-13,Wednesday
3350,3351,223,14.0,8.0,2024-03-09,Saturday
3351,3352,55,15.0,1.0,2024-03-14,Thursday
3352,3353,134,20.0,8.0,2024-03-25,Monday
3353,3354,230,4.0,6.0,2024-03-14,Thursday
3354,3355,174,3.0,9.0,2024-03-01,Friday
3355,3356,150,9.0,10.0,2024-03-07,Thursday
3356,3357,189,20.0,7.0,2024-03-09,Saturday
3357,3358,172,14.0,7.0,2024-03-08,Friday
3358,3359,70,23.0,5.0,2024-03-14,Thursday
3359,3360,275,19.0,3.0,2024-03-04,Monday
3360,3361,67,11.0,1.0,2024-03-08,Friday
3361,3362,252,14.0,3.0,2024-03-10,Sunday
3362,3363,211,25.0,4.0,2024-03-08,Friday
3363,3364,287,2.0,7.0,2024-03-08,Friday
3364,3365,44,1.0,2.0,2024-03-18,Monday
3366,3367,251,15.0,6.0,2024-03-02,Saturday
3367,3368,213,5.0,1.0,2024-03-07,Thursday
3368,3369,109,21.0,10.0,2024-03-20,Wednesday
3369,3370,126,8.0,2.0,2024-03-05,Tuesday
3370,3371,216,3.0,8.0,2024-03-02,Saturday
3371,3372,64,15.0,5.0,2024-03-15,Friday
3372,3373,212,5.0,7.0,2024-03-18,Monday
3373,3374,284,20.0,8.0,2024-03-16,Saturday
3374,3375,140,22.0,5.0,2024-03-27,Wednesday
3375,3376,182,7.0,8.0,2024-03-27,Wednesday
3376,3377,123,16.0,7.0,2024-03-10,Sunday
3377,3378,77,1.0,8.0,2024-03-10,Sunday
3378,3379,153,3.0,2.0,2024-03-07,Thursday
3379,3380,30,2.0,1.0,2024-03-02,Saturday
3380,3381,183,24.0,9.0,2024-03-24,Sunday
3381,3382,171,21.0,7.0,2024-03-06,Wednesday
3382,3383,67,14.0,7.0,2024-03-22,Friday
3383,3384,19,9.0,8.0,2024-03-24,Sunday
3384,3385,126,10.0,10.0,2024-03-27,Wednesday
3385,3386,257,19.0,10.0,2024-03-03,Sunday
3386,3387,163,17.0,4.0,2024-03-09,Saturday
3387,3388,157,16.0,8.0,2024-03-21,Thursday
3388,3389,250,22.0,1.0,2024-03-19,Tuesday
3389,3390,197,18.0,3.0,2024-03-12,Tuesday
3390,3391,176,20.0,10.0,2024-03-20,Wednesday
3392,3393,147,1.0,6.0,2024-03-08,Friday
3393,3394,80,3.0,5.0,2024-03-03,Sunday
3394,3395,158,16.0,5.0,2024-03-18,Monday
3395,3396,233,24.0,9.0,2024-03-10,Sunday
3396,3397,2,7.0,6.0,2024-03-01,Friday
3397,3398,86,24.0,4.0,2024-03-08,Friday
3398,3399,276,24.0,7.0,2024-03-28,Thursday
3399,3400,105,3.0,4.0,2024-03-22,Friday
3400,3401,264,12.0,4.0,2024-03-14,Thursday
3401,3402,41,12.0,4.0,2024-03-25,Monday
3402,3403,61,16.0,9.0,2024-03-20,Wednesday
3403,3404,296,17.0,5.0,2024-03-03,Sunday
3404,3405,284,13.0,6.0,2024-03-28,Thursday
3405,3406,92,7.0,9.0,2024-03-19,Tuesday
3406,3407,293,3.0,9.0,2024-03-24,Sunday
3407,3408,273,3.0,5.0,2024-03-05,Tuesday
3408,3409,89,10.0,3.0,2024-03-12,Tuesday
3409,3410,124,25.0,1.0,2024-03-04,Monday
3410,3411,80,16.0,4.0,2024-03-10,Sunday
3411,3412,128,3.0,6.0,2024-03-07,Thursday
3412,3413,165,8.0,1.0,2024-03-10,Sunday
3413,3414,226,18.0,2.0,2024-03-02,Saturday
3414,3415,209,12.0,10.0,2024-03-11,Monday
3415,3416,222,8.0,5.0,2024-03-04,Monday
3416,3417,95,20.0,10.0,2024-03-20,Wednesday
3417,3418,175,5.0,1.0,2024-03-20,Wednesday
3418,3419,12,14.0,2.0,2024-03-21,Thursday
3419,3420,9,2.0,9.0,2024-03-09,Saturday
3420,3421,208,18.0,3.0,2024-03-05,Tuesday
3421,3422,256,12.0,7.0,2024-03-27,Wednesday
3422,3423,75,1.0,9.0,2024-03-19,Tuesday
3423,3424,2,1.0,6.0,2024-03-26,Tuesday
3424,3425,181,16.0,3.0,2024-03-15,Friday
3425,3426,104,6.0,3.0,2024-03-22,Friday
3426,3427,287,11.0,10.0,2024-03-26,Tuesday
3427,3428,63,5.0,10.0,2024-03-06,Wednesday
3428,3429,170,22.0,9.0,2024-03-01,Friday
3429,3430,265,13.0,1.0,2024-03-18,Monday
3430,3431,94,9.0,1.0,2024-03-10,Sunday
3431,3432,205,23.0,10.0,2024-03-19,Tuesday
3432,3433,43,21.0,9.0,2024-03-11,Monday
3433,3434,133,7.0,1.0,2024-03-21,Thursday
3434,3435,69,8.0,9.0,2024-03-17,Sunday
3435,3436,178,14.0,10.0,2024-03-07,Thursday
3436,3437,214,21.0,3.0,2024-03-19,Tuesday
3438,3439,229,3.0,10.0,2024-03-01,Friday
3439,3440,132,17.0,10.0,2024-03-24,Sunday
3440,3441,292,10.0,5.0,2024-03-04,Monday
3441,3442,25,12.0,4.0,2024-03-08,Friday
3442,3443,210,16.0,4.0,2024-03-11,Monday
3443,3444,202,16.0,1.0,2024-03-17,Sunday
3444,3445,271,24.0,7.0,2024-03-23,Saturday
3445,3446,86,12.0,9.0,2024-03-06,Wednesday
3446,3447,275,1.0,2.0,2024-03-12,Tuesday
3447,3448,262,17.0,6.0,2024-03-22,Friday
3448,3449,210,21.0,8.0,2024-03-13,Wednesday
3449,3450,113,16.0,5.0,2024-03-27,Wednesday
3450,3451,41,8.0,6.0,2024-03-16,Saturday
3451,3452,169,20.0,3.0,2024-03-16,Saturday
3452,3453,142,3.0,2.0,2024-03-17,Sunday
3453,3454,81,14.0,8.0,2024-03-24,Sunday
3454,3455,253,14.0,5.0,2024-03-14,Thursday
3455,3456,184,25.0,7.0,2024-03-13,Wednesday
3456,3457,122,24.0,1.0,2024-03-07,Thursday
3457,3458,95,2.0,2.0,2024-03-02,Saturday
3458,3459,295,16.0,3.0,2024-03-05,Tuesday
3459,3460,111,10.0,10.0,2024-03-18,Monday
3460,3461,267,25.0,5.0,2024-03-03,Sunday
3461,3462,18,9.0,1.0,2024-03-10,Sunday
3462,3463,171,8.0,8.0,2024-03-17,Sunday
3463,3464,249,4.0,6.0,2024-03-01,Friday
3464,3465,202,2.0,10.0,2024-03-09,Saturday
3465,3466,207,21.0,3.0,2024-03-11,Monday
3466,3467,154,20.0,10.0,2024-03-05,Tuesday
3467,3468,179,14.0,8.0,2024-03-05,Tuesday
3468,3469,22,6.0,2.0,2024-03-11,Monday
3469,3470,112,18.0,4.0,2024-03-15,Friday
3470,3471,72,3.0,3.0,2024-03-07,Thursday
3471,3472,245,21.0,9.0,2024-03-01,Friday
3472,3473,12,16.0,6.0,2024-03-19,Tuesday
3473,3474,259,3.0,8.0,2024-03-05,Tuesday
3474,3475,154,4.0,5.0,2024-03-07,Thursday
3475,3476,142,20.0,9.0,2024-03-25,Monday
3476,3477,173,22.0,10.0,2024-03-14,Thursday
3477,3478,299,2.0,8.0,2024-03-24,Sunday
3478,3479,108,21.0,5.0,2024-03-18,Monday
3479,3480,173,14.0,10.0,2024-03-01,Friday
3480,3481,28,16.0,7.0,2024-03-10,Sunday
3481,3482,185,19.0,8.0,2024-03-22,Friday
3482,3483,64,11.0,5.0,2024-03-25,Monday
3483,3484,124,22.0,2.0,2024-03-23,Saturday
3484,3485,181,12.0,8.0,2024-03-09,Saturday
3485,3486,250,10.0,2.0,2024-03-21,Thursday
3486,3487,161,5.0,4.0,2024-03-12,Tuesday
3487,3488,299,12.0,8.0,2024-03-16,Saturday
3488,3489,210,13.0,1.0,2024-03-17,Sunday
3489,3490,61,25.0,4.0,2024-03-24,Sunday
3490,3491,155,15.0,1.0,2024-03-09,Saturday
3491,3492,228,21.0,2.0,2024-03-22,Friday
3492,3493,126,10.0,2.0,2024-03-19,Tuesday
3493,3494,111,16.0,5.0,2024-03-02,Saturday
3494,3495,199,4.0,1.0,2024-03-22,Friday
3495,3496,21,25.0,2.0,2024-03-13,Wednesday
3496,3497,139,19.0,1.0,2024-03-20,Wednesday
3497,3498,161,22.0,2.0,2024-03-04,Monday
3498,3499,122,22.0,9.0,2024-03-14,Thursday
3499,3500,181,7.0,7.0,2024-03-22,Friday
3500,3501,209,2.0,8.0,2024-03-18,Monday
3501,3502,44,7.0,4.0,2024-03-25,Monday
3502,3503,140,7.0,1.0,2024-03-10,Sunday
3503,3504,117,14.0,7.0,2024-03-11,Monday
3504,3505,291,14.0,8.0,2024-03-23,Saturday
3505,3506,101,23.0,1.0,2024-03-22,Friday
3506,3507,224,12.0,9.0,2024-03-01,Friday
3507,3508,176,6.0,7.0,2024-03-26,Tuesday
3508,3509,35,5.0,9.0,2024-03-14,Thursday
3509,3510,65,22.0,3.0,2024-03-06,Wednesday
3510,3511,86,11.0,3.0,2024-03-04,Monday
3511,3512,280,19.0,3.0,2024-03-28,Thursday
3512,3513,164,15.0,5.0,2024-03-12,Tuesday
3513,3514,163,9.0,5.0,2024-03-04,Monday
3514,3515,176,3.0,4.0,2024-03-17,Sunday
3515,3516,74,2.0,4.0,2024-03-18,Monday
3516,3517,228,24.0,7.0,2024-03-18,Monday
3517,3518,255,3.0,5.0,2024-03-01,Friday
3518,3519,268,8.0,4.0,2024-03-02,Saturday
3519,3520,227,6.0,9.0,2024-03-07,Thursday
3520,3521,247,25.0,7.0,2024-03-16,Saturday
3521,3522,294,1.0,7.0,2024-03-04,Monday
3522,3523,239,13.0,3.0,2024-03-16,Saturday
3523,3524,34,21.0,7.0,2024-03-05,Tuesday
3524,3525,280,17.0,9.0,2024-03-10,Sunday
3525,3526,295,8.0,1.0,2024-03-06,Wednesday
3526,3527,169,13.0,5.0,2024-03-04,Monday
3527,3528,19,11.0,4.0,2024-03-26,Tuesday
3528,3529,292,2.0,10.0,2024-03-21,Thursday
3529,3530,153,5.0,6.0,2024-03-23,Saturday
3530,3531,28,4.0,9.0,2024-03-18,Monday
3531,3532,279,5.0,10.0,2024-03-15,Friday
3532,3533,171,8.0,2.0,2024-03-13,Wednesday
3533,3534,175,6.0,7.0,2024-03-04,Monday
3534,3535,13,18.0,9.0,2024-03-17,Sunday
3535,3536,119,7.0,6.0,2024-03-27,Wednesday
3536,3537,43,1.0,7.0,2024-03-26,Tuesday
3537,3538,160,11.0,5.0,2024-03-23,Saturday
3538,3539,84,24.0,2.0,2024-03-25,Monday
3539,3540,126,7.0,2.0,2024-03-21,Thursday
3540,3541,297,1.0,4.0,2024-03-20,Wednesday
3541,3542,253,3.0,8.0,2024-03-12,Tuesday
3542,3543,30,19.0,5.0,2024-03-23,Saturday
3543,3544,201,9.0,9.0,2024-03-21,Thursday
3544,3545,123,15.0,7.0,2024-03-18,Monday
3546,3547,233,22.0,4.0,2024-03-16,Saturday
3547,3548,116,6.0,5.0,2024-03-27,Wednesday
3549,3550,23,19.0,5.0,2024-03-24,Sunday
3550,3551,278,3.0,6.0,2024-03-28,Thursday
3551,3552,233,20.0,10.0,2024-03-19,Tuesday
3552,3553,245,14.0,2.0,2024-03-19,Tuesday
3553,3554,231,12.0,5.0,2024-03-11,Monday
3554,3555,234,5.0,3.0,2024-03-10,Sunday
3555,3556,13,25.0,4.0,2024-03-09,Saturday
3556,3557,179,24.0,7.0,2024-03-24,Sunday
3557,3558,209,3.0,4.0,2024-03-26,Tuesday
3558,3559,227,15.0,8.0,2024-03-02,Saturday
3559,3560,290,14.0,3.0,2024-03-19,Tuesday
3560,3561,228,3.0,2.0,2024-03-08,Friday
3561,3562,284,20.0,7.0,2024-03-02,Saturday
3562,3563,86,10.0,4.0,2024-03-25,Monday
3563,3564,111,20.0,10.0,2024-03-13,Wednesday
3564,3565,206,23.0,1.0,2024-03-13,Wednesday
3565,3566,117,22.0,1.0,2024-03-05,Tuesday
3566,3567,201,11.0,3.0,2024-03-17,Sunday
3567,3568,25,2.0,7.0,2024-03-17,Sunday
3568,3569,148,18.0,8.0,2024-03-04,Monday
3569,3570,267,1.0,5.0,2024-03-10,Sunday
3570,3571,4,11.0,4.0,2024-03-10,Sunday
3571,3572,16,16.0,9.0,2024-03-18,Monday
3572,3573,279,13.0,1.0,2024-03-24,Sunday
3573,3574,63,8.0,2.0,2024-03-03,Sunday
3574,3575,167,18.0,7.0,2024-03-19,Tuesday
3575,3576,277,16.0,10.0,2024-03-17,Sunday
3576,3577,40,9.0,3.0,2024-03-26,Tuesday
3577,3578,58,16.0,10.0,2024-03-14,Thursday
3578,3579,100,25.0,3.0,2024-03-16,Saturday
3579,3580,166,3.0,1.0,2024-03-11,Monday
3580,3581,11,5.0,3.0,2024-03-01,Friday
3581,3582,185,10.0,6.0,2024-03-09,Saturday
3582,3583,35,2.0,5.0,2024-03-15,Friday
3583,3584,51,12.0,3.0,2024-03-15,Friday
3584,3585,27,8.0,7.0,2024-03-25,Monday
3585,3586,97,7.0,1.0,2024-03-16,Saturday
3586,3587,285,7.0,7.0,2024-03-14,Thursday
3587,3588,46,9.0,6.0,2024-03-08,Friday
3588,3589,138,24.0,9.0,2024-03-20,Wednesday
3589,3590,187,2.0,2.0,2024-03-28,Thursday
3590,3591,15,20.0,3.0,2024-03-02,Saturday
3591,3592,282,24.0,6.0,2024-03-05,Tuesday
3592,3593,2,9.0,10.0,2024-03-16,Saturday
3593,3594,53,11.0,9.0,2024-03-12,Tuesday
3594,3595,40,14.0,4.0,2024-03-03,Sunday
3595,3596,10,15.0,6.0,2024-03-23,Saturday
3596,3597,159,6.0,5.0,2024-03-08,Friday
3597,3598,67,12.0,10.0,2024-03-08,Friday
3598,3599,295,16.0,8.0,2024-03-14,Thursday
3599,3600,88,25.0,5.0,2024-03-07,Thursday
3600,3601,156,20.0,8.0,2024-03-28,Thursday
3601,3602,173,13.0,5.0,2024-03-22,Friday
3602,3603,293,2.0,4.0,2024-03-01,Friday
3603,3604,242,19.0,7.0,2024-03-24,Sunday
3604,3605,147,1.0,10.0,2024-03-16,Saturday
3605,3606,148,6.0,7.0,2024-03-23,Saturday
3606,3607,134,20.0,3.0,2024-03-26,Tuesday
3607,3608,44,23.0,5.0,2024-03-02,Saturday
3608,3609,76,15.0,4.0,2024-03-25,Monday
3609,3610,203,10.0,2.0,2024-03-11,Monday
3610,3611,7,1.0,2.0,2024-03-20,Wednesday
3611,3612,169,20.0,9.0,2024-03-26,Tuesday
3612,3613,276,21.0,4.0,2024-03-21,Thursday
3613,3614,213,23.0,8.0,2024-03-03,Sunday
3614,3615,11,6.0,3.0,2024-03-24,Sunday
3615,3616,121,13.0,6.0,2024-03-05,Tuesday
3616,3617,20,23.0,1.0,2024-03-14,Thursday
3617,3618,160,10.0,3.0,2024-03-27,Wednesday
3618,3619,134,22.0,1.0,2024-03-21,Thursday
3619,3620,253,20.0,3.0,2024-03-24,Sunday
3620,3621,138,19.0,4.0,2024-03-08,Friday
3621,3622,10,9.0,6.0,2024-03-22,Friday
3622,3623,178,6.0,9.0,2024-03-11,Monday
3623,3624,262,4.0,4.0,2024-03-08,Friday
3624,3625,107,2.0,3.0,2024-03-04,Monday
3625,3626,244,9.0,1.0,2024-03-07,Thursday
3626,3627,29,8.0,4.0,2024-03-03,Sunday
3627,3628,68,11.0,2.0,2024-03-03,Sunday
3628,3629,274,16.0,1.0,2024-03-09,Saturday
3629,3630,140,5.0,3.0,2024-03-22,Friday
3630,3631,157,3.0,2.0,2024-03-27,Wednesday
3631,3632,165,8.0,9.0,2024-03-16,Saturday
3632,3633,47,8.0,6.0,2024-03-24,Sunday
3633,3634,131,25.0,2.0,2024-03-04,Monday
3634,3635,161,12.0,8.0,2024-03-13,Wednesday
3635,3636,264,21.0,3.0,2024-03-01,Friday
3636,3637,211,5.0,2.0,2024-03-22,Friday
3637,3638,222,8.0,6.0,2024-03-01,Friday
3638,3639,161,2.0,5.0,2024-03-18,Monday
3639,3640,184,22.0,7.0,2024-03-03,Sunday
3640,3641,217,1.0,9.0,2024-03-02,Saturday
3641,3642,146,25.0,7.0,2024-03-24,Sunday
3642,3643,263,17.0,9.0,2024-03-07,Thursday
3643,3644,201,22.0,2.0,2024-03-17,Sunday
3644,3645,243,23.0,9.0,2024-03-27,Wednesday
3645,3646,24,12.0,1.0,2024-03-13,Wednesday
3646,3647,83,13.0,8.0,2024-03-16,Saturday
3647,3648,81,1.0,9.0,2024-03-28,Thursday
3648,3649,99,15.0,4.0,2024-03-15,Friday
3649,3650,15,18.0,4.0,2024-03-15,Friday
3650,3651,300,21.0,10.0,2024-03-12,Tuesday
3651,3652,105,14.0,8.0,2024-03-16,Saturday
3652,3653,223,13.0,9.0,2024-03-12,Tuesday
3653,3654,252,4.0,2.0,2024-03-02,Saturday
3654,3655,188,13.0,4.0,2024-03-25,Monday
3655,3656,225,7.0,10.0,2024-03-02,Saturday
3656,3657,178,14.0,6.0,2024-03-25,Monday
3657,3658,124,1.0,4.0,2024-03-18,Monday
3658,3659,83,14.0,2.0,2024-03-22,Friday
3659,3660,74,9.0,1.0,2024-03-27,Wednesday
3660,3661,30,11.0,5.0,2024-03-24,Sunday
3661,3662,282,7.0,10.0,2024-03-15,Friday
3662,3663,70,10.0,7.0,2024-03-07,Thursday
3663,3664,128,17.0,4.0,2024-03-01,Friday
3664,3665,161,6.0,10.0,2024-03-01,Friday
3665,3666,143,4.0,8.0,2024-03-21,Thursday
3666,3667,212,25.0,7.0,2024-03-23,Saturday
3667,3668,194,6.0,3.0,2024-03-11,Monday
3668,3669,85,5.0,4.0,2024-03-10,Sunday
3669,3670,196,24.0,8.0,2024-03-04,Monday
3670,3671,189,17.0,10.0,2024-03-04,Monday
3671,3672,85,25.0,9.0,2024-03-03,Sunday
3672,3673,278,4.0,3.0,2024-03-17,Sunday
3673,3674,249,21.0,10.0,2024-03-26,Tuesday
3674,3675,72,16.0,7.0,2024-03-26,Tuesday
3675,3676,156,10.0,3.0,2024-03-09,Saturday
3676,3677,275,18.0,7.0,2024-03-28,Thursday
3677,3678,154,12.0,1.0,2024-03-27,Wednesday
3678,3679,17,23.0,3.0,2024-03-19,Tuesday
3679,3680,63,20.0,4.0,2024-03-13,Wednesday
3680,3681,48,17.0,10.0,2024-03-04,Monday
3681,3682,65,24.0,6.0,2024-03-22,Friday
3682,3683,156,24.0,8.0,2024-03-25,Monday
3683,3684,24,8.0,5.0,2024-03-25,Monday
3684,3685,288,21.0,2.0,2024-03-11,Monday
3685,3686,119,6.0,6.0,2024-03-19,Tuesday
3687,3688,198,15.0,2.0,2024-03-15,Friday
3688,3689,102,4.0,5.0,2024-03-13,Wednesday
3689,3690,79,15.0,6.0,2024-03-09,Saturday
3690,3691,138,1.0,4.0,2024-03-15,Friday
3691,3692,298,20.0,9.0,2024-03-08,Friday
3692,3693,118,13.0,10.0,2024-03-21,Thursday
3693,3694,3,13.0,1.0,2024-03-26,Tuesday
3694,3695,34,23.0,9.0,2024-03-13,Wednesday
3695,3696,19,3.0,1.0,2024-03-21,Thursday
3696,3697,49,6.0,6.0,2024-03-10,Sunday
3697,3698,144,15.0,5.0,2024-03-20,Wednesday
3698,3699,299,17.0,10.0,2024-03-03,Sunday
3699,3700,127,13.0,2.0,2024-03-15,Friday
3700,3701,37,15.0,8.0,2024-03-08,Friday
3701,3702,159,20.0,4.0,2024-03-02,Saturday
3702,3703,38,15.0,2.0,2024-03-27,Wednesday
3703,3704,13,6.0,2.0,2024-03-26,Tuesday
3704,3705,217,15.0,5.0,2024-03-22,Friday
3705,3706,209,23.0,6.0,2024-03-19,Tuesday
3706,3707,14,7.0,4.0,2024-03-25,Monday
3707,3708,300,19.0,3.0,2024-03-12,Tuesday
3708,3709,58,24.0,10.0,2024-03-08,Friday
3709,3710,291,10.0,7.0,2024-03-17,Sunday
3710,3711,101,24.0,9.0,2024-03-13,Wednesday
3711,3712,125,20.0,3.0,2024-03-13,Wednesday
3712,3713,134,23.0,2.0,2024-03-09,Saturday
3713,3714,247,20.0,7.0,2024-03-01,Friday
3714,3715,52,16.0,4.0,2024-03-05,Tuesday
3715,3716,199,5.0,6.0,2024-03-19,Tuesday
3716,3717,190,25.0,5.0,2024-03-27,Wednesday
3717,3718,230,1.0,2.0,2024-03-21,Thursday
3718,3719,3,8.0,10.0,2024-03-05,Tuesday
3719,3720,51,24.0,9.0,2024-03-24,Sunday
3720,3721,165,5.0,10.0,2024-03-11,Monday
3722,3723,29,3.0,6.0,2024-03-28,Thursday
3723,3724,133,9.0,10.0,2024-03-03,Sunday
3724,3725,285,17.0,3.0,2024-03-28,Thursday
3725,3726,294,20.0,1.0,2024-03-23,Saturday
3726,3727,245,5.0,4.0,2024-03-02,Saturday
3727,3728,64,16.0,8.0,2024-03-14,Thursday
3728,3729,163,24.0,7.0,2024-03-03,Sunday
3729,3730,70,5.0,1.0,2024-03-17,Sunday
3730,3731,148,4.0,8.0,2024-03-21,Thursday
3731,3732,15,5.0,4.0,2024-03-23,Saturday
3732,3733,217,17.0,4.0,2024-03-19,Tuesday
3733,3734,223,9.0,1.0,2024-03-26,Tuesday
3734,3735,293,24.0,4.0,2024-03-05,Tuesday
3735,3736,206,15.0,2.0,2024-03-08,Friday
3736,3737,291,11.0,3.0,2024-03-20,Wednesday
3737,3738,155,22.0,9.0,2024-03-26,Tuesday
3738,3739,278,14.0,9.0,2024-03-04,Monday
3739,3740,114,8.0,1.0,2024-03-23,Saturday
3740,3741,256,16.0,2.0,2024-03-12,Tuesday
3741,3742,29,25.0,7.0,2024-03-16,Saturday
3742,3743,27,6.0,6.0,2024-03-01,Friday
3743,3744,200,8.0,8.0,2024-03-24,Sunday
3744,3745,12,7.0,3.0,2024-03-03,Sunday
3745,3746,164,12.0,10.0,2024-03-15,Friday
3746,3747,293,7.0,10.0,2024-03-28,Thursday
3747,3748,35,19.0,3.0,2024-03-22,Friday
3748,3749,111,13.0,8.0,2024-03-14,Thursday
3749,3750,238,14.0,2.0,2024-03-18,Monday
3750,3751,106,7.0,1.0,2024-03-12,Tuesday
3751,3752,261,23.0,3.0,2024-03-09,Saturday
3752,3753,262,15.0,4.0,2024-03-06,Wednesday
3753,3754,242,22.0,9.0,2024-03-21,Thursday
3754,3755,181,25.0,5.0,2024-03-01,Friday
3755,3756,230,1.0,9.0,2024-03-09,Saturday
3756,3757,83,16.0,10.0,2024-03-07,Thursday
3757,3758,81,20.0,6.0,2024-03-23,Saturday
3758,3759,187,3.0,1.0,2024-03-23,Saturday
3759,3760,66,5.0,7.0,2024-03-02,Saturday
3760,3761,215,1.0,8.0,2024-03-02,Saturday
3761,3762,119,1.0,4.0,2024-03-27,Wednesday
3762,3763,234,11.0,4.0,2024-03-25,Monday
3763,3764,287,1.0,10.0,2024-03-13,Wednesday
3764,3765,219,20.0,7.0,2024-03-22,Friday
3765,3766,1,9.0,6.0,2024-03-01,Friday
3767,3768,283,1.0,2.0,2024-03-16,Saturday
3768,3769,212,23.0,3.0,2024-03-10,Sunday
3769,3770,163,1.0,10.0,2024-03-19,Tuesday
3770,3771,100,4.0,6.0,2024-03-12,Tuesday
3771,3772,84,5.0,9.0,2024-03-27,Wednesday
3772,3773,228,21.0,5.0,2024-03-24,Sunday
3773,3774,157,16.0,7.0,2024-03-28,Thursday
3774,3775,24,25.0,2.0,2024-03-25,Monday
3775,3776,260,22.0,7.0,2024-03-23,Saturday
3776,3777,206,2.0,4.0,2024-03-18,Monday
3777,3778,11,9.0,6.0,2024-03-26,Tuesday
3778,3779,242,4.0,9.0,2024-03-28,Thursday
3779,3780,68,6.0,10.0,2024-03-23,Saturday
3780,3781,152,22.0,6.0,2024-03-11,Monday
3781,3782,209,15.0,6.0,2024-03-28,Thursday
3782,3783,230,19.0,9.0,2024-03-25,Monday
3783,3784,74,15.0,5.0,2024-03-04,Monday
3784,3785,282,19.0,6.0,2024-03-02,Saturday
3785,3786,179,22.0,3.0,2024-03-07,Thursday
3786,3787,193,2.0,1.0,2024-03-15,Friday
3787,3788,67,22.0,9.0,2024-03-19,Tuesday
3788,3789,254,9.0,7.0,2024-03-24,Sunday
3789,3790,246,19.0,10.0,2024-03-11,Monday
3790,3791,113,7.0,9.0,2024-03-17,Sunday
3791,3792,75,17.0,6.0,2024-03-18,Monday
3792,3793,263,21.0,2.0,2024-03-25,Monday
3793,3794,203,23.0,4.0,2024-03-19,Tuesday
3794,3795,3,16.0,4.0,2024-03-19,Tuesday
3795,3796,153,9.0,6.0,2024-03-22,Friday
3796,3797,142,4.0,1.0,2024-03-27,Wednesday
3797,3798,198,21.0,6.0,2024-03-25,Monday
3798,3799,291,4.0,7.0,2024-03-09,Saturday
3799,3800,264,7.0,10.0,2024-03-21,Thursday
3800,3801,28,15.0,10.0,2024-03-14,Thursday
3801,3802,231,17.0,4.0,2024-03-14,Thursday
3802,3803,37,13.0,8.0,2024-03-07,Thursday
3803,3804,251,23.0,4.0,2024-03-22,Friday
3804,3805,239,15.0,7.0,2024-03-21,Thursday
3805,3806,14,21.0,1.0,2024-03-13,Wednesday
3806,3807,102,23.0,9.0,2024-03-07,Thursday
3807,3808,175,5.0,9.0,2024-03-24,Sunday
3808,3809,71,22.0,7.0,2024-03-08,Friday
3809,3810,170,4.0,5.0,2024-03-20,Wednesday
3810,3811,66,8.0,5.0,2024-03-14,Thursday
3811,3812,18,19.0,4.0,2024-03-12,Tuesday
3812,3813,22,5.0,1.0,2024-03-09,Saturday
3813,3814,159,9.0,6.0,2024-03-26,Tuesday
3814,3815,56,18.0,10.0,2024-03-03,Sunday
3815,3816,8,14.0,6.0,2024-03-04,Monday
3816,3817,77,18.0,4.0,2024-03-12,Tuesday
3818,3819,175,19.0,6.0,2024-03-07,Thursday
3819,3820,256,16.0,8.0,2024-03-22,Friday
3820,3821,119,21.0,3.0,2024-03-07,Thursday
3821,3822,135,22.0,7.0,2024-03-23,Saturday
3822,3823,290,13.0,3.0,2024-03-19,Tuesday
3823,3824,95,5.0,1.0,2024-03-11,Monday
3824,3825,235,25.0,10.0,2024-03-15,Friday
3825,3826,35,11.0,2.0,2024-03-19,Tuesday
3826,3827,17,15.0,7.0,2024-03-04,Monday
3827,3828,283,21.0,4.0,2024-03-27,Wednesday
3828,3829,38,24.0,10.0,2024-03-26,Tuesday
3829,3830,2,11.0,4.0,2024-03-06,Wednesday
3830,3831,29,18.0,3.0,2024-03-21,Thursday
3831,3832,94,15.0,1.0,2024-03-11,Monday
3832,3833,228,6.0,9.0,2024-03-07,Thursday
3833,3834,266,23.0,1.0,2024-03-06,Wednesday
3834,3835,28,10.0,5.0,2024-03-17,Sunday
3835,3836,139,16.0,7.0,2024-03-27,Wednesday
3836,3837,219,9.0,8.0,2024-03-27,Wednesday
3837,3838,237,7.0,8.0,2024-03-16,Saturday
3839,3840,240,15.0,1.0,2024-03-20,Wednesday
3840,3841,79,18.0,5.0,2024-03-26,Tuesday
3841,3842,76,13.0,2.0,2024-03-09,Saturday
3842,3843,175,7.0,8.0,2024-03-14,Thursday
3843,3844,199,24.0,7.0,2024-03-07,Thursday
3844,3845,206,13.0,5.0,2024-03-19,Tuesday
3845,3846,74,15.0,10.0,2024-03-06,Wednesday
3846,3847,69,18.0,6.0,2024-03-22,Friday
3847,3848,10,3.0,10.0,2024-03-18,Monday
3848,3849,268,15.0,1.0,2024-03-01,Friday
3849,3850,205,16.0,2.0,2024-03-15,Friday
3850,3851,29,16.0,5.0,2024-03-14,Thursday
3851,3852,227,20.0,7.0,2024-03-10,Sunday
3852,3853,168,3.0,2.0,2024-03-01,Friday
3853,3854,55,16.0,9.0,2024-03-06,Wednesday
3854,3855,25,5.0,6.0,2024-03-06,Wednesday
3855,3856,118,23.0,10.0,2024-03-22,Friday
3856,3857,241,12.0,10.0,2024-03-21,Thursday
3857,3858,171,21.0,4.0,2024-03-20,Wednesday
3858,3859,159,9.0,3.0,2024-03-22,Friday
3859,3860,133,22.0,3.0,2024-03-10,Sunday
3860,3861,109,15.0,5.0,2024-03-22,Friday
3861,3862,97,8.0,8.0,2024-03-25,Monday
3862,3863,217,25.0,7.0,2024-03-22,Friday
3864,3865,46,15.0,5.0,2024-03-12,Tuesday
3865,3866,201,17.0,9.0,2024-03-20,Wednesday
3866,3867,30,7.0,6.0,2024-03-24,Sunday
3867,3868,183,15.0,5.0,2024-03-20,Wednesday
3868,3869,94,9.0,6.0,2024-03-15,Friday
3869,3870,60,3.0,1.0,2024-03-26,Tuesday
3870,3871,274,9.0,7.0,2024-03-20,Wednesday
3871,3872,165,20.0,4.0,2024-03-12,Tuesday
3872,3873,257,22.0,4.0,2024-03-24,Sunday
3873,3874,273,1.0,1.0,2024-03-28,Thursday
3875,3876,295,17.0,8.0,2024-03-04,Monday
3876,3877,33,25.0,5.0,2024-03-20,Wednesday
3877,3878,157,13.0,1.0,2024-03-15,Friday
3878,3879,281,9.0,8.0,2024-03-03,Sunday
3879,3880,94,16.0,6.0,2024-03-12,Tuesday
3880,3881,93,14.0,8.0,2024-03-20,Wednesday
3881,3882,233,19.0,9.0,2024-03-11,Monday
3882,3883,133,15.0,5.0,2024-03-01,Friday
3883,3884,70,24.0,10.0,2024-03-14,Thursday
3884,3885,169,20.0,7.0,2024-03-22,Friday
3885,3886,298,7.0,5.0,2024-03-20,Wednesday
3886,3887,79,9.0,9.0,2024-03-20,Wednesday
3887,3888,179,14.0,2.0,2024-03-12,Tuesday
3888,3889,70,23.0,3.0,2024-03-02,Saturday
3889,3890,15,22.0,7.0,2024-03-01,Friday
3890,3891,53,13.0,1.0,2024-03-21,Thursday
3891,3892,28,7.0,8.0,2024-03-21,Thursday
3892,3893,35,18.0,7.0,2024-03-10,Sunday
3893,3894,215,7.0,2.0,2024-03-21,Thursday
3894,3895,8,16.0,9.0,2024-03-16,Saturday
3895,3896,203,14.0,2.0,2024-03-12,Tuesday
3896,3897,263,13.0,7.0,2024-03-23,Saturday
3897,3898,15,6.0,9.0,2024-03-05,Tuesday
3898,3899,268,23.0,9.0,2024-03-11,Monday
3899,3900,200,19.0,10.0,2024-03-18,Monday
3900,3901,273,10.0,8.0,2024-03-02,Saturday
3901,3902,86,20.0,9.0,2024-03-03,Sunday
3902,3903,86,7.0,3.0,2024-03-14,Thursday
3903,3904,151,5.0,8.0,2024-03-18,Monday
3904,3905,278,23.0,6.0,2024-03-15,Friday
3905,3906,125,5.0,1.0,2024-03-15,Friday
3906,3907,225,3.0,1.0,2024-03-08,Friday
3907,3908,178,25.0,6.0,2024-03-14,Thursday
3908,3909,67,15.0,8.0,2024-03-02,Saturday
3909,3910,272,12.0,10.0,2024-03-05,Tuesday
3910,3911,65,6.0,9.0,2024-03-15,Friday
3911,3912,84,9.0,1.0,2024-03-11,Monday
3912,3913,211,17.0,10.0,2024-03-08,Friday
3913,3914,235,21.0,1.0,2024-03-16,Saturday
3914,3915,36,12.0,10.0,2024-03-10,Sunday
3915,3916,120,17.0,7.0,2024-03-11,Monday
3916,3917,143,17.0,5.0,2024-03-24,Sunday
3917,3918,92,20.0,2.0,2024-03-18,Monday
3918,3919,239,23.0,8.0,2024-03-14,Thursday
3919,3920,135,11.0,10.0,2024-03-09,Saturday
3920,3921,17,16.0,7.0,2024-03-11,Monday
3921,3922,25,8.0,4.0,2024-03-04,Monday
3922,3923,256,3.0,7.0,2024-03-12,Tuesday
3923,3924,165,18.0,2.0,2024-03-04,Monday
3924,3925,235,9.0,4.0,2024-03-05,Tuesday
3925,3926,85,17.0,8.0,2024-03-13,Wednesday
3926,3927,189,15.0,10.0,2024-03-16,Saturday
3927,3928,292,12.0,6.0,2024-03-21,Thursday
3928,3929,69,19.0,2.0,2024-03-12,Tuesday
3929,3930,147,3.0,9.0,2024-03-06,Wednesday
3930,3931,188,5.0,1.0,2024-03-25,Monday
3931,3932,84,25.0,2.0,2024-03-28,Thursday
3932,3933,95,3.0,5.0,2024-03-10,Sunday
3933,3934,31,7.0,1.0,2024-03-16,Saturday
3934,3935,135,15.0,4.0,2024-03-18,Monday
3935,3936,97,24.0,6.0,2024-03-24,Sunday
3936,3937,146,10.0,1.0,2024-03-07,Thursday
3937,3938,149,21.0,1.0,2024-03-26,Tuesday
3938,3939,20,12.0,3.0,2024-03-19,Tuesday
3939,3940,145,16.0,10.0,2024-03-26,Tuesday
3940,3941,79,11.0,5.0,2024-03-20,Wednesday
3941,3942,59,7.0,5.0,2024-03-08,Friday
3942,3943,188,16.0,2.0,2024-03-22,Friday
3943,3944,237,14.0,9.0,2024-03-08,Friday
3944,3945,60,5.0,1.0,2024-03-23,Saturday
3945,3946,115,2.0,2.0,2024-03-18,Monday
3946,3947,270,20.0,1.0,2024-03-23,Saturday
3947,3948,212,10.0,6.0,2024-03-19,Tuesday
3948,3949,19,17.0,3.0,2024-03-11,Monday
3949,3950,106,4.0,8.0,2024-03-14,Thursday
3950,3951,251,2.0,5.0,2024-03-23,Saturday
3951,3952,44,1.0,4.0,2024-03-03,Sunday
3952,3953,246,10.0,1.0,2024-03-04,Monday
3953,3954,82,1.0,4.0,2024-03-19,Tuesday
3954,3955,253,3.0,5.0,2024-03-13,Wednesday
3955,3956,254,15.0,6.0,2024-03-23,Saturday
3956,3957,116,3.0,7.0,2024-03-13,Wednesday
3957,3958,101,22.0,8.0,2024-03-03,Sunday
3958,3959,29,11.0,8.0,2024-03-07,Thursday
3959,3960,195,25.0,4.0,2024-03-15,Friday
3960,3961,177,20.0,10.0,2024-03-28,Thursday
3961,3962,126,23.0,3.0,2024-03-23,Saturday
3963,3964,34,9.0,1.0,2024-03-06,Wednesday
3964,3965,16,25.0,7.0,2024-03-16,Saturday
3965,3966,278,23.0,9.0,2024-03-21,Thursday
3966,3967,3,19.0,8.0,2024-03-11,Monday
3967,3968,73,22.0,6.0,2024-03-09,Saturday
3968,3969,58,7.0,10.0,2024-03-14,Thursday
3969,3970,160,17.0,3.0,2024-03-16,Saturday
3970,3971,281,23.0,8.0,2024-03-27,Wednesday
3971,3972,124,18.0,1.0,2024-03-14,Thursday
3972,3973,160,14.0,7.0,2024-03-14,Thursday
3973,3974,137,4.0,7.0,2024-03-05,Tuesday
3974,3975,117,4.0,8.0,2024-03-19,Tuesday
3976,3977,130,3.0,6.0,2024-03-23,Saturday
3977,3978,195,3.0,2.0,2024-03-04,Monday
3978,3979,102,13.0,2.0,2024-03-13,Wednesday
3979,3980,171,11.0,6.0,2024-03-12,Tuesday
3980,3981,204,17.0,4.0,2024-03-28,Thursday
3981,3982,119,16.0,8.0,2024-03-01,Friday
3982,3983,140,21.0,6.0,2024-03-19,Tuesday
3984,3985,71,5.0,8.0,2024-03-17,Sunday
3985,3986,137,22.0,3.0,2024-03-24,Sunday
3986,3987,107,13.0,9.0,2024-03-26,Tuesday
3987,3988,167,22.0,8.0,2024-03-07,Thursday
3988,3989,294,3.0,7.0,2024-03-02,Saturday
3989,3990,211,23.0,5.0,2024-03-01,Friday
3990,3991,129,18.0,5.0,2024-03-16,Saturday
3991,3992,216,6.0,8.0,2024-03-22,Friday
3992,3993,64,10.0,3.0,2024-03-10,Sunday
3993,3994,295,11.0,5.0,2024-03-24,Sunday
3994,3995,182,14.0,3.0,2024-03-01,Friday
3995,3996,35,21.0,8.0,2024-03-19,Tuesday
3996,3997,164,19.0,3.0,2024-03-27,Wednesday
3997,3998,117,6.0,7.0,2024-03-20,Wednesday
3998,3999,24,2.0,2.0,2024-03-04,Monday
3999,4000,146,21.0,6.0,2024-03-24,Sunday
4000,4001,139,25.0,10.0,2024-03-23,Saturday
4001,4002,126,11.0,6.0,2024-03-27,Wednesday
4002,4003,110,16.0,3.0,2024-03-23,Saturday
4003,4004,252,19.0,9.0,2024-03-05,Tuesday
4004,4005,141,21.0,8.0,2024-03-27,Wednesday
4005,4006,67,24.0,2.0,2024-03-15,Friday
4006,4007,268,20.0,5.0,2024-03-01,Friday
4007,4008,60,14.0,2.0,2024-03-09,Saturday
4008,4009,42,4.0,10.0,2024-03-25,Monday
4009,4010,156,6.0,5.0,2024-03-24,Sunday
4010,4011,280,21.0,6.0,2024-03-16,Saturday
4011,4012,150,18.0,8.0,2024-03-18,Monday
4012,4013,76,11.0,4.0,2024-03-06,Wednesday
4013,4014,285,1.0,9.0,2024-03-13,Wednesday
4014,4015,31,20.0,7.0,2024-03-01,Friday
4015,4016,105,18.0,4.0,2024-03-12,Tuesday
4016,4017,207,25.0,9.0,2024-03-23,Saturday
4018,4019,24,8.0,8.0,2024-03-21,Thursday
4019,4020,223,25.0,10.0,2024-03-26,Tuesday
4020,4021,18,19.0,9.0,2024-03-20,Wednesday
4021,4022,223,16.0,5.0,2024-03-22,Friday
4022,4023,31,16.0,5.0,2024-03-11,Monday
4023,4024,219,16.0,7.0,2024-03-25,Monday
4024,4025,53,15.0,10.0,2024-03-12,Tuesday
4025,4026,21,7.0,5.0,2024-03-05,Tuesday
4026,4027,92,13.0,10.0,2024-03-07,Thursday
4027,4028,131,12.0,3.0,2024-03-15,Friday
4028,4029,17,15.0,5.0,2024-03-13,Wednesday
4029,4030,264,11.0,3.0,2024-03-13,Wednesday
4030,4031,65,11.0,9.0,2024-03-19,Tuesday
4031,4032,184,7.0,7.0,2024-03-20,Wednesday
4032,4033,253,14.0,4.0,2024-03-05,Tuesday
4033,4034,205,6.0,9.0,2024-03-26,Tuesday
4034,4035,255,22.0,3.0,2024-03-07,Thursday
4035,4036,118,23.0,8.0,2024-03-23,Saturday
4036,4037,300,10.0,3.0,2024-03-02,Saturday
4037,4038,137,7.0,4.0,2024-03-22,Friday
4038,4039,264,7.0,9.0,2024-03-25,Monday
4039,4040,250,18.0,1.0,2024-03-04,Monday
4040,4041,191,25.0,2.0,2024-03-22,Friday
4041,4042,198,10.0,6.0,2024-03-10,Sunday
4042,4043,50,12.0,8.0,2024-03-08,Friday
4043,4044,223,10.0,1.0,2024-03-21,Thursday
4044,4045,220,17.0,9.0,2024-03-24,Sunday
4045,4046,285,7.0,10.0,2024-03-20,Wednesday
4046,4047,266,7.0,4.0,2024-03-08,Friday
4047,4048,192,25.0,10.0,2024-03-12,Tuesday
4048,4049,16,5.0,6.0,2024-03-24,Sunday
4049,4050,19,13.0,8.0,2024-03-14,Thursday
4050,4051,291,19.0,9.0,2024-03-19,Tuesday
4051,4052,1,8.0,9.0,2024-03-28,Thursday
4052,4053,53,11.0,6.0,2024-03-22,Friday
4053,4054,213,8.0,10.0,2024-03-20,Wednesday
4054,4055,289,12.0,6.0,2024-03-12,Tuesday
4055,4056,189,7.0,2.0,2024-03-07,Thursday
4056,4057,77,24.0,2.0,2024-03-26,Tuesday
4057,4058,195,22.0,7.0,2024-03-06,Wednesday
4058,4059,237,7.0,3.0,2024-03-10,Sunday
4059,4060,289,7.0,10.0,2024-03-13,Wednesday
4060,4061,50,19.0,2.0,2024-03-18,Monday
4061,4062,12,24.0,8.0,2024-03-05,Tuesday
4062,4063,230,25.0,9.0,2024-03-07,Thursday
4063,4064,186,21.0,5.0,2024-03-26,Tuesday
4064,4065,12,20.0,4.0,2024-03-10,Sunday
4065,4066,188,21.0,9.0,2024-03-25,Monday
4066,4067,140,14.0,7.0,2024-03-09,Saturday
4067,4068,120,18.0,8.0,2024-03-24,Sunday
4068,4069,167,5.0,9.0,2024-03-11,Monday
4069,4070,45,18.0,4.0,2024-03-10,Sunday
4070,4071,271,25.0,9.0,2024-03-09,Saturday
4071,4072,23,20.0,7.0,2024-03-17,Sunday
4072,4073,81,24.0,6.0,2024-03-17,Sunday
4073,4074,200,9.0,7.0,2024-03-06,Wednesday
4074,4075,119,12.0,5.0,2024-03-06,Wednesday
4075,4076,53,22.0,6.0,2024-03-17,Sunday
4076,4077,280,2.0,4.0,2024-03-20,Wednesday
4077,4078,154,19.0,1.0,2024-03-15,Friday
4078,4079,299,4.0,2.0,2024-03-04,Monday
4079,4080,122,24.0,10.0,2024-03-11,Monday
4080,4081,210,23.0,9.0,2024-03-21,Thursday
4081,4082,22,10.0,2.0,2024-03-07,Thursday
4083,4084,14,6.0,10.0,2024-03-07,Thursday
4084,4085,16,3.0,3.0,2024-03-28,Thursday
4085,4086,48,12.0,9.0,2024-03-21,Thursday
4086,4087,291,25.0,10.0,2024-03-21,Thursday
4087,4088,183,11.0,2.0,2024-03-24,Sunday
4088,4089,296,14.0,9.0,2024-03-26,Tuesday
4089,4090,4,18.0,1.0,2024-03-05,Tuesday
4090,4091,84,25.0,9.0,2024-03-28,Thursday
4091,4092,252,23.0,2.0,2024-03-19,Tuesday
4092,4093,39,25.0,4.0,2024-03-05,Tuesday
4093,4094,136,2.0,1.0,2024-03-16,Saturday
4094,4095,242,16.0,6.0,2024-03-05,Tuesday
4095,4096,4,13.0,7.0,2024-03-06,Wednesday
4096,4097,68,24.0,1.0,2024-03-13,Wednesday
4097,4098,38,14.0,6.0,2024-03-04,Monday
4098,4099,33,18.0,2.0,2024-03-05,Tuesday
4099,4100,118,22.0,10.0,2024-03-07,Thursday
4100,4101,299,24.0,9.0,2024-03-05,Tuesday
4101,4102,114,4.0,5.0,2024-03-14,Thursday
4102,4103,54,1.0,10.0,2024-03-19,Tuesday
4103,4104,25,10.0,6.0,2024-03-03,Sunday
4104,4105,112,14.0,1.0,2024-03-09,Saturday
4105,4106,286,25.0,1.0,2024-03-26,Tuesday
4106,4107,278,23.0,2.0,2024-03-04,Monday
4107,4108,283,8.0,5.0,2024-03-09,Saturday
4108,4109,207,1.0,10.0,2024-03-11,Monday
4109,4110,18,14.0,3.0,2024-03-11,Monday
4110,4111,113,22.0,10.0,2024-03-12,Tuesday
4111,4112,133,5.0,10.0,2024-03-05,Tuesday
4112,4113,149,20.0,6.0,2024-03-21,Thursday
4113,4114,162,7.0,9.0,2024-03-13,Wednesday
4114,4115,177,7.0,1.0,2024-03-10,Sunday
4115,4116,206,4.0,8.0,2024-03-13,Wednesday
4116,4117,8,5.0,7.0,2024-03-13,Wednesday
4118,4119,139,13.0,9.0,2024-03-26,Tuesday
4119,4120,24,4.0,7.0,2024-03-16,Saturday
4120,4121,152,2.0,3.0,2024-03-16,Saturday
4121,4122,76,11.0,3.0,2024-03-11,Monday
4122,4123,200,2.0,1.0,2024-03-17,Sunday
4123,4124,200,3.0,8.0,2024-03-28,Thursday
4124,4125,5,21.0,6.0,2024-03-11,Monday
4125,4126,61,17.0,5.0,2024-03-11,Monday
4126,4127,118,10.0,3.0,2024-03-23,Saturday
4127,4128,44,5.0,10.0,2024-03-24,Sunday
4128,4129,142,23.0,2.0,2024-03-18,Monday
4129,4130,114,9.0,4.0,2024-03-27,Wednesday
4130,4131,78,23.0,5.0,2024-03-04,Monday
4131,4132,117,3.0,4.0,2024-03-28,Thursday
4132,4133,42,17.0,2.0,2024-03-26,Tuesday
4133,4134,160,6.0,7.0,2024-03-25,Monday
4134,4135,112,22.0,6.0,2024-03-10,Sunday
4135,4136,66,14.0,4.0,2024-03-17,Sunday
4136,4137,253,21.0,3.0,2024-03-06,Wednesday
4137,4138,168,4.0,2.0,2024-03-22,Friday
4138,4139,13,11.0,1.0,2024-03-12,Tuesday
4139,4140,96,17.0,8.0,2024-03-15,Friday
4140,4141,194,23.0,1.0,2024-03-16,Saturday
4141,4142,257,15.0,2.0,2024-03-21,Thursday
4142,4143,111,23.0,7.0,2024-03-04,Monday
4143,4144,70,13.0,3.0,2024-03-16,Saturday
4144,4145,43,9.0,5.0,2024-03-04,Monday
4145,4146,199,3.0,5.0,2024-03-19,Tuesday
4146,4147,157,12.0,8.0,2024-03-07,Thursday
4147,4148,246,4.0,2.0,2024-03-08,Friday
4148,4149,298,15.0,3.0,2024-03-15,Friday
4149,4150,13,25.0,1.0,2024-03-10,Sunday
4150,4151,255,12.0,9.0,2024-03-23,Saturday
4151,4152,272,17.0,9.0,2024-03-17,Sunday
4152,4153,67,4.0,6.0,2024-03-20,Wednesday
4153,4154,113,17.0,3.0,2024-03-28,Thursday
4154,4155,108,7.0,2.0,2024-03-28,Thursday
4155,4156,21,15.0,1.0,2024-03-04,Monday
4156,4157,269,7.0,7.0,2024-03-16,Saturday
4157,4158,4,15.0,1.0,2024-03-28,Thursday
4158,4159,206,1.0,1.0,2024-03-23,Saturday
4159,4160,282,5.0,2.0,2024-03-22,Friday
4160,4161,298,7.0,9.0,2024-03-06,Wednesday
4161,4162,226,5.0,7.0,2024-03-20,Wednesday
4162,4163,154,24.0,6.0,2024-03-14,Thursday
4163,4164,19,13.0,7.0,2024-03-09,Saturday
4164,4165,49,6.0,4.0,2024-03-07,Thursday
4165,4166,142,19.0,9.0,2024-03-22,Friday
4166,4167,222,12.0,2.0,2024-03-04,Monday
4167,4168,200,24.0,4.0,2024-03-16,Saturday
4168,4169,287,23.0,4.0,2024-03-17,Sunday
4169,4170,174,19.0,6.0,2024-03-27,Wednesday
4170,4171,191,19.0,5.0,2024-03-16,Saturday
4171,4172,54,7.0,7.0,2024-03-11,Monday
4172,4173,205,15.0,7.0,2024-03-12,Tuesday
4173,4174,287,14.0,2.0,2024-03-03,Sunday
4174,4175,38,19.0,6.0,2024-03-18,Monday
4175,4176,281,21.0,9.0,2024-03-26,Tuesday
4176,4177,103,20.0,10.0,2024-03-28,Thursday
4177,4178,15,2.0,2.0,2024-03-04,Monday
4178,4179,1,10.0,5.0,2024-03-09,Saturday
4179,4180,39,9.0,10.0,2024-03-28,Thursday
4180,4181,50,13.0,5.0,2024-03-01,Friday
4181,4182,293,3.0,6.0,2024-03-17,Sunday
4182,4183,233,20.0,10.0,2024-03-13,Wednesday
4183,4184,300,22.0,7.0,2024-03-25,Monday
4184,4185,157,8.0,3.0,2024-03-13,Wednesday
4185,4186,82,9.0,6.0,2024-03-22,Friday
4186,4187,186,22.0,8.0,2024-03-16,Saturday
4187,4188,172,10.0,10.0,2024-03-22,Friday
4189,4190,283,23.0,9.0,2024-03-14,Thursday
4190,4191,269,11.0,10.0,2024-03-17,Sunday
4191,4192,151,7.0,4.0,2024-03-09,Saturday
4192,4193,196,7.0,3.0,2024-03-22,Friday
4193,4194,180,20.0,7.0,2024-03-24,Sunday
4194,4195,199,13.0,10.0,2024-03-09,Saturday
4195,4196,179,12.0,4.0,2024-03-09,Saturday
4196,4197,67,9.0,1.0,2024-03-16,Saturday
4197,4198,287,24.0,5.0,2024-03-20,Wednesday
4198,4199,133,11.0,1.0,2024-03-12,Tuesday
4199,4200,17,25.0,8.0,2024-03-18,Monday
4200,4201,191,13.0,10.0,2024-03-04,Monday
4201,4202,156,24.0,9.0,2024-03-26,Tuesday
4202,4203,235,7.0,1.0,2024-03-03,Sunday
4203,4204,198,7.0,3.0,2024-03-27,Wednesday
4204,4205,53,2.0,3.0,2024-03-28,Thursday
4205,4206,222,7.0,4.0,2024-03-15,Friday
4206,4207,202,14.0,1.0,2024-03-05,Tuesday
4207,4208,293,20.0,8.0,2024-03-05,Tuesday
4208,4209,295,10.0,2.0,2024-03-06,Wednesday
4209,4210,248,18.0,2.0,2024-03-04,Monday
4210,4211,135,19.0,8.0,2024-03-07,Thursday
4211,4212,12,14.0,2.0,2024-03-11,Monday
4212,4213,139,23.0,8.0,2024-03-11,Monday
4213,4214,177,22.0,3.0,2024-03-15,Friday
4214,4215,207,17.0,8.0,2024-03-02,Saturday
4215,4216,278,22.0,2.0,2024-03-08,Friday
4216,4217,49,7.0,10.0,2024-03-15,Friday
4217,4218,267,10.0,2.0,2024-03-08,Friday
4218,4219,229,1.0,6.0,2024-03-01,Friday
4219,4220,23,21.0,7.0,2024-03-01,Friday
4220,4221,254,2.0,8.0,2024-03-22,Friday
4221,4222,138,17.0,4.0,2024-03-17,Sunday
4222,4223,110,14.0,6.0,2024-03-01,Friday
4223,4224,67,16.0,3.0,2024-03-07,Thursday
4224,4225,260,8.0,7.0,2024-03-24,Sunday
4225,4226,266,11.0,10.0,2024-03-09,Saturday
4226,4227,283,18.0,10.0,2024-03-19,Tuesday
4227,4228,96,21.0,1.0,2024-03-14,Thursday
4228,4229,176,5.0,7.0,2024-03-04,Monday
4229,4230,20,5.0,10.0,2024-03-13,Wednesday
4230,4231,85,8.0,6.0,2024-03-09,Saturday
4231,4232,16,15.0,10.0,2024-03-12,Tuesday
4232,4233,31,6.0,8.0,2024-03-04,Monday
4233,4234,183,7.0,2.0,2024-03-01,Friday
4234,4235,66,7.0,2.0,2024-03-23,Saturday
4235,4236,197,17.0,3.0,2024-03-17,Sunday
4236,4237,17,19.0,4.0,2024-03-12,Tuesday
4237,4238,230,7.0,9.0,2024-03-16,Saturday
4238,4239,270,24.0,3.0,2024-03-21,Thursday
4239,4240,54,12.0,2.0,2024-03-28,Thursday
4240,4241,71,14.0,5.0,2024-03-28,Thursday
4241,4242,95,12.0,6.0,2024-03-25,Monday
4242,4243,41,11.0,6.0,2024-03-17,Sunday
4243,4244,169,10.0,5.0,2024-03-04,Monday
4244,4245,151,17.0,9.0,2024-03-23,Saturday
4245,4246,262,19.0,3.0,2024-03-23,Saturday
4246,4247,171,1.0,8.0,2024-03-12,Tuesday
4247,4248,108,12.0,6.0,2024-03-02,Saturday
4248,4249,79,15.0,8.0,2024-03-25,Monday
4249,4250,253,9.0,6.0,2024-03-10,Sunday
4250,4251,112,17.0,8.0,2024-03-19,Tuesday
4251,4252,241,20.0,1.0,2024-03-10,Sunday
4252,4253,146,18.0,5.0,2024-03-15,Friday
4253,4254,55,14.0,7.0,2024-03-11,Monday
4254,4255,251,4.0,3.0,2024-03-11,Monday
4255,4256,231,14.0,8.0,2024-03-01,Friday
4256,4257,80,25.0,3.0,2024-03-13,Wednesday
4257,4258,145,12.0,2.0,2024-03-04,Monday
4258,4259,26,2.0,6.0,2024-03-18,Monday
4259,4260,183,20.0,6.0,2024-03-14,Thursday
4260,4261,218,18.0,4.0,2024-03-22,Friday
4261,4262,213,14.0,9.0,2024-03-20,Wednesday
4262,4263,298,3.0,1.0,2024-03-02,Saturday
4263,4264,46,12.0,6.0,2024-03-25,Monday
4264,4265,297,15.0,10.0,2024-03-13,Wednesday
4265,4266,125,3.0,7.0,2024-03-17,Sunday
4266,4267,13,3.0,1.0,2024-03-18,Monday
4267,4268,56,12.0,4.0,2024-03-10,Sunday
4268,4269,98,22.0,4.0,2024-03-14,Thursday
4269,4270,95,1.0,4.0,2024-03-17,Sunday
4270,4271,33,18.0,9.0,2024-03-10,Sunday
4271,4272,51,25.0,7.0,2024-03-08,Friday
4272,4273,70,24.0,1.0,2024-03-23,Saturday
4273,4274,208,14.0,5.0,2024-03-27,Wednesday
4274,4275,16,9.0,8.0,2024-03-22,Friday
4275,4276,223,14.0,4.0,2024-03-11,Monday
4276,4277,282,16.0,8.0,2024-03-20,Wednesday
4277,4278,270,15.0,2.0,2024-03-13,Wednesday
4278,4279,292,20.0,6.0,2024-03-11,Monday
4279,4280,74,7.0,10.0,2024-03-21,Thursday
4280,4281,6,18.0,10.0,2024-03-19,Tuesday
4281,4282,266,3.0,2.0,2024-03-27,Wednesday
4282,4283,75,8.0,3.0,2024-03-05,Tuesday
4283,4284,240,7.0,4.0,2024-03-09,Saturday
4284,4285,33,7.0,9.0,2024-03-23,Saturday
4285,4286,168,16.0,9.0,2024-03-26,Tuesday
4286,4287,167,22.0,8.0,2024-03-22,Friday
4288,4289,68,13.0,8.0,2024-03-09,Saturday
4289,4290,213,8.0,3.0,2024-03-04,Monday
4290,4291,99,9.0,5.0,2024-03-05,Tuesday
4291,4292,221,15.0,5.0,2024-03-12,Tuesday
4292,4293,43,21.0,10.0,2024-03-12,Tuesday
4293,4294,175,14.0,6.0,2024-03-11,Monday
4294,4295,26,18.0,2.0,2024-03-06,Wednesday
4295,4296,257,16.0,7.0,2024-03-06,Wednesday
4296,4297,25,25.0,5.0,2024-03-04,Monday
4297,4298,21,24.0,9.0,2024-03-27,Wednesday
4298,4299,78,5.0,10.0,2024-03-15,Friday
4299,4300,152,19.0,7.0,2024-03-11,Monday
4300,4301,93,12.0,10.0,2024-03-04,Monday
4301,4302,258,7.0,1.0,2024-03-21,Thursday
4302,4303,188,4.0,4.0,2024-03-20,Wednesday
4303,4304,72,4.0,7.0,2024-03-11,Monday
4304,4305,236,4.0,5.0,2024-03-27,Wednesday
4305,4306,43,20.0,3.0,2024-03-03,Sunday
4306,4307,180,13.0,1.0,2024-03-03,Sunday
4307,4308,174,17.0,1.0,2024-03-15,Friday
4308,4309,216,15.0,3.0,2024-03-13,Wednesday
4309,4310,30,5.0,8.0,2024-03-01,Friday
4310,4311,224,18.0,8.0,2024-03-11,Monday
4311,4312,37,6.0,2.0,2024-03-13,Wednesday
4312,4313,104,6.0,4.0,2024-03-19,Tuesday
4313,4314,119,1.0,6.0,2024-03-19,Tuesday
4314,4315,215,11.0,8.0,2024-03-19,Tuesday
4315,4316,56,23.0,9.0,2024-03-06,Wednesday
4316,4317,271,11.0,6.0,2024-03-05,Tuesday
4317,4318,34,11.0,5.0,2024-03-11,Monday
4318,4319,98,10.0,7.0,2024-03-08,Friday
4319,4320,122,1.0,6.0,2024-03-23,Saturday
4320,4321,28,1.0,10.0,2024-03-04,Monday
4321,4322,120,15.0,8.0,2024-03-04,Monday
4322,4323,139,15.0,1.0,2024-03-23,Saturday
4323,4324,283,22.0,4.0,2024-03-21,Thursday
4324,4325,48,15.0,9.0,2024-03-15,Friday
4325,4326,19,12.0,10.0,2024-03-08,Friday
4326,4327,123,1.0,2.0,2024-03-24,Sunday
4327,4328,43,25.0,7.0,2024-03-08,Friday
4328,4329,109,13.0,5.0,2024-03-20,Wednesday
4329,4330,154,2.0,7.0,2024-03-21,Thursday
4330,4331,182,5.0,6.0,2024-03-12,Tuesday
4331,4332,196,12.0,1.0,2024-03-28,Thursday
4332,4333,276,21.0,6.0,2024-03-24,Sunday
4333,4334,82,14.0,1.0,2024-03-27,Wednesday
4334,4335,34,4.0,9.0,2024-03-01,Friday
4335,4336,113,14.0,1.0,2024-03-09,Saturday
4336,4337,285,3.0,8.0,2024-03-05,Tuesday
4337,4338,87,17.0,1.0,2024-03-22,Friday
4338,4339,239,16.0,8.0,2024-03-22,Friday
4339,4340,198,17.0,3.0,2024-03-19,Tuesday
4340,4341,206,10.0,7.0,2024-03-07,Thursday
4341,4342,186,13.0,10.0,2024-03-27,Wednesday
4342,4343,62,7.0,6.0,2024-03-24,Sunday
4343,4344,236,10.0,9.0,2024-03-12,Tuesday
4344,4345,254,12.0,2.0,2024-03-26,Tuesday
4345,4346,243,7.0,6.0,2024-03-24,Sunday
4346,4347,135,17.0,8.0,2024-03-15,Friday
4347,4348,171,21.0,9.0,2024-03-12,Tuesday
4348,4349,241,25.0,2.0,2024-03-02,Saturday
4349,4350,32,23.0,7.0,2024-03-19,Tuesday
4350,4351,252,4.0,10.0,2024-03-19,Tuesday
4351,4352,123,22.0,1.0,2024-03-25,Monday
4352,4353,21,11.0,7.0,2024-03-24,Sunday
4353,4354,119,8.0,6.0,2024-03-23,Saturday
4354,4355,142,25.0,9.0,2024-03-17,Sunday
4355,4356,81,13.0,10.0,2024-03-10,Sunday
4356,4357,119,19.0,3.0,2024-03-08,Friday
4358,4359,225,12.0,1.0,2024-03-23,Saturday
4359,4360,289,3.0,8.0,2024-03-05,Tuesday
4360,4361,164,7.0,6.0,2024-03-03,Sunday
4361,4362,181,2.0,10.0,2024-03-06,Wednesday
4362,4363,18,24.0,4.0,2024-03-12,Tuesday
4363,4364,214,6.0,10.0,2024-03-04,Monday
4364,4365,236,1.0,9.0,2024-03-13,Wednesday
4365,4366,297,21.0,5.0,2024-03-26,Tuesday
4366,4367,75,16.0,10.0,2024-03-12,Tuesday
4367,4368,59,1.0,2.0,2024-03-17,Sunday
4368,4369,213,20.0,10.0,2024-03-05,Tuesday
4369,4370,126,12.0,8.0,2024-03-17,Sunday
4370,4371,40,4.0,2.0,2024-03-28,Thursday
4371,4372,203,2.0,2.0,2024-03-10,Sunday
4372,4373,83,13.0,3.0,2024-03-11,Monday
4373,4374,2,6.0,2.0,2024-03-09,Saturday
4375,4376,127,22.0,5.0,2024-03-02,Saturday
4376,4377,175,9.0,8.0,2024-03-02,Saturday
4377,4378,128,19.0,9.0,2024-03-15,Friday
4378,4379,56,13.0,4.0,2024-03-21,Thursday
4379,4380,91,1.0,3.0,2024-03-16,Saturday
4380,4381,264,2.0,10.0,2024-03-27,Wednesday
4381,4382,172,9.0,2.0,2024-03-14,Thursday
4382,4383,7,5.0,9.0,2024-03-26,Tuesday
4383,4384,221,23.0,6.0,2024-03-20,Wednesday
4384,4385,243,18.0,3.0,2024-03-06,Wednesday
4385,4386,92,6.0,2.0,2024-03-21,Thursday
4386,4387,82,19.0,10.0,2024-03-04,Monday
4387,4388,44,7.0,9.0,2024-03-13,Wednesday
4388,4389,298,4.0,5.0,2024-03-05,Tuesday
4389,4390,62,6.0,1.0,2024-03-02,Saturday
4390,4391,260,21.0,5.0,2024-03-17,Sunday
4391,4392,207,12.0,10.0,2024-03-18,Monday
4392,4393,64,8.0,7.0,2024-03-20,Wednesday
4393,4394,160,9.0,10.0,2024-03-11,Monday
4394,4395,59,18.0,1.0,2024-03-02,Saturday
4395,4396,112,4.0,6.0,2024-03-25,Monday
4396,4397,149,6.0,9.0,2024-03-01,Friday
4397,4398,129,13.0,3.0,2024-03-03,Sunday
4398,4399,81,1.0,3.0,2024-03-25,Monday
4399,4400,275,14.0,8.0,2024-03-16,Saturday
4400,4401,69,20.0,4.0,2024-03-22,Friday
4401,4402,253,21.0,7.0,2024-03-10,Sunday
4402,4403,256,16.0,3.0,2024-03-11,Monday
4403,4404,27,1.0,4.0,2024-03-26,Tuesday
4404,4405,253,5.0,5.0,2024-03-05,Tuesday
4405,4406,178,10.0,2.0,2024-03-18,Monday
4406,4407,92,16.0,7.0,2024-03-23,Saturday
4407,4408,164,23.0,3.0,2024-03-26,Tuesday
4408,4409,262,19.0,4.0,2024-03-22,Friday
4409,4410,236,18.0,7.0,2024-03-24,Sunday
4410,4411,119,12.0,8.0,2024-03-17,Sunday
4411,4412,121,3.0,2.0,2024-03-19,Tuesday
4412,4413,98,11.0,4.0,2024-03-02,Saturday
4413,4414,2,16.0,8.0,2024-03-18,Monday
4414,4415,290,10.0,10.0,2024-03-13,Wednesday
4415,4416,194,17.0,7.0,2024-03-25,Monday
4416,4417,6,11.0,10.0,2024-03-27,Wednesday
4417,4418,184,9.0,3.0,2024-03-11,Monday
4418,4419,97,23.0,1.0,2024-03-12,Tuesday
4419,4420,107,22.0,6.0,2024-03-04,Monday
4420,4421,211,16.0,5.0,2024-03-28,Thursday
4422,4423,34,16.0,4.0,2024-03-05,Tuesday
4423,4424,215,23.0,8.0,2024-03-15,Friday
4424,4425,102,22.0,3.0,2024-03-04,Monday
4425,4426,33,17.0,10.0,2024-03-08,Friday
4426,4427,227,24.0,6.0,2024-03-04,Monday
4427,4428,163,19.0,7.0,2024-03-27,Wednesday
4428,4429,106,8.0,2.0,2024-03-17,Sunday
4429,4430,28,14.0,6.0,2024-03-09,Saturday
4430,4431,121,18.0,2.0,2024-03-23,Saturday
4431,4432,191,23.0,2.0,2024-03-05,Tuesday
4432,4433,39,23.0,5.0,2024-03-02,Saturday
4433,4434,217,3.0,7.0,2024-03-15,Friday
4434,4435,95,25.0,2.0,2024-03-16,Saturday
4435,4436,108,22.0,3.0,2024-03-21,Thursday
4436,4437,110,24.0,4.0,2024-03-02,Saturday
4438,4439,63,8.0,6.0,2024-03-15,Friday
4439,4440,242,25.0,3.0,2024-03-08,Friday
4440,4441,238,5.0,2.0,2024-03-03,Sunday
4441,4442,287,19.0,9.0,2024-03-28,Thursday
4442,4443,244,24.0,8.0,2024-03-07,Thursday
4443,4444,40,5.0,4.0,2024-03-19,Tuesday
4444,4445,83,2.0,5.0,2024-03-09,Saturday
4445,4446,164,11.0,9.0,2024-03-27,Wednesday
4446,4447,234,24.0,4.0,2024-03-22,Friday
4447,4448,297,22.0,7.0,2024-03-02,Saturday
4448,4449,55,12.0,8.0,2024-03-20,Wednesday
4449,4450,277,21.0,6.0,2024-03-05,Tuesday
4450,4451,143,10.0,10.0,2024-03-06,Wednesday
4451,4452,162,9.0,1.0,2024-03-11,Monday
4452,4453,5,5.0,1.0,2024-03-03,Sunday
4453,4454,287,22.0,5.0,2024-03-12,Tuesday
4454,4455,173,25.0,4.0,2024-03-25,Monday
4455,4456,265,23.0,10.0,2024-03-23,Saturday
4456,4457,276,19.0,3.0,2024-03-05,Tuesday
4457,4458,17,24.0,1.0,2024-03-22,Friday
4458,4459,142,1.0,10.0,2024-03-03,Sunday
4459,4460,152,13.0,2.0,2024-03-16,Saturday
4460,4461,144,4.0,1.0,2024-03-18,Monday
4461,4462,268,14.0,5.0,2024-03-14,Thursday
4462,4463,255,2.0,5.0,2024-03-03,Sunday
4463,4464,61,17.0,8.0,2024-03-08,Friday
4464,4465,25,23.0,5.0,2024-03-25,Monday
4465,4466,126,5.0,5.0,2024-03-25,Monday
4466,4467,248,22.0,5.0,2024-03-02,Saturday
4467,4468,30,9.0,4.0,2024-03-15,Friday
4468,4469,257,19.0,10.0,2024-03-19,Tuesday
4469,4470,145,17.0,2.0,2024-03-07,Thursday
4470,4471,148,8.0,3.0,2024-03-12,Tuesday
4471,4472,50,17.0,2.0,2024-03-03,Sunday
4472,4473,12,8.0,5.0,2024-03-09,Saturday
4473,4474,182,13.0,8.0,2024-03-26,Tuesday
4474,4475,108,13.0,3.0,2024-03-22,Friday
4475,4476,173,9.0,2.0,2024-03-27,Wednesday
4476,4477,71,1.0,7.0,2024-03-24,Sunday
4477,4478,28,2.0,6.0,2024-03-22,Friday
4478,4479,218,15.0,4.0,2024-03-07,Thursday
4479,4480,162,25.0,7.0,2024-03-04,Monday
4480,4481,293,23.0,10.0,2024-03-14,Thursday
4481,4482,141,11.0,6.0,2024-03-11,Monday
4482,4483,272,5.0,10.0,2024-03-09,Saturday
4483,4484,160,2.0,3.0,2024-03-12,Tuesday
4484,4485,179,17.0,1.0,2024-03-24,Sunday
4485,4486,88,17.0,9.0,2024-03-26,Tuesday
4486,4487,255,23.0,9.0,2024-03-21,Thursday
4487,4488,185,9.0,5.0,2024-03-09,Saturday
4488,4489,251,16.0,5.0,2024-03-19,Tuesday
4489,4490,126,2.0,5.0,2024-03-02,Saturday
4490,4491,273,17.0,3.0,2024-03-05,Tuesday
4491,4492,187,12.0,4.0,2024-03-26,Tuesday
4492,4493,181,21.0,5.0,2024-03-19,Tuesday
4493,4494,131,1.0,8.0,2024-03-26,Tuesday
4494,4495,223,2.0,2.0,2024-03-27,Wednesday
4495,4496,114,5.0,5.0,2024-03-05,Tuesday
4496,4497,54,23.0,8.0,2024-03-13,Wednesday
4497,4498,191,2.0,4.0,2024-03-25,Monday
4498,4499,261,17.0,5.0,2024-03-15,Friday
4499,4500,125,14.0,2.0,2024-03-09,Saturday
4500,4501,173,10.0,10.0,2024-03-23,Saturday
4501,4502,260,4.0,3.0,2024-03-04,Monday
4502,4503,74,15.0,2.0,2024-03-05,Tuesday
4503,4504,13,6.0,4.0,2024-03-28,Thursday
4504,4505,199,4.0,8.0,2024-03-23,Saturday
4505,4506,142,2.0,5.0,2024-03-22,Friday
4506,4507,283,13.0,4.0,2024-03-01,Friday
4507,4508,68,18.0,10.0,2024-03-21,Thursday
4508,4509,183,6.0,9.0,2024-03-15,Friday
4509,4510,252,16.0,5.0,2024-03-11,Monday
4510,4511,118,21.0,8.0,2024-03-23,Saturday
4511,4512,215,25.0,10.0,2024-03-12,Tuesday
4512,4513,195,1.0,8.0,2024-03-09,Saturday
4513,4514,129,23.0,9.0,2024-03-22,Friday
4514,4515,176,7.0,8.0,2024-03-16,Saturday
4515,4516,183,6.0,1.0,2024-03-03,Sunday
4516,4517,291,12.0,1.0,2024-03-08,Friday
4517,4518,117,4.0,3.0,2024-03-09,Saturday
4518,4519,265,11.0,1.0,2024-03-22,Friday
4519,4520,192,20.0,1.0,2024-03-23,Saturday
4520,4521,31,16.0,3.0,2024-03-21,Thursday
4521,4522,63,17.0,10.0,2024-03-12,Tuesday
4522,4523,166,19.0,7.0,2024-03-07,Thursday
4523,4524,265,24.0,8.0,2024-03-12,Tuesday
4524,4525,102,6.0,4.0,2024-03-17,Sunday
4525,4526,2,20.0,5.0,2024-03-01,Friday
4526,4527,144,4.0,4.0,2024-03-17,Sunday
4527,4528,179,17.0,8.0,2024-03-11,Monday
4528,4529,174,19.0,2.0,2024-03-20,Wednesday
4529,4530,128,13.0,7.0,2024-03-05,Tuesday
4530,4531,174,4.0,9.0,2024-03-23,Saturday
4531,4532,116,21.0,9.0,2024-03-02,Saturday
4532,4533,206,5.0,2.0,2024-03-22,Friday
4533,4534,104,19.0,5.0,2024-03-23,Saturday
4534,4535,132,2.0,8.0,2024-03-22,Friday
4535,4536,262,24.0,6.0,2024-03-20,Wednesday
4536,4537,28,13.0,7.0,2024-03-14,Thursday
4537,4538,230,20.0,4.0,2024-03-20,Wednesday
4538,4539,243,2.0,2.0,2024-03-07,Thursday
4539,4540,137,12.0,10.0,2024-03-09,Saturday
4541,4542,200,12.0,2.0,2024-03-12,Tuesday
4542,4543,222,23.0,10.0,2024-03-25,Monday
4543,4544,82,16.0,4.0,2024-03-04,Monday
4544,4545,248,6.0,2.0,2024-03-01,Friday
4545,4546,260,19.0,6.0,2024-03-08,Friday
4547,4548,171,16.0,9.0,2024-03-02,Saturday
4548,4549,104,9.0,2.0,2024-03-27,Wednesday
4549,4550,97,5.0,10.0,2024-03-18,Monday
4550,4551,228,24.0,8.0,2024-03-16,Saturday
4551,4552,13,16.0,5.0,2024-03-09,Saturday
4552,4553,228,2.0,1.0,2024-03-03,Sunday
4553,4554,159,10.0,4.0,2024-03-22,Friday
4554,4555,196,8.0,9.0,2024-03-06,Wednesday
4555,4556,245,23.0,8.0,2024-03-24,Sunday
4556,4557,257,14.0,7.0,2024-03-25,Monday
4557,4558,35,9.0,3.0,2024-03-08,Friday
4558,4559,258,17.0,8.0,2024-03-09,Saturday
4559,4560,83,5.0,4.0,2024-03-19,Tuesday
4560,4561,82,4.0,6.0,2024-03-15,Friday
4561,4562,71,22.0,1.0,2024-03-17,Sunday
4562,4563,215,15.0,8.0,2024-03-22,Friday
4563,4564,238,21.0,7.0,2024-03-14,Thursday
4564,4565,296,3.0,2.0,2024-03-10,Sunday
4565,4566,252,22.0,8.0,2024-03-12,Tuesday
4566,4567,198,13.0,5.0,2024-03-18,Monday
4567,4568,176,21.0,3.0,2024-03-11,Monday
4568,4569,187,2.0,5.0,2024-03-16,Saturday
4569,4570,257,16.0,3.0,2024-03-09,Saturday
4570,4571,40,22.0,9.0,2024-03-20,Wednesday
4571,4572,240,22.0,4.0,2024-03-22,Friday
4572,4573,246,5.0,5.0,2024-03-07,Thursday
4573,4574,45,9.0,4.0,2024-03-23,Saturday
4574,4575,123,8.0,1.0,2024-03-04,Monday
4575,4576,11,13.0,6.0,2024-03-11,Monday
4576,4577,69,23.0,5.0,2024-03-04,Monday
4577,4578,211,20.0,8.0,2024-03-23,Saturday
4578,4579,38,15.0,10.0,2024-03-17,Sunday
4579,4580,124,11.0,6.0,2024-03-20,Wednesday
4580,4581,105,18.0,10.0,2024-03-18,Monday
4581,4582,238,21.0,9.0,2024-03-22,Friday
4582,4583,63,20.0,10.0,2024-03-25,Monday
4583,4584,67,9.0,7.0,2024-03-16,Saturday
4584,4585,101,13.0,9.0,2024-03-28,Thursday
4585,4586,235,7.0,7.0,2024-03-20,Wednesday
4586,4587,3,5.0,8.0,2024-03-02,Saturday
4587,4588,161,24.0,3.0,2024-03-22,Friday
4588,4589,66,4.0,6.0,2024-03-21,Thursday
4589,4590,196,6.0,5.0,2024-03-14,Thursday
4590,4591,49,13.0,6.0,2024-03-26,Tuesday
4591,4592,181,2.0,9.0,2024-03-05,Tuesday
4592,4593,276,3.0,5.0,2024-03-16,Saturday
4593,4594,270,10.0,2.0,2024-03-02,Saturday
4594,4595,153,7.0,6.0,2024-03-01,Friday
4595,4596,109,24.0,4.0,2024-03-28,Thursday
4596,4597,290,20.0,8.0,2024-03-01,Friday
4597,4598,45,1.0,10.0,2024-03-22,Friday
4598,4599,169,23.0,4.0,2024-03-28,Thursday
4599,4600,113,16.0,7.0,2024-03-13,Wednesday
4600,4601,183,16.0,4.0,2024-03-04,Monday
4601,4602,93,13.0,7.0,2024-03-22,Friday
4602,4603,296,24.0,3.0,2024-03-23,Saturday
4603,4604,36,12.0,1.0,2024-03-09,Saturday
4604,4605,128,19.0,1.0,2024-03-28,Thursday
4605,4606,170,17.0,3.0,2024-03-16,Saturday
4606,4607,290,3.0,3.0,2024-03-02,Saturday
4607,4608,57,5.0,8.0,2024-03-23,Saturday
4608,4609,45,10.0,3.0,2024-03-14,Thursday
4609,4610,91,2.0,7.0,2024-03-11,Monday
4610,4611,142,9.0,4.0,2024-03-13,Wednesday
4611,4612,83,24.0,10.0,2024-03-03,Sunday
4612,4613,4,21.0,1.0,2024-03-15,Friday
4613,4614,164,6.0,8.0,2024-03-17,Sunday
4614,4615,280,11.0,8.0,2024-03-07,Thursday
4615,4616,112,2.0,1.0,2024-03-02,Saturday
4616,4617,72,11.0,9.0,2024-03-16,Saturday
4617,4618,146,13.0,6.0,2024-03-06,Wednesday
4618,4619,237,21.0,1.0,2024-03-14,Thursday
4619,4620,147,13.0,6.0,2024-03-22,Friday
4620,4621,146,25.0,2.0,2024-03-24,Sunday
4621,4622,161,16.0,4.0,2024-03-03,Sunday
4622,4623,56,24.0,8.0,2024-03-12,Tuesday
4623,4624,297,14.0,6.0,2024-03-26,Tuesday
4624,4625,118,23.0,4.0,2024-03-06,Wednesday
4625,4626,140,17.0,5.0,2024-03-19,Tuesday
4626,4627,66,11.0,2.0,2024-03-16,Saturday
4627,4628,102,15.0,3.0,2024-03-02,Saturday
4628,4629,220,10.0,4.0,2024-03-16,Saturday
4629,4630,40,8.0,8.0,2024-03-05,Tuesday
4630,4631,103,12.0,3.0,2024-03-07,Thursday
4631,4632,190,2.0,2.0,2024-03-10,Sunday
4632,4633,286,9.0,1.0,2024-03-21,Thursday
4633,4634,102,20.0,1.0,2024-03-07,Thursday
4634,4635,256,13.0,8.0,2024-03-15,Friday
4635,4636,205,14.0,7.0,2024-03-18,Monday
4636,4637,3,22.0,10.0,2024-03-14,Thursday
4637,4638,183,24.0,1.0,2024-03-06,Wednesday
4638,4639,85,19.0,8.0,2024-03-19,Tuesday
4639,4640,74,11.0,8.0,2024-03-08,Friday
4640,4641,212,18.0,10.0,2024-03-02,Saturday
4641,4642,91,7.0,4.0,2024-03-14,Thursday
4642,4643,181,4.0,5.0,2024-03-03,Sunday
4643,4644,263,13.0,3.0,2024-03-25,Monday
4644,4645,268,16.0,10.0,2024-03-09,Saturday
4645,4646,10,25.0,4.0,2024-03-21,Thursday
4646,4647,43,17.0,7.0,2024-03-26,Tuesday
4647,4648,140,2.0,9.0,2024-03-21,Thursday
4648,4649,127,18.0,1.0,2024-03-07,Thursday
4649,4650,35,5.0,4.0,2024-03-26,Tuesday
4650,4651,283,1.0,2.0,2024-03-06,Wednesday
4651,4652,198,7.0,2.0,2024-03-01,Friday
4652,4653,79,8.0,10.0,2024-03-03,Sunday
4653,4654,203,21.0,4.0,2024-03-01,Friday
4654,4655,86,16.0,1.0,2024-03-20,Wednesday
4655,4656,18,4.0,3.0,2024-03-28,Thursday
4656,4657,234,16.0,6.0,2024-03-23,Saturday
4657,4658,3,23.0,2.0,2024-03-25,Monday
4658,4659,193,11.0,4.0,2024-03-10,Sunday
4659,4660,132,7.0,9.0,2024-03-12,Tuesday
4660,4661,253,10.0,7.0,2024-03-21,Thursday
4661,4662,283,15.0,1.0,2024-03-06,Wednesday
4662,4663,28,2.0,10.0,2024-03-24,Sunday
4663,4664,280,24.0,4.0,2024-03-21,Thursday
4664,4665,86,4.0,7.0,2024-03-12,Tuesday
4665,4666,110,6.0,5.0,2024-03-05,Tuesday
4666,4667,96,23.0,8.0,2024-03-21,Thursday
4667,4668,46,8.0,2.0,2024-03-12,Tuesday
4668,4669,111,6.0,7.0,2024-03-24,Sunday
4669,4670,259,4.0,2.0,2024-03-15,Friday
4671,4672,204,9.0,3.0,2024-03-01,Friday
4672,4673,294,10.0,2.0,2024-03-11,Monday
4673,4674,145,22.0,1.0,2024-03-20,Wednesday
4674,4675,32,22.0,6.0,2024-03-11,Monday
4675,4676,133,17.0,6.0,2024-03-16,Saturday
4676,4677,255,17.0,5.0,2024-03-02,Saturday
4677,4678,117,1.0,8.0,2024-03-27,Wednesday
4678,4679,262,8.0,6.0,2024-03-03,Sunday
4679,4680,86,15.0,10.0,2024-03-24,Sunday
4680,4681,14,4.0,9.0,2024-03-12,Tuesday
4681,4682,33,7.0,5.0,2024-03-28,Thursday
4682,4683,21,12.0,1.0,2024-03-11,Monday
4683,4684,140,16.0,2.0,2024-03-22,Friday
4684,4685,226,19.0,7.0,2024-03-07,Thursday
4685,4686,131,2.0,8.0,2024-03-10,Sunday
4686,4687,42,8.0,9.0,2024-03-19,Tuesday
4687,4688,141,11.0,7.0,2024-03-15,Friday
4688,4689,300,11.0,3.0,2024-03-01,Friday
4689,4690,79,4.0,8.0,2024-03-16,Saturday
4690,4691,21,5.0,3.0,2024-03-09,Saturday
4691,4692,118,10.0,8.0,2024-03-15,Friday
4692,4693,98,24.0,3.0,2024-03-21,Thursday
4693,4694,273,9.0,9.0,2024-03-08,Friday
4694,4695,90,15.0,3.0,2024-03-07,Thursday
4695,4696,242,22.0,1.0,2024-03-01,Friday
4696,4697,295,17.0,7.0,2024-03-20,Wednesday
4697,4698,197,10.0,9.0,2024-03-15,Friday
4698,4699,164,24.0,7.0,2024-03-23,Saturday
4699,4700,284,14.0,8.0,2024-03-05,Tuesday
4700,4701,116,8.0,5.0,2024-03-21,Thursday
4701,4702,211,14.0,4.0,2024-03-04,Monday
4702,4703,48,12.0,7.0,2024-03-23,Saturday
4703,4704,213,7.0,7.0,2024-03-18,Monday
4704,4705,100,12.0,8.0,2024-03-12,Tuesday
4705,4706,157,7.0,5.0,2024-03-03,Sunday
4706,4707,136,19.0,5.0,2024-03-16,Saturday
4707,4708,42,21.0,9.0,2024-03-28,Thursday
4708,4709,122,17.0,2.0,2024-03-20,Wednesday
4709,4710,209,9.0,8.0,2024-03-09,Saturday
4710,4711,257,15.0,3.0,2024-03-11,Monday
4711,4712,271,16.0,6.0,2024-03-04,Monday
4712,4713,32,15.0,6.0,2024-03-21,Thursday
4713,4714,143,16.0,10.0,2024-03-08,Friday
4714,4715,239,18.0,3.0,2024-03-03,Sunday
4715,4716,258,3.0,3.0,2024-03-08,Friday
4716,4717,197,6.0,5.0,2024-03-27,Wednesday
4717,4718,213,1.0,7.0,2024-03-13,Wednesday
4718,4719,212,8.0,8.0,2024-03-26,Tuesday
4719,4720,33,17.0,8.0,2024-03-02,Saturday
4720,4721,40,25.0,5.0,2024-03-01,Friday
4721,4722,164,1.0,3.0,2024-03-14,Thursday
4722,4723,131,25.0,1.0,2024-03-06,Wednesday
4723,4724,278,14.0,9.0,2024-03-04,Monday
4724,4725,201,3.0,5.0,2024-03-10,Sunday
4725,4726,237,20.0,7.0,2024-03-27,Wednesday
4726,4727,259,9.0,3.0,2024-03-03,Sunday
4727,4728,139,5.0,5.0,2024-03-08,Friday
4728,4729,274,14.0,2.0,2024-03-12,Tuesday
4729,4730,165,24.0,10.0,2024-03-15,Friday
4730,4731,224,7.0,8.0,2024-03-06,Wednesday
4731,4732,161,16.0,8.0,2024-03-20,Wednesday
4732,4733,107,13.0,8.0,2024-03-24,Sunday
4733,4734,112,20.0,5.0,2024-03-11,Monday
4734,4735,144,8.0,10.0,2024-03-26,Tuesday
4735,4736,69,17.0,6.0,2024-03-20,Wednesday
4736,4737,8,20.0,7.0,2024-03-15,Friday
4737,4738,249,11.0,2.0,2024-03-03,Sunday
4738,4739,85,22.0,3.0,2024-03-10,Sunday
4739,4740,67,9.0,6.0,2024-03-12,Tuesday
4740,4741,120,11.0,7.0,2024-03-26,Tuesday
4741,4742,233,25.0,10.0,2024-03-24,Sunday
4742,4743,186,25.0,6.0,2024-03-28,Thursday
4743,4744,181,24.0,3.0,2024-03-11,Monday
4744,4745,149,14.0,8.0,2024-03-02,Saturday
4745,4746,167,25.0,3.0,2024-03-19,Tuesday
4746,4747,141,19.0,7.0,2024-03-26,Tuesday
4747,4748,300,19.0,10.0,2024-03-08,Friday
4748,4749,20,15.0,1.0,2024-03-03,Sunday
4749,4750,66,10.0,3.0,2024-03-16,Saturday
4750,4751,279,11.0,2.0,2024-03-20,Wednesday
4751,4752,127,11.0,3.0,2024-03-10,Sunday
4752,4753,86,1.0,5.0,2024-03-01,Friday
4753,4754,135,14.0,2.0,2024-03-17,Sunday
4754,4755,267,6.0,7.0,2024-03-27,Wednesday
4755,4756,260,2.0,5.0,2024-03-03,Sunday
4756,4757,197,2.0,4.0,2024-03-26,Tuesday
4757,4758,192,10.0,5.0,2024-03-08,Friday
4758,4759,221,2.0,3.0,2024-03-07,Thursday
4759,4760,284,18.0,1.0,2024-03-03,Sunday
4760,4761,124,14.0,8.0,2024-03-14,Thursday
4761,4762,238,15.0,4.0,2024-03-15,Friday
4762,4763,153,11.0,10.0,2024-03-17,Sunday
4763,4764,129,7.0,6.0,2024-03-04,Monday
4764,4765,105,19.0,6.0,2024-03-02,Saturday
4765,4766,70,7.0,4.0,2024-03-03,Sunday
4766,4767,36,10.0,9.0,2024-03-01,Friday
4767,4768,129,1.0,7.0,2024-03-01,Friday
4768,4769,55,11.0,2.0,2024-03-27,Wednesday
4769,4770,55,14.0,5.0,2024-03-09,Saturday
4770,4771,297,15.0,4.0,2024-03-02,Saturday
4771,4772,245,6.0,6.0,2024-03-08,Friday
4772,4773,185,17.0,10.0,2024-03-04,Monday
4773,4774,275,9.0,9.0,2024-03-03,Sunday
4774,4775,154,20.0,6.0,2024-03-24,Sunday
4775,4776,299,9.0,6.0,2024-03-10,Sunday
4777,4778,156,5.0,9.0,2024-03-11,Monday
4778,4779,36,17.0,10.0,2024-03-22,Friday
4779,4780,155,13.0,8.0,2024-03-20,Wednesday
4780,4781,251,5.0,6.0,2024-03-17,Sunday
4781,4782,159,22.0,2.0,2024-03-02,Saturday
4782,4783,139,23.0,7.0,2024-03-14,Thursday
4783,4784,7,24.0,8.0,2024-03-22,Friday
4784,4785,138,12.0,8.0,2024-03-12,Tuesday
4785,4786,258,23.0,4.0,2024-03-25,Monday
4786,4787,258,11.0,2.0,2024-03-14,Thursday
4787,4788,261,3.0,6.0,2024-03-23,Saturday
4788,4789,214,3.0,7.0,2024-03-10,Sunday
4789,4790,216,24.0,4.0,2024-03-01,Friday
4790,4791,161,4.0,7.0,2024-03-08,Friday
4791,4792,97,6.0,3.0,2024-03-03,Sunday
4792,4793,207,3.0,10.0,2024-03-21,Thursday
4793,4794,231,24.0,5.0,2024-03-13,Wednesday
4794,4795,270,16.0,10.0,2024-03-20,Wednesday
4795,4796,44,19.0,7.0,2024-03-06,Wednesday
4796,4797,105,13.0,10.0,2024-03-06,Wednesday
4798,4799,6,4.0,8.0,2024-03-25,Monday
4799,4800,258,14.0,4.0,2024-03-01,Friday
4801,4802,179,14.0,8.0,2024-03-16,Saturday
4802,4803,149,6.0,10.0,2024-03-01,Friday
4803,4804,19,7.0,3.0,2024-03-25,Monday
4804,4805,90,23.0,8.0,2024-03-13,Wednesday
4805,4806,66,22.0,4.0,2024-03-03,Sunday
4806,4807,78,1.0,4.0,2024-03-22,Friday
4807,4808,299,11.0,9.0,2024-03-05,Tuesday
4808,4809,103,21.0,2.0,2024-03-06,Wednesday
4809,4810,249,20.0,1.0,2024-03-13,Wednesday
4810,4811,201,21.0,10.0,2024-03-03,Sunday
4811,4812,168,19.0,9.0,2024-03-07,Thursday
4812,4813,26,23.0,3.0,2024-03-01,Friday
4813,4814,112,12.0,4.0,2024-03-07,Thursday
4814,4815,176,5.0,8.0,2024-03-15,Friday
4815,4816,176,2.0,4.0,2024-03-15,Friday
4816,4817,35,5.0,7.0,2024-03-28,Thursday
4817,4818,37,17.0,6.0,2024-03-17,Sunday
4818,4819,87,1.0,2.0,2024-03-15,Friday
4819,4820,295,3.0,4.0,2024-03-28,Thursday
4820,4821,178,5.0,9.0,2024-03-05,Tuesday
4821,4822,199,4.0,10.0,2024-03-23,Saturday
4822,4823,13,5.0,10.0,2024-03-19,Tuesday
4823,4824,132,24.0,6.0,2024-03-14,Thursday
4824,4825,122,18.0,9.0,2024-03-11,Monday
4825,4826,18,23.0,10.0,2024-03-20,Wednesday
4826,4827,228,17.0,4.0,2024-03-23,Saturday
4827,4828,187,25.0,10.0,2024-03-01,Friday
4828,4829,146,3.0,3.0,2024-03-13,Wednesday
4829,4830,118,14.0,1.0,2024-03-02,Saturday
4830,4831,1,22.0,3.0,2024-03-08,Friday
4831,4832,282,18.0,2.0,2024-03-25,Monday
4832,4833,203,16.0,7.0,2024-03-01,Friday
4833,4834,152,25.0,5.0,2024-03-13,Wednesday
4834,4835,236,21.0,2.0,2024-03-12,Tuesday
4835,4836,252,10.0,4.0,2024-03-02,Saturday
4836,4837,231,7.0,10.0,2024-03-24,Sunday
4837,4838,175,9.0,7.0,2024-03-16,Saturday
4838,4839,26,25.0,6.0,2024-03-18,Monday
4839,4840,170,7.0,2.0,2024-03-06,Wednesday
4840,4841,66,11.0,5.0,2024-03-02,Saturday
4841,4842,265,2.0,5.0,2024-03-10,Sunday
4842,4843,240,25.0,1.0,2024-03-19,Tuesday
4843,4844,18,15.0,4.0,2024-03-09,Saturday
4844,4845,119,21.0,5.0,2024-03-28,Thursday
4845,4846,294,21.0,1.0,2024-03-07,Thursday
4846,4847,295,13.0,8.0,2024-03-04,Monday
4847,4848,151,5.0,9.0,2024-03-23,Saturday
4848,4849,54,3.0,10.0,2024-03-12,Tuesday
4849,4850,8,19.0,5.0,2024-03-03,Sunday
4850,4851,230,20.0,10.0,2024-03-24,Sunday
4851,4852,72,8.0,9.0,2024-03-14,Thursday
4852,4853,221,2.0,7.0,2024-03-17,Sunday
4853,4854,37,7.0,5.0,2024-03-20,Wednesday
4854,4855,112,18.0,8.0,2024-03-21,Thursday
4855,4856,262,7.0,7.0,2024-03-19,Tuesday
4856,4857,230,23.0,1.0,2024-03-08,Friday
4857,4858,242,4.0,6.0,2024-03-18,Monday
4858,4859,54,3.0,8.0,2024-03-15,Friday
4859,4860,232,16.0,2.0,2024-03-26,Tuesday
4860,4861,283,20.0,3.0,2024-03-02,Saturday
4861,4862,228,11.0,8.0,2024-03-20,Wednesday
4862,4863,7,7.0,7.0,2024-03-17,Sunday
4863,4864,87,9.0,10.0,2024-03-13,Wednesday
4864,4865,239,3.0,4.0,2024-03-27,Wednesday
4865,4866,187,4.0,5.0,2024-03-25,Monday
4866,4867,154,10.0,9.0,2024-03-11,Monday
4867,4868,294,2.0,2.0,2024-03-04,Monday
4868,4869,58,11.0,7.0,2024-03-08,Friday
4869,4870,164,15.0,7.0,2024-03-02,Saturday
4871,4872,35,19.0,4.0,2024-03-02,Saturday
4872,4873,261,14.0,1.0,2024-03-24,Sunday
4873,4874,104,23.0,4.0,2024-03-19,Tuesday
4874,4875,185,5.0,5.0,2024-03-11,Monday
4875,4876,173,24.0,8.0,2024-03-21,Thursday
4876,4877,279,1.0,4.0,2024-03-22,Friday
4877,4878,238,3.0,7.0,2024-03-22,Friday
4878,4879,262,21.0,7.0,2024-03-24,Sunday
4879,4880,93,7.0,8.0,2024-03-12,Tuesday
4880,4881,287,25.0,8.0,2024-03-14,Thursday
4881,4882,97,4.0,10.0,2024-03-09,Saturday
4882,4883,90,23.0,4.0,2024-03-01,Friday
4883,4884,201,6.0,6.0,2024-03-28,Thursday
4884,4885,185,9.0,6.0,2024-03-18,Monday
4886,4887,104,6.0,9.0,2024-03-11,Monday
4887,4888,5,10.0,8.0,2024-03-13,Wednesday
4888,4889,258,19.0,7.0,2024-03-05,Tuesday
4889,4890,31,17.0,7.0,2024-03-18,Monday
4890,4891,108,10.0,8.0,2024-03-17,Sunday
4891,4892,90,7.0,1.0,2024-03-18,Monday
4892,4893,149,13.0,8.0,2024-03-13,Wednesday
4893,4894,125,1.0,9.0,2024-03-16,Saturday
4894,4895,78,17.0,1.0,2024-03-13,Wednesday
4895,4896,146,22.0,8.0,2024-03-03,Sunday
4896,4897,131,21.0,4.0,2024-03-08,Friday
4897,4898,51,13.0,7.0,2024-03-06,Wednesday
4898,4899,269,9.0,6.0,2024-03-10,Sunday
4899,4900,170,15.0,10.0,2024-03-13,Wednesday
4900,4901,181,3.0,2.0,2024-03-17,Sunday
4901,4902,213,24.0,1.0,2024-03-06,Wednesday
4902,4903,152,14.0,10.0,2024-03-09,Saturday
4903,4904,262,21.0,10.0,2024-03-13,Wednesday
4904,4905,160,9.0,2.0,2024-03-21,Thursday
4905,4906,164,16.0,4.0,2024-03-03,Sunday
4906,4907,91,22.0,5.0,2024-03-17,Sunday
4907,4908,131,1.0,8.0,2024-03-01,Friday
4908,4909,265,12.0,1.0,2024-03-01,Friday
4909,4910,16,14.0,7.0,2024-03-11,Monday
4910,4911,102,25.0,2.0,2024-03-15,Friday
4911,4912,131,24.0,2.0,2024-03-28,Thursday
4913,4914,37,12.0,3.0,2024-03-22,Friday
4915,4916,172,2.0,6.0,2024-03-08,Friday
4916,4917,33,8.0,10.0,2024-03-27,Wednesday
4917,4918,188,2.0,3.0,2024-03-27,Wednesday
4918,4919,288,8.0,9.0,2024-03-25,Monday
4919,4920,119,16.0,7.0,2024-03-19,Tuesday
4920,4921,288,25.0,6.0,2024-03-08,Friday
4921,4922,131,4.0,5.0,2024-03-27,Wednesday
4922,4923,264,11.0,1.0,2024-03-27,Wednesday
4923,4924,254,22.0,2.0,2024-03-11,Monday
4924,4925,109,15.0,8.0,2024-03-02,Saturday
4925,4926,241,19.0,4.0,2024-03-16,Saturday
4926,4927,6,1.0,4.0,2024-03-17,Sunday
4927,4928,142,17.0,7.0,2024-03-25,Monday
4928,4929,143,20.0,7.0,2024-03-15,Friday
4929,4930,30,25.0,5.0,2024-03-09,Saturday
4930,4931,55,18.0,1.0,2024-03-07,Thursday
4932,4933,60,13.0,1.0,2024-03-23,Saturday
4933,4934,192,5.0,7.0,2024-03-18,Monday
4934,4935,51,14.0,4.0,2024-03-15,Friday
4935,4936,284,3.0,4.0,2024-03-09,Saturday
4936,4937,264,8.0,10.0,2024-03-20,Wednesday
4937,4938,188,5.0,7.0,2024-03-12,Tuesday
4938,4939,287,15.0,4.0,2024-03-03,Sunday
4939,4940,251,24.0,5.0,2024-03-24,Sunday
4940,4941,231,15.0,1.0,2024-03-20,Wednesday
4941,4942,214,15.0,9.0,2024-03-27,Wednesday
4942,4943,173,19.0,8.0,2024-03-13,Wednesday
4943,4944,103,25.0,5.0,2024-03-13,Wednesday
4944,4945,298,4.0,1.0,2024-03-10,Sunday
4945,4946,255,11.0,7.0,2024-03-07,Thursday
4946,4947,83,4.0,9.0,2024-03-22,Friday
4947,4948,218,19.0,10.0,2024-03-15,Friday
4948,4949,158,25.0,2.0,2024-03-28,Thursday
4949,4950,215,15.0,2.0,2024-03-26,Tuesday
4950,4951,35,18.0,3.0,2024-03-04,Monday
4951,4952,288,20.0,9.0,2024-03-06,Wednesday
4952,4953,299,3.0,10.0,2024-03-17,Sunday
4953,4954,179,22.0,9.0,2024-03-07,Thursday
4954,4955,143,7.0,8.0,2024-03-17,Sunday
4955,4956,253,1.0,8.0,2024-03-20,Wednesday
4957,4958,190,14.0,1.0,2024-03-04,Monday
4958,4959,21,15.0,10.0,2024-03-17,Sunday
4959,4960,288,17.0,6.0,2024-03-15,Friday
4960,4961,133,19.0,8.0,2024-03-05,Tuesday
4961,4962,246,23.0,4.0,2024-03-27,Wednesday
4962,4963,229,24.0,6.0,2024-03-27,Wednesday
4963,4964,125,22.0,8.0,2024-03-27,Wednesday
4964,4965,74,12.0,10.0,2024-03-26,Tuesday
4966,4967,11,9.0,1.0,2024-03-13,Wednesday
4967,4968,151,4.0,4.0,2024-03-13,Wednesday
4968,4969,76,16.0,1.0,2024-03-15,Friday
4969,4970,240,4.0,8.0,2024-03-11,Monday
4970,4971,152,6.0,8.0,2024-03-01,Friday
4971,4972,281,21.0,2.0,2024-03-15,Friday
4972,4973,86,15.0,1.0,2024-03-08,Friday
4973,4974,119,19.0,2.0,2024-03-14,Thursday
4974,4975,172,14.0,1.0,2024-03-15,Friday
4975,4976,23,22.0,4.0,2024-03-23,Saturday
4976,4977,180,2.0,3.0,2024-03-09,Saturday
4977,4978,242,8.0,2.0,2024-03-25,Monday
4978,4979,222,13.0,8.0,2024-03-10,Sunday
4979,4980,92,9.0,3.0,2024-03-23,Saturday
4980,4981,143,8.0,6.0,2024-03-17,Sunday
4981,4982,239,18.0,1.0,2024-03-08,Friday
4982,4983,171,15.0,4.0,2024-03-25,Monday
4983,4984,287,13.0,5.0,2024-03-05,Tuesday
4984,4985,16,15.0,1.0,2024-03-12,Tuesday
4985,4986,81,20.0,6.0,2024-03-16,Saturday
4986,4987,48,5.0,4.0,2024-03-19,Tuesday
4987,4988,280,19.0,7.0,2024-03-11,Monday
4988,4989,205,8.0,6.0,2024-03-21,Thursday
4989,4990,33,12.0,2.0,2024-03-19,Tuesday
4990,4991,186,3.0,10.0,2024-03-09,Saturday
4991,4992,89,15.0,4.0,2024-03-26,Tuesday
4992,4993,11,22.0,2.0,2024-03-23,Saturday
4993,4994,138,14.0,2.0,2024-03-03,Sunday
4994,4995,221,25.0,6.0,2024-03-05,Tuesday
4995,4996,231,2.0,9.0,2024-03-04,Monday
4996,4997,86,19.0,8.0,2024-03-09,Saturday
4997,4998,285,20.0,5.0,2024-03-10,Sunday
4998,4999,62,5.0,7.0,2024-04-20,Saturday
4999,5000,267,1.0,6.0,2024-04-20,Saturday
5000,5001,261,2.0,9.0,2024-04-07,Sunday
5001,5002,175,2.0,9.0,2024-04-24,Wednesday
5002,5003,114,11.0,9.0,2024-04-26,Friday
5003,5004,95,4.0,4.0,2024-04-23,Tuesday
5004,5005,12,5.0,2.0,2024-04-10,Wednesday
5005,5006,217,25.0,5.0,2024-04-23,Tuesday
5006,5007,290,17.0,4.0,2024-04-15,Monday
5007,5008,261,18.0,5.0,2024-04-11,Thursday
5008,5009,200,1.0,10.0,2024-04-03,Wednesday
5009,5010,222,12.0,7.0,2024-04-23,Tuesday
5010,5011,215,13.0,6.0,2024-04-17,Wednesday
5011,5012,147,19.0,10.0,2024-04-08,Monday
5012,5013,203,10.0,2.0,2024-04-17,Wednesday
5013,5014,289,11.0,4.0,2024-04-05,Friday
5014,5015,76,9.0,9.0,2024-04-04,Thursday
5015,5016,112,22.0,10.0,2024-04-25,Thursday
5016,5017,279,13.0,2.0,2024-04-11,Thursday
5017,5018,126,10.0,1.0,2024-04-21,Sunday
5018,5019,73,22.0,8.0,2024-04-18,Thursday
5019,5020,89,1.0,7.0,2024-04-20,Saturday
5020,5021,213,5.0,8.0,2024-04-08,Monday
5021,5022,90,16.0,6.0,2024-04-18,Thursday
5022,5023,177,11.0,8.0,2024-04-25,Thursday
5023,5024,69,17.0,1.0,2024-04-03,Wednesday
5024,5025,67,19.0,5.0,2024-04-05,Friday
5025,5026,293,10.0,5.0,2024-04-22,Monday
5026,5027,145,23.0,4.0,2024-04-07,Sunday
5027,5028,64,17.0,7.0,2024-04-15,Monday
5028,5029,218,14.0,8.0,2024-04-16,Tuesday
5029,5030,27,23.0,2.0,2024-04-10,Wednesday
5030,5031,118,17.0,5.0,2024-04-18,Thursday
5031,5032,44,21.0,9.0,2024-04-26,Friday
5032,5033,114,7.0,5.0,2024-04-19,Friday
5033,5034,69,9.0,3.0,2024-04-16,Tuesday
5034,5035,234,9.0,6.0,2024-04-06,Saturday
5035,5036,267,17.0,6.0,2024-04-10,Wednesday
5036,5037,18,8.0,7.0,2024-04-27,Saturday
5037,5038,251,18.0,9.0,2024-04-26,Friday
5038,5039,147,15.0,6.0,2024-04-19,Friday
5039,5040,258,20.0,5.0,2024-04-13,Saturday
5040,5041,126,22.0,10.0,2024-04-05,Friday
5041,5042,163,10.0,7.0,2024-04-22,Monday
5042,5043,149,14.0,8.0,2024-04-26,Friday
5043,5044,292,17.0,7.0,2024-04-03,Wednesday
5044,5045,167,20.0,5.0,2024-04-26,Friday
5045,5046,34,4.0,9.0,2024-04-08,Monday
5046,5047,27,3.0,10.0,2024-04-16,Tuesday
5047,5048,101,17.0,10.0,2024-04-10,Wednesday
5048,5049,253,22.0,8.0,2024-04-18,Thursday
5049,5050,70,1.0,1.0,2024-04-01,Monday
5050,5051,131,6.0,9.0,2024-04-20,Saturday
5051,5052,44,11.0,8.0,2024-04-09,Tuesday
5052,5053,22,19.0,7.0,2024-04-26,Friday
5053,5054,262,1.0,1.0,2024-04-12,Friday
5054,5055,94,9.0,3.0,2024-04-22,Monday
5055,5056,202,14.0,6.0,2024-04-10,Wednesday
5056,5057,23,12.0,2.0,2024-04-05,Friday
5057,5058,112,9.0,4.0,2024-04-08,Monday
5058,5059,230,22.0,8.0,2024-04-24,Wednesday
5059,5060,172,18.0,8.0,2024-04-03,Wednesday
5060,5061,225,20.0,2.0,2024-04-16,Tuesday
5061,5062,94,17.0,1.0,2024-04-22,Monday
5062,5063,247,9.0,7.0,2024-04-14,Sunday
5063,5064,140,16.0,3.0,2024-04-24,Wednesday
5064,5065,88,10.0,4.0,2024-04-22,Monday
5065,5066,26,7.0,3.0,2024-04-28,Sunday
5066,5067,74,12.0,6.0,2024-04-13,Saturday
5067,5068,6,16.0,9.0,2024-04-22,Monday
5068,5069,115,21.0,10.0,2024-04-13,Saturday
5069,5070,37,6.0,7.0,2024-04-21,Sunday
5070,5071,208,22.0,4.0,2024-04-06,Saturday
5071,5072,171,13.0,5.0,2024-04-25,Thursday
5072,5073,164,3.0,10.0,2024-04-13,Saturday
5073,5074,202,7.0,7.0,2024-04-26,Friday
5074,5075,40,13.0,5.0,2024-04-28,Sunday
5075,5076,29,10.0,9.0,2024-04-21,Sunday
5076,5077,101,23.0,8.0,2024-04-21,Sunday
5077,5078,82,16.0,3.0,2024-04-19,Friday
5078,5079,236,16.0,1.0,2024-04-19,Friday
5079,5080,243,3.0,3.0,2024-04-13,Saturday
5080,5081,50,11.0,5.0,2024-04-27,Saturday
5081,5082,66,19.0,4.0,2024-04-04,Thursday
5082,5083,261,19.0,4.0,2024-04-01,Monday
5083,5084,280,18.0,5.0,2024-04-03,Wednesday
5084,5085,35,17.0,5.0,2024-04-12,Friday
5085,5086,212,25.0,2.0,2024-04-12,Friday
5086,5087,80,8.0,6.0,2024-04-18,Thursday
5088,5089,91,20.0,4.0,2024-04-05,Friday
5089,5090,255,4.0,6.0,2024-04-26,Friday
5090,5091,154,16.0,3.0,2024-04-28,Sunday
5091,5092,142,22.0,6.0,2024-04-05,Friday
5092,5093,6,4.0,9.0,2024-04-02,Tuesday
5093,5094,277,16.0,6.0,2024-04-12,Friday
5094,5095,174,18.0,2.0,2024-04-01,Monday
5095,5096,285,22.0,7.0,2024-04-09,Tuesday
5096,5097,109,15.0,9.0,2024-04-14,Sunday
5097,5098,152,13.0,6.0,2024-04-10,Wednesday
5098,5099,294,14.0,4.0,2024-04-28,Sunday
5099,5100,221,6.0,9.0,2024-04-12,Friday
5100,5101,112,16.0,5.0,2024-04-16,Tuesday
5101,5102,26,11.0,3.0,2024-04-11,Thursday
5102,5103,243,5.0,7.0,2024-04-21,Sunday
5103,5104,39,9.0,6.0,2024-04-08,Monday
5104,5105,9,19.0,9.0,2024-04-19,Friday
5105,5106,225,25.0,5.0,2024-04-13,Saturday
5106,5107,226,21.0,9.0,2024-04-26,Friday
5107,5108,178,21.0,6.0,2024-04-26,Friday
5108,5109,135,9.0,10.0,2024-04-14,Sunday
5109,5110,93,11.0,8.0,2024-04-09,Tuesday
5110,5111,41,5.0,4.0,2024-04-15,Monday
5111,5112,38,20.0,2.0,2024-04-27,Saturday
5112,5113,253,19.0,9.0,2024-04-24,Wednesday
5113,5114,15,2.0,6.0,2024-04-12,Friday
5114,5115,195,11.0,9.0,2024-04-24,Wednesday
5115,5116,142,10.0,3.0,2024-04-22,Monday
5116,5117,69,7.0,10.0,2024-04-02,Tuesday
5117,5118,173,8.0,4.0,2024-04-23,Tuesday
5118,5119,161,19.0,9.0,2024-04-26,Friday
5119,5120,62,20.0,7.0,2024-04-18,Thursday
5120,5121,241,17.0,9.0,2024-04-16,Tuesday
5121,5122,218,8.0,1.0,2024-04-08,Monday
5122,5123,127,14.0,7.0,2024-04-22,Monday
5123,5124,167,11.0,1.0,2024-04-22,Monday
5124,5125,187,22.0,1.0,2024-04-13,Saturday
5125,5126,14,22.0,2.0,2024-04-08,Monday
5126,5127,76,13.0,6.0,2024-04-12,Friday
5127,5128,171,20.0,5.0,2024-04-14,Sunday
5128,5129,227,11.0,4.0,2024-04-24,Wednesday
5129,5130,143,21.0,6.0,2024-04-19,Friday
5130,5131,236,22.0,1.0,2024-04-10,Wednesday
5131,5132,169,23.0,6.0,2024-04-26,Friday
5132,5133,101,24.0,7.0,2024-04-05,Friday
5133,5134,190,2.0,8.0,2024-04-12,Friday
5134,5135,24,14.0,10.0,2024-04-25,Thursday
5135,5136,199,18.0,4.0,2024-04-27,Saturday
5136,5137,267,11.0,4.0,2024-04-18,Thursday
5137,5138,294,6.0,5.0,2024-04-16,Tuesday
5138,5139,219,23.0,4.0,2024-04-17,Wednesday
5139,5140,209,18.0,5.0,2024-04-28,Sunday
5140,5141,265,4.0,7.0,2024-04-13,Saturday
5141,5142,24,13.0,8.0,2024-04-12,Friday
5142,5143,125,24.0,6.0,2024-04-11,Thursday
5143,5144,227,16.0,3.0,2024-04-02,Tuesday
5144,5145,273,21.0,10.0,2024-04-01,Monday
5145,5146,167,17.0,8.0,2024-04-17,Wednesday
5146,5147,242,21.0,3.0,2024-04-10,Wednesday
5147,5148,147,3.0,6.0,2024-04-25,Thursday
5148,5149,208,13.0,1.0,2024-04-25,Thursday
5149,5150,176,21.0,6.0,2024-04-03,Wednesday
5150,5151,142,15.0,6.0,2024-04-27,Saturday
5151,5152,18,21.0,9.0,2024-04-16,Tuesday
5152,5153,293,20.0,1.0,2024-04-20,Saturday
5153,5154,171,14.0,6.0,2024-04-21,Sunday
5154,5155,116,21.0,7.0,2024-04-10,Wednesday
5155,5156,156,12.0,6.0,2024-04-04,Thursday
5156,5157,114,8.0,6.0,2024-04-10,Wednesday
5157,5158,134,9.0,10.0,2024-04-13,Saturday
5158,5159,19,25.0,1.0,2024-04-07,Sunday
5159,5160,281,1.0,5.0,2024-04-24,Wednesday
5160,5161,214,16.0,3.0,2024-04-01,Monday
5161,5162,225,2.0,10.0,2024-04-07,Sunday
5162,5163,257,4.0,7.0,2024-04-18,Thursday
5163,5164,118,21.0,9.0,2024-04-22,Monday
5164,5165,28,4.0,7.0,2024-04-14,Sunday
5165,5166,225,8.0,2.0,2024-04-14,Sunday
5166,5167,257,15.0,7.0,2024-04-26,Friday
5167,5168,182,16.0,10.0,2024-04-12,Friday
5168,5169,31,21.0,10.0,2024-04-15,Monday
5169,5170,113,3.0,6.0,2024-04-14,Sunday
5170,5171,143,6.0,7.0,2024-04-09,Tuesday
5171,5172,230,3.0,7.0,2024-04-09,Tuesday
5172,5173,221,9.0,5.0,2024-04-17,Wednesday
5173,5174,213,24.0,10.0,2024-04-09,Tuesday
5174,5175,294,4.0,4.0,2024-04-18,Thursday
5175,5176,260,16.0,7.0,2024-04-26,Friday
5176,5177,127,20.0,7.0,2024-04-10,Wednesday
5177,5178,214,1.0,8.0,2024-04-10,Wednesday
5178,5179,139,1.0,3.0,2024-04-12,Friday
5179,5180,181,11.0,7.0,2024-04-27,Saturday
5180,5181,46,7.0,9.0,2024-04-23,Tuesday
5181,5182,5,19.0,6.0,2024-04-21,Sunday
5182,5183,247,11.0,1.0,2024-04-17,Wednesday
5183,5184,141,21.0,9.0,2024-04-15,Monday
5184,5185,201,7.0,4.0,2024-04-06,Saturday
5185,5186,272,4.0,4.0,2024-04-15,Monday
5186,5187,210,5.0,8.0,2024-04-15,Monday
5187,5188,172,17.0,9.0,2024-04-28,Sunday
5188,5189,229,21.0,8.0,2024-04-05,Friday
5189,5190,100,3.0,4.0,2024-04-16,Tuesday
5190,5191,207,14.0,9.0,2024-04-01,Monday
5191,5192,208,21.0,7.0,2024-04-07,Sunday
5192,5193,39,13.0,2.0,2024-04-07,Sunday
5193,5194,8,11.0,4.0,2024-04-18,Thursday
5194,5195,103,4.0,6.0,2024-04-24,Wednesday
5195,5196,204,13.0,5.0,2024-04-08,Monday
5196,5197,62,20.0,4.0,2024-04-24,Wednesday
5197,5198,188,7.0,2.0,2024-04-22,Monday
5198,5199,279,4.0,6.0,2024-04-03,Wednesday
5199,5200,44,1.0,7.0,2024-04-14,Sunday
5200,5201,195,12.0,1.0,2024-04-05,Friday
5201,5202,90,5.0,5.0,2024-04-21,Sunday
5202,5203,173,4.0,9.0,2024-04-14,Sunday
5203,5204,126,11.0,1.0,2024-04-02,Tuesday
5204,5205,166,16.0,10.0,2024-04-21,Sunday
5205,5206,70,23.0,10.0,2024-04-19,Friday
5206,5207,182,6.0,7.0,2024-04-12,Friday
5207,5208,274,7.0,7.0,2024-04-18,Thursday
5208,5209,84,4.0,5.0,2024-04-16,Tuesday
5209,5210,233,3.0,5.0,2024-04-07,Sunday
5210,5211,80,1.0,1.0,2024-04-22,Monday
5211,5212,21,16.0,1.0,2024-04-10,Wednesday
5212,5213,168,21.0,8.0,2024-04-27,Saturday
5213,5214,119,6.0,8.0,2024-04-11,Thursday
5214,5215,107,6.0,3.0,2024-04-06,Saturday
5215,5216,20,4.0,5.0,2024-04-08,Monday
5216,5217,152,16.0,6.0,2024-04-17,Wednesday
5217,5218,185,20.0,5.0,2024-04-16,Tuesday
5218,5219,294,6.0,5.0,2024-04-14,Sunday
5219,5220,124,16.0,6.0,2024-04-12,Friday
5220,5221,173,18.0,4.0,2024-04-01,Monday
5221,5222,238,2.0,10.0,2024-04-04,Thursday
5222,5223,40,8.0,6.0,2024-04-01,Monday
5223,5224,57,25.0,6.0,2024-04-09,Tuesday
5224,5225,25,3.0,5.0,2024-04-20,Saturday
5226,5227,197,2.0,10.0,2024-04-24,Wednesday
5227,5228,205,8.0,4.0,2024-04-02,Tuesday
5228,5229,98,4.0,1.0,2024-04-15,Monday
5229,5230,152,11.0,8.0,2024-04-11,Thursday
5230,5231,294,12.0,1.0,2024-04-23,Tuesday
5231,5232,171,14.0,8.0,2024-04-12,Friday
5232,5233,116,12.0,10.0,2024-04-14,Sunday
5233,5234,57,8.0,1.0,2024-04-17,Wednesday
5234,5235,51,2.0,7.0,2024-04-01,Monday
5235,5236,99,12.0,8.0,2024-04-22,Monday
5236,5237,242,3.0,8.0,2024-04-23,Tuesday
5237,5238,253,23.0,6.0,2024-04-11,Thursday
5238,5239,268,20.0,9.0,2024-04-13,Saturday
5239,5240,128,4.0,8.0,2024-04-04,Thursday
5240,5241,135,4.0,3.0,2024-04-10,Wednesday
5241,5242,214,15.0,4.0,2024-04-07,Sunday
5242,5243,241,23.0,5.0,2024-04-01,Monday
5243,5244,165,10.0,6.0,2024-04-16,Tuesday
5244,5245,131,1.0,2.0,2024-04-16,Tuesday
5245,5246,237,1.0,7.0,2024-04-02,Tuesday
5246,5247,232,7.0,9.0,2024-04-17,Wednesday
5247,5248,233,6.0,1.0,2024-04-16,Tuesday
5248,5249,217,9.0,1.0,2024-04-22,Monday
5249,5250,163,10.0,3.0,2024-04-23,Tuesday
5250,5251,77,10.0,2.0,2024-04-07,Sunday
5251,5252,156,22.0,2.0,2024-04-16,Tuesday
5252,5253,203,14.0,3.0,2024-04-05,Friday
5253,5254,32,21.0,7.0,2024-04-05,Friday
5254,5255,217,17.0,5.0,2024-04-26,Friday
5255,5256,179,4.0,6.0,2024-04-23,Tuesday
5256,5257,34,25.0,8.0,2024-04-07,Sunday
5257,5258,222,25.0,5.0,2024-04-14,Sunday
5258,5259,166,21.0,5.0,2024-04-07,Sunday
5259,5260,54,8.0,5.0,2024-04-26,Friday
5260,5261,7,16.0,9.0,2024-04-21,Sunday
5261,5262,165,15.0,7.0,2024-04-25,Thursday
5262,5263,141,4.0,6.0,2024-04-21,Sunday
5263,5264,256,8.0,4.0,2024-04-21,Sunday
5264,5265,241,8.0,7.0,2024-04-04,Thursday
5265,5266,185,5.0,6.0,2024-04-26,Friday
5266,5267,164,2.0,5.0,2024-04-07,Sunday
5267,5268,60,17.0,6.0,2024-04-23,Tuesday
5268,5269,184,6.0,10.0,2024-04-22,Monday
5269,5270,180,16.0,10.0,2024-04-09,Tuesday
5270,5271,204,17.0,1.0,2024-04-20,Saturday
5271,5272,148,3.0,7.0,2024-04-20,Saturday
5272,5273,196,6.0,8.0,2024-04-20,Saturday
5273,5274,273,24.0,1.0,2024-04-03,Wednesday
5274,5275,61,15.0,10.0,2024-04-18,Thursday
5275,5276,83,7.0,4.0,2024-04-13,Saturday
5276,5277,2,23.0,4.0,2024-04-25,Thursday
5277,5278,90,23.0,8.0,2024-04-09,Tuesday
5278,5279,90,16.0,8.0,2024-04-21,Sunday
5279,5280,131,6.0,2.0,2024-04-05,Friday
5280,5281,130,6.0,1.0,2024-04-16,Tuesday
5281,5282,261,15.0,2.0,2024-04-05,Friday
5282,5283,169,19.0,3.0,2024-04-11,Thursday
5283,5284,2,25.0,10.0,2024-04-24,Wednesday
5284,5285,115,13.0,5.0,2024-04-07,Sunday
5285,5286,77,8.0,9.0,2024-04-22,Monday
5286,5287,299,5.0,2.0,2024-04-22,Monday
5287,5288,107,2.0,2.0,2024-04-12,Friday
5288,5289,92,9.0,7.0,2024-04-17,Wednesday
5289,5290,54,6.0,4.0,2024-04-06,Saturday
5290,5291,18,18.0,8.0,2024-04-11,Thursday
5291,5292,243,2.0,10.0,2024-04-27,Saturday
5292,5293,270,12.0,9.0,2024-04-07,Sunday
5293,5294,116,4.0,7.0,2024-04-06,Saturday
5294,5295,265,1.0,10.0,2024-04-15,Monday
5295,5296,119,3.0,8.0,2024-04-23,Tuesday
5296,5297,127,18.0,1.0,2024-04-21,Sunday
5297,5298,119,18.0,2.0,2024-04-15,Monday
5298,5299,137,13.0,3.0,2024-04-10,Wednesday
5299,5300,250,1.0,1.0,2024-04-12,Friday
5300,5301,266,5.0,4.0,2024-04-04,Thursday
5301,5302,15,22.0,9.0,2024-04-24,Wednesday
5302,5303,30,5.0,9.0,2024-04-18,Thursday
5303,5304,264,16.0,6.0,2024-04-12,Friday
5304,5305,165,8.0,4.0,2024-04-01,Monday
5305,5306,253,2.0,7.0,2024-04-03,Wednesday
5306,5307,36,23.0,7.0,2024-04-19,Friday
5307,5308,14,20.0,4.0,2024-04-27,Saturday
5308,5309,118,16.0,8.0,2024-04-01,Monday
5309,5310,293,21.0,4.0,2024-04-18,Thursday
5310,5311,8,10.0,6.0,2024-04-05,Friday
5311,5312,139,15.0,5.0,2024-04-09,Tuesday
5312,5313,185,11.0,1.0,2024-04-27,Saturday
5313,5314,13,11.0,4.0,2024-04-15,Monday
5314,5315,13,15.0,3.0,2024-04-02,Tuesday
5315,5316,12,8.0,6.0,2024-04-01,Monday
5316,5317,292,20.0,7.0,2024-04-24,Wednesday
5317,5318,168,23.0,8.0,2024-04-24,Wednesday
5318,5319,229,9.0,5.0,2024-04-11,Thursday
5319,5320,186,3.0,6.0,2024-04-14,Sunday
5320,5321,5,19.0,3.0,2024-04-21,Sunday
5321,5322,125,2.0,1.0,2024-04-28,Sunday
5322,5323,18,12.0,9.0,2024-04-01,Monday
5323,5324,140,14.0,6.0,2024-04-02,Tuesday
5324,5325,151,2.0,1.0,2024-04-28,Sunday
5325,5326,198,17.0,4.0,2024-04-26,Friday
5326,5327,209,1.0,5.0,2024-04-20,Saturday
5327,5328,218,5.0,6.0,2024-04-07,Sunday
5328,5329,170,24.0,2.0,2024-04-06,Saturday
5329,5330,197,12.0,3.0,2024-04-18,Thursday
5330,5331,169,20.0,1.0,2024-04-01,Monday
5331,5332,37,25.0,8.0,2024-04-22,Monday
5332,5333,248,25.0,7.0,2024-04-27,Saturday
5333,5334,118,25.0,3.0,2024-04-15,Monday
5334,5335,186,10.0,7.0,2024-04-10,Wednesday
5335,5336,145,12.0,9.0,2024-04-09,Tuesday
5336,5337,278,8.0,3.0,2024-04-28,Sunday
5337,5338,124,15.0,3.0,2024-04-22,Monday
5338,5339,81,25.0,10.0,2024-04-19,Friday
5339,5340,154,17.0,10.0,2024-04-01,Monday
5340,5341,174,25.0,9.0,2024-04-26,Friday
5341,5342,149,18.0,9.0,2024-04-16,Tuesday
5342,5343,245,14.0,5.0,2024-04-07,Sunday
5343,5344,128,9.0,3.0,2024-04-28,Sunday
5344,5345,65,18.0,10.0,2024-04-26,Friday
5345,5346,205,25.0,1.0,2024-04-04,Thursday
5346,5347,84,13.0,5.0,2024-04-21,Sunday
5347,5348,223,19.0,8.0,2024-04-17,Wednesday
5348,5349,230,11.0,10.0,2024-04-28,Sunday
5349,5350,109,24.0,10.0,2024-04-14,Sunday
5350,5351,143,15.0,8.0,2024-04-04,Thursday
5351,5352,231,15.0,1.0,2024-04-24,Wednesday
5352,5353,44,12.0,6.0,2024-04-10,Wednesday
5353,5354,276,11.0,8.0,2024-04-13,Saturday
5354,5355,133,9.0,9.0,2024-04-11,Thursday
5355,5356,200,25.0,7.0,2024-04-23,Tuesday
5356,5357,171,1.0,10.0,2024-04-25,Thursday
5357,5358,231,6.0,8.0,2024-04-17,Wednesday
5358,5359,74,16.0,7.0,2024-04-18,Thursday
5359,5360,285,19.0,5.0,2024-04-24,Wednesday
5360,5361,207,1.0,4.0,2024-04-20,Saturday
5361,5362,96,25.0,8.0,2024-04-09,Tuesday
5362,5363,147,7.0,6.0,2024-04-20,Saturday
5363,5364,222,12.0,4.0,2024-04-15,Monday
5364,5365,143,16.0,2.0,2024-04-03,Wednesday
5365,5366,220,19.0,6.0,2024-04-16,Tuesday
5366,5367,91,12.0,1.0,2024-04-12,Friday
5367,5368,32,16.0,10.0,2024-04-16,Tuesday
5368,5369,33,7.0,4.0,2024-04-27,Saturday
5369,5370,107,25.0,8.0,2024-04-14,Sunday
5371,5372,181,20.0,10.0,2024-04-06,Saturday
5372,5373,135,2.0,4.0,2024-04-05,Friday
5373,5374,49,9.0,7.0,2024-04-04,Thursday
5374,5375,15,7.0,4.0,2024-04-02,Tuesday
5375,5376,198,14.0,7.0,2024-04-07,Sunday
5376,5377,97,18.0,4.0,2024-04-28,Sunday
5377,5378,147,6.0,9.0,2024-04-16,Tuesday
5378,5379,282,21.0,6.0,2024-04-27,Saturday
5379,5380,230,16.0,3.0,2024-04-15,Monday
5380,5381,206,6.0,6.0,2024-04-12,Friday
5381,5382,75,9.0,5.0,2024-04-08,Monday
5382,5383,286,23.0,8.0,2024-04-08,Monday
5383,5384,270,19.0,5.0,2024-04-06,Saturday
5384,5385,227,6.0,9.0,2024-04-26,Friday
5385,5386,43,2.0,5.0,2024-04-28,Sunday
5386,5387,194,20.0,7.0,2024-04-10,Wednesday
5387,5388,113,3.0,9.0,2024-04-01,Monday
5388,5389,5,15.0,2.0,2024-04-25,Thursday
5389,5390,128,15.0,1.0,2024-04-12,Friday
5390,5391,150,20.0,7.0,2024-04-01,Monday
5391,5392,108,3.0,2.0,2024-04-11,Thursday
5392,5393,227,8.0,2.0,2024-04-23,Tuesday
5393,5394,34,22.0,8.0,2024-04-15,Monday
5394,5395,256,8.0,1.0,2024-04-23,Tuesday
5395,5396,228,7.0,8.0,2024-04-16,Tuesday
5396,5397,43,1.0,2.0,2024-04-19,Friday
5397,5398,283,20.0,3.0,2024-04-24,Wednesday
5398,5399,1,14.0,2.0,2024-04-09,Tuesday
5399,5400,207,2.0,3.0,2024-04-03,Wednesday
5400,5401,175,18.0,1.0,2024-04-03,Wednesday
5401,5402,16,2.0,5.0,2024-04-11,Thursday
5402,5403,58,19.0,6.0,2024-04-27,Saturday
5403,5404,78,16.0,7.0,2024-04-23,Tuesday
5404,5405,254,16.0,10.0,2024-04-11,Thursday
5405,5406,171,13.0,3.0,2024-04-27,Saturday
5406,5407,206,9.0,1.0,2024-04-22,Monday
5407,5408,57,25.0,8.0,2024-04-04,Thursday
5408,5409,256,4.0,2.0,2024-04-26,Friday
5409,5410,285,1.0,2.0,2024-04-28,Sunday
5410,5411,22,18.0,3.0,2024-04-13,Saturday
5411,5412,24,9.0,5.0,2024-04-10,Wednesday
5412,5413,71,20.0,5.0,2024-04-16,Tuesday
5413,5414,276,2.0,6.0,2024-04-27,Saturday
5414,5415,263,22.0,7.0,2024-04-14,Sunday
5415,5416,228,2.0,5.0,2024-04-24,Wednesday
5416,5417,151,5.0,1.0,2024-04-18,Thursday
5417,5418,23,14.0,9.0,2024-04-14,Sunday
5418,5419,116,20.0,8.0,2024-04-22,Monday
5419,5420,129,4.0,8.0,2024-04-01,Monday
5420,5421,42,23.0,8.0,2024-04-23,Tuesday
5421,5422,3,15.0,8.0,2024-04-10,Wednesday
5422,5423,224,4.0,9.0,2024-04-16,Tuesday
5423,5424,250,5.0,2.0,2024-04-27,Saturday
5424,5425,154,19.0,2.0,2024-04-21,Sunday
5425,5426,186,6.0,8.0,2024-04-20,Saturday
5426,5427,217,15.0,5.0,2024-04-17,Wednesday
5427,5428,24,12.0,10.0,2024-04-10,Wednesday
5428,5429,201,19.0,9.0,2024-04-03,Wednesday
5429,5430,176,25.0,7.0,2024-04-07,Sunday
5430,5431,287,18.0,1.0,2024-04-22,Monday
5431,5432,36,13.0,3.0,2024-04-13,Saturday
5432,5433,116,12.0,6.0,2024-04-20,Saturday
5433,5434,225,13.0,2.0,2024-04-19,Friday
5434,5435,178,18.0,7.0,2024-04-13,Saturday
5435,5436,185,8.0,7.0,2024-04-05,Friday
5436,5437,92,11.0,5.0,2024-04-01,Monday
5437,5438,225,18.0,8.0,2024-04-21,Sunday
5438,5439,50,18.0,4.0,2024-04-04,Thursday
5439,5440,3,14.0,7.0,2024-04-10,Wednesday
5440,5441,124,23.0,10.0,2024-04-01,Monday
5442,5443,20,13.0,5.0,2024-04-08,Monday
5443,5444,3,10.0,5.0,2024-04-02,Tuesday
5444,5445,284,8.0,1.0,2024-04-16,Tuesday
5445,5446,82,15.0,7.0,2024-04-07,Sunday
5446,5447,25,11.0,1.0,2024-04-20,Saturday
5447,5448,252,11.0,5.0,2024-04-17,Wednesday
5448,5449,93,16.0,5.0,2024-04-06,Saturday
5449,5450,228,6.0,6.0,2024-04-12,Friday
5450,5451,185,3.0,6.0,2024-04-04,Thursday
5451,5452,240,3.0,2.0,2024-04-16,Tuesday
5452,5453,177,1.0,6.0,2024-04-20,Saturday
5453,5454,272,21.0,5.0,2024-04-24,Wednesday
5454,5455,66,1.0,1.0,2024-04-02,Tuesday
5455,5456,192,3.0,6.0,2024-04-27,Saturday
5456,5457,79,16.0,7.0,2024-04-25,Thursday
5457,5458,299,9.0,8.0,2024-04-20,Saturday
5458,5459,78,22.0,6.0,2024-04-02,Tuesday
5459,5460,212,7.0,7.0,2024-04-05,Friday
5460,5461,64,7.0,8.0,2024-04-20,Saturday
5461,5462,275,3.0,10.0,2024-04-19,Friday
5462,5463,153,7.0,7.0,2024-04-03,Wednesday
5463,5464,162,23.0,10.0,2024-04-14,Sunday
5464,5465,17,25.0,9.0,2024-04-10,Wednesday
5465,5466,56,18.0,8.0,2024-04-14,Sunday
5467,5468,266,17.0,4.0,2024-04-01,Monday
5468,5469,79,16.0,1.0,2024-04-10,Wednesday
5469,5470,223,13.0,7.0,2024-04-26,Friday
5470,5471,22,24.0,3.0,2024-04-17,Wednesday
5471,5472,104,14.0,9.0,2024-04-16,Tuesday
5472,5473,285,25.0,9.0,2024-04-07,Sunday
5473,5474,236,1.0,2.0,2024-04-18,Thursday
5474,5475,26,21.0,8.0,2024-04-13,Saturday
5475,5476,260,22.0,7.0,2024-04-17,Wednesday
5476,5477,259,21.0,2.0,2024-04-19,Friday
5477,5478,205,17.0,9.0,2024-04-16,Tuesday
5478,5479,84,12.0,3.0,2024-04-11,Thursday
5479,5480,280,25.0,2.0,2024-04-06,Saturday
5481,5482,287,24.0,1.0,2024-04-12,Friday
5482,5483,272,15.0,9.0,2024-04-26,Friday
5483,5484,274,8.0,4.0,2024-04-11,Thursday
5484,5485,235,24.0,3.0,2024-04-07,Sunday
5485,5486,16,14.0,7.0,2024-04-02,Tuesday
5486,5487,296,16.0,5.0,2024-04-16,Tuesday
5487,5488,109,15.0,9.0,2024-04-25,Thursday
5488,5489,124,15.0,2.0,2024-04-28,Sunday
5489,5490,148,3.0,6.0,2024-04-18,Thursday
5490,5491,226,7.0,2.0,2024-04-04,Thursday
5491,5492,199,5.0,5.0,2024-04-24,Wednesday
5492,5493,57,16.0,9.0,2024-04-26,Friday
5493,5494,245,14.0,7.0,2024-04-27,Saturday
5494,5495,226,17.0,5.0,2024-04-01,Monday
5495,5496,230,10.0,7.0,2024-04-20,Saturday
5496,5497,163,14.0,6.0,2024-04-11,Thursday
5497,5498,135,11.0,9.0,2024-04-06,Saturday
5498,5499,29,15.0,3.0,2024-04-16,Tuesday
5499,5500,13,4.0,6.0,2024-04-08,Monday
5500,5501,120,18.0,7.0,2024-04-08,Monday
5501,5502,275,22.0,10.0,2024-04-12,Friday
5502,5503,257,24.0,7.0,2024-04-14,Sunday
5503,5504,185,13.0,6.0,2024-04-02,Tuesday
5504,5505,252,21.0,2.0,2024-04-19,Friday
5506,5507,220,14.0,5.0,2024-04-02,Tuesday
5507,5508,146,20.0,1.0,2024-04-01,Monday
5508,5509,55,14.0,7.0,2024-04-28,Sunday
5509,5510,160,24.0,4.0,2024-04-17,Wednesday
5510,5511,67,21.0,8.0,2024-04-21,Sunday
5511,5512,3,21.0,6.0,2024-04-11,Thursday
5512,5513,260,15.0,4.0,2024-04-07,Sunday
5513,5514,204,12.0,7.0,2024-04-24,Wednesday
5514,5515,207,25.0,2.0,2024-04-03,Wednesday
5515,5516,1,21.0,3.0,2024-04-14,Sunday
5516,5517,235,14.0,5.0,2024-04-21,Sunday
5517,5518,174,5.0,7.0,2024-04-02,Tuesday
5518,5519,146,16.0,8.0,2024-04-03,Wednesday
5519,5520,261,12.0,10.0,2024-04-27,Saturday
5520,5521,276,24.0,8.0,2024-04-18,Thursday
5521,5522,96,2.0,5.0,2024-04-11,Thursday
5522,5523,272,24.0,3.0,2024-04-28,Sunday
5523,5524,141,24.0,4.0,2024-04-21,Sunday
5524,5525,254,15.0,5.0,2024-04-08,Monday
5525,5526,75,19.0,5.0,2024-04-14,Sunday
5526,5527,145,23.0,1.0,2024-04-16,Tuesday
5527,5528,202,24.0,5.0,2024-04-26,Friday
5528,5529,262,7.0,5.0,2024-04-14,Sunday
5529,5530,39,1.0,1.0,2024-04-10,Wednesday
5530,5531,261,6.0,10.0,2024-04-21,Sunday
5531,5532,258,5.0,7.0,2024-04-20,Saturday
5533,5534,291,3.0,6.0,2024-04-24,Wednesday
5534,5535,180,13.0,6.0,2024-04-25,Thursday
5535,5536,136,9.0,1.0,2024-04-01,Monday
5536,5537,111,3.0,4.0,2024-04-10,Wednesday
5537,5538,277,24.0,5.0,2024-04-24,Wednesday
5538,5539,64,5.0,9.0,2024-04-26,Friday
5539,5540,78,4.0,9.0,2024-04-25,Thursday
5540,5541,299,7.0,8.0,2024-04-16,Tuesday
5541,5542,228,1.0,10.0,2024-04-01,Monday
5542,5543,198,22.0,4.0,2024-04-09,Tuesday
5543,5544,104,5.0,7.0,2024-04-25,Thursday
5544,5545,131,24.0,8.0,2024-04-26,Friday
5545,5546,226,20.0,9.0,2024-04-06,Saturday
5546,5547,223,7.0,7.0,2024-04-17,Wednesday
5547,5548,56,22.0,10.0,2024-04-17,Wednesday
5548,5549,292,5.0,9.0,2024-04-24,Wednesday
5549,5550,181,4.0,6.0,2024-04-06,Saturday
5550,5551,279,24.0,8.0,2024-04-11,Thursday
5551,5552,105,3.0,8.0,2024-04-03,Wednesday
5552,5553,153,16.0,6.0,2024-04-20,Saturday
5553,5554,238,13.0,6.0,2024-04-26,Friday
5554,5555,11,2.0,3.0,2024-04-22,Monday
5556,5557,117,17.0,1.0,2024-04-07,Sunday
5557,5558,170,7.0,8.0,2024-04-20,Saturday
5558,5559,240,21.0,10.0,2024-04-23,Tuesday
5559,5560,147,22.0,7.0,2024-04-17,Wednesday
5560,5561,100,3.0,2.0,2024-04-22,Monday
5561,5562,276,16.0,3.0,2024-04-11,Thursday
5562,5563,50,10.0,5.0,2024-04-26,Friday
5563,5564,290,13.0,5.0,2024-04-25,Thursday
5565,5566,73,25.0,8.0,2024-04-28,Sunday
5567,5568,278,5.0,6.0,2024-04-26,Friday
5568,5569,99,3.0,9.0,2024-04-01,Monday
5569,5570,141,9.0,6.0,2024-04-03,Wednesday
5570,5571,236,22.0,7.0,2024-04-24,Wednesday
5572,5573,233,13.0,5.0,2024-04-21,Sunday
5573,5574,203,12.0,8.0,2024-04-19,Friday
5574,5575,155,3.0,1.0,2024-04-11,Thursday
5575,5576,78,8.0,4.0,2024-04-28,Sunday
5576,5577,61,10.0,8.0,2024-04-27,Saturday
5577,5578,172,8.0,8.0,2024-04-01,Monday
5578,5579,152,6.0,9.0,2024-04-23,Tuesday
5579,5580,214,5.0,10.0,2024-04-26,Friday
5580,5581,29,16.0,2.0,2024-04-13,Saturday
5581,5582,113,14.0,8.0,2024-04-09,Tuesday
5582,5583,294,21.0,8.0,2024-04-07,Sunday
5583,5584,146,14.0,8.0,2024-04-13,Saturday
5584,5585,139,20.0,7.0,2024-04-05,Friday
5585,5586,113,1.0,9.0,2024-04-17,Wednesday
5586,5587,289,18.0,9.0,2024-04-25,Thursday
5587,5588,207,17.0,7.0,2024-04-06,Saturday
5588,5589,258,6.0,4.0,2024-04-02,Tuesday
5589,5590,167,9.0,8.0,2024-04-12,Friday
5590,5591,100,25.0,4.0,2024-04-24,Wednesday
5591,5592,168,13.0,8.0,2024-04-03,Wednesday
5592,5593,274,6.0,5.0,2024-04-20,Saturday
5593,5594,61,21.0,4.0,2024-04-11,Thursday
5594,5595,86,22.0,4.0,2024-04-19,Friday
5595,5596,276,3.0,4.0,2024-04-20,Saturday
5596,5597,39,23.0,4.0,2024-04-01,Monday
5597,5598,226,20.0,1.0,2024-04-10,Wednesday
5598,5599,178,22.0,9.0,2024-04-25,Thursday
5599,5600,80,16.0,9.0,2024-04-28,Sunday
5600,5601,83,14.0,9.0,2024-04-17,Wednesday
5601,5602,26,21.0,7.0,2024-04-27,Saturday
5602,5603,220,21.0,7.0,2024-04-04,Thursday
5604,5605,16,11.0,9.0,2024-04-05,Friday
5605,5606,131,20.0,8.0,2024-04-23,Tuesday
5606,5607,146,1.0,1.0,2024-04-12,Friday
5607,5608,212,3.0,8.0,2024-04-14,Sunday
5608,5609,159,20.0,5.0,2024-04-09,Tuesday
5609,5610,139,19.0,6.0,2024-04-06,Saturday
5610,5611,294,2.0,2.0,2024-04-26,Friday
5611,5612,69,5.0,8.0,2024-04-25,Thursday
5612,5613,296,10.0,3.0,2024-04-20,Saturday
5613,5614,190,9.0,4.0,2024-04-26,Friday
5614,5615,3,4.0,2.0,2024-04-16,Tuesday
5615,5616,52,22.0,6.0,2024-04-20,Saturday
5616,5617,189,8.0,3.0,2024-04-12,Friday
5617,5618,111,20.0,8.0,2024-04-06,Saturday
5618,5619,113,5.0,5.0,2024-04-04,Thursday
5619,5620,248,19.0,7.0,2024-04-18,Thursday
5620,5621,102,8.0,6.0,2024-04-09,Tuesday
5621,5622,167,24.0,9.0,2024-04-26,Friday
5622,5623,150,2.0,8.0,2024-04-17,Wednesday
5623,5624,178,17.0,8.0,2024-04-28,Sunday
5624,5625,220,25.0,3.0,2024-04-17,Wednesday
5625,5626,195,1.0,9.0,2024-04-05,Friday
5626,5627,74,25.0,4.0,2024-04-14,Sunday
5627,5628,11,3.0,2.0,2024-04-21,Sunday
5628,5629,111,10.0,2.0,2024-04-15,Monday
5629,5630,195,23.0,9.0,2024-04-07,Sunday
5631,5632,171,8.0,9.0,2024-04-18,Thursday
5632,5633,91,23.0,3.0,2024-04-22,Monday
5633,5634,170,15.0,6.0,2024-04-16,Tuesday
5634,5635,148,11.0,2.0,2024-04-13,Saturday
5635,5636,7,18.0,4.0,2024-04-27,Saturday
5636,5637,68,19.0,10.0,2024-04-07,Sunday
5637,5638,287,22.0,7.0,2024-04-19,Friday
5638,5639,135,11.0,2.0,2024-04-28,Sunday
5639,5640,78,20.0,3.0,2024-04-19,Friday
5640,5641,8,10.0,3.0,2024-04-16,Tuesday
5641,5642,30,8.0,7.0,2024-04-12,Friday
5642,5643,213,6.0,6.0,2024-04-13,Saturday
5643,5644,110,11.0,3.0,2024-04-19,Friday
5644,5645,281,17.0,9.0,2024-04-17,Wednesday
5645,5646,2,15.0,2.0,2024-04-07,Sunday
5646,5647,212,17.0,1.0,2024-04-18,Thursday
5647,5648,140,7.0,8.0,2024-04-07,Sunday
5648,5649,254,16.0,7.0,2024-04-08,Monday
5649,5650,39,22.0,9.0,2024-04-17,Wednesday
5650,5651,24,25.0,10.0,2024-04-16,Tuesday
5651,5652,263,23.0,5.0,2024-04-18,Thursday
5652,5653,270,24.0,8.0,2024-04-03,Wednesday
5653,5654,117,4.0,2.0,2024-04-20,Saturday
5654,5655,4,7.0,1.0,2024-04-05,Friday
5655,5656,230,25.0,1.0,2024-04-28,Sunday
5656,5657,270,18.0,9.0,2024-04-11,Thursday
5657,5658,213,7.0,1.0,2024-04-12,Friday
5658,5659,203,3.0,9.0,2024-04-19,Friday
5659,5660,22,1.0,2.0,2024-04-06,Saturday
5660,5661,204,21.0,3.0,2024-04-01,Monday
5661,5662,17,6.0,1.0,2024-04-18,Thursday
5662,5663,160,1.0,2.0,2024-04-13,Saturday
5663,5664,121,13.0,1.0,2024-04-16,Tuesday
5664,5665,145,12.0,1.0,2024-04-18,Thursday
5665,5666,105,23.0,6.0,2024-04-12,Friday
5666,5667,206,23.0,3.0,2024-04-03,Wednesday
5667,5668,296,9.0,7.0,2024-04-02,Tuesday
5668,5669,39,24.0,6.0,2024-04-05,Friday
5669,5670,203,15.0,4.0,2024-04-19,Friday
5670,5671,77,10.0,1.0,2024-04-27,Saturday
5671,5672,215,14.0,6.0,2024-04-08,Monday
5672,5673,265,12.0,8.0,2024-04-04,Thursday
5673,5674,10,23.0,1.0,2024-04-04,Thursday
5674,5675,250,12.0,1.0,2024-04-17,Wednesday
5675,5676,201,12.0,1.0,2024-04-08,Monday
5676,5677,190,12.0,9.0,2024-04-10,Wednesday
5677,5678,83,2.0,2.0,2024-04-20,Saturday
5678,5679,110,6.0,1.0,2024-04-04,Thursday
5679,5680,4,13.0,1.0,2024-04-16,Tuesday
5680,5681,176,4.0,10.0,2024-04-15,Monday
5681,5682,11,9.0,7.0,2024-04-06,Saturday
5682,5683,264,21.0,5.0,2024-04-22,Monday
5683,5684,286,25.0,8.0,2024-04-05,Friday
5684,5685,285,16.0,2.0,2024-04-13,Saturday
5685,5686,146,16.0,7.0,2024-04-10,Wednesday
5686,5687,241,4.0,10.0,2024-04-11,Thursday
5687,5688,187,19.0,6.0,2024-04-02,Tuesday
5688,5689,10,14.0,10.0,2024-04-11,Thursday
5689,5690,70,15.0,3.0,2024-04-21,Sunday
5690,5691,13,19.0,9.0,2024-04-02,Tuesday
5691,5692,221,22.0,5.0,2024-04-07,Sunday
5692,5693,58,16.0,1.0,2024-04-06,Saturday
5693,5694,104,22.0,2.0,2024-04-15,Monday
5694,5695,280,1.0,10.0,2024-04-16,Tuesday
5695,5696,50,13.0,4.0,2024-04-02,Tuesday
5696,5697,284,6.0,9.0,2024-04-07,Sunday
5697,5698,208,20.0,2.0,2024-04-25,Thursday
5698,5699,300,14.0,6.0,2024-04-26,Friday
5699,5700,196,10.0,7.0,2024-04-16,Tuesday
5700,5701,183,13.0,3.0,2024-04-09,Tuesday
5701,5702,40,21.0,5.0,2024-04-19,Friday
5702,5703,240,1.0,10.0,2024-04-14,Sunday
5703,5704,177,21.0,6.0,2024-04-08,Monday
5704,5705,166,22.0,6.0,2024-04-22,Monday
5705,5706,210,11.0,10.0,2024-04-04,Thursday
5706,5707,271,2.0,6.0,2024-04-26,Friday
5707,5708,22,11.0,4.0,2024-04-08,Monday
5708,5709,278,8.0,1.0,2024-04-10,Wednesday
5709,5710,221,21.0,8.0,2024-04-05,Friday
5710,5711,298,21.0,2.0,2024-04-28,Sunday
5711,5712,235,2.0,10.0,2024-04-25,Thursday
5712,5713,143,1.0,7.0,2024-04-04,Thursday
5713,5714,233,14.0,8.0,2024-04-08,Monday
5714,5715,163,24.0,6.0,2024-04-11,Thursday
5715,5716,84,19.0,7.0,2024-04-06,Saturday
5716,5717,136,8.0,8.0,2024-04-28,Sunday
5717,5718,21,11.0,7.0,2024-04-26,Friday
5718,5719,136,3.0,4.0,2024-04-15,Monday
5719,5720,119,5.0,10.0,2024-04-26,Friday
5720,5721,221,2.0,6.0,2024-04-19,Friday
5721,5722,82,22.0,5.0,2024-04-24,Wednesday
5722,5723,111,15.0,4.0,2024-04-03,Wednesday
5723,5724,148,3.0,4.0,2024-04-23,Tuesday
5724,5725,288,5.0,7.0,2024-04-10,Wednesday
5725,5726,88,1.0,8.0,2024-04-16,Tuesday
5726,5727,177,10.0,2.0,2024-04-12,Friday
5727,5728,157,15.0,4.0,2024-04-13,Saturday
5728,5729,91,13.0,7.0,2024-04-01,Monday
5729,5730,268,20.0,5.0,2024-04-04,Thursday
5730,5731,243,17.0,2.0,2024-04-01,Monday
5731,5732,136,3.0,9.0,2024-04-22,Monday
5732,5733,206,23.0,3.0,2024-04-14,Sunday
5733,5734,194,2.0,9.0,2024-04-14,Sunday
5734,5735,289,7.0,2.0,2024-04-05,Friday
5736,5737,269,24.0,4.0,2024-04-03,Wednesday
5737,5738,131,19.0,3.0,2024-04-23,Tuesday
5738,5739,50,7.0,4.0,2024-04-05,Friday
5739,5740,250,23.0,9.0,2024-04-12,Friday
5740,5741,95,12.0,9.0,2024-04-06,Saturday
5741,5742,33,14.0,1.0,2024-04-10,Wednesday
5742,5743,267,15.0,7.0,2024-04-10,Wednesday
5743,5744,82,14.0,5.0,2024-04-11,Thursday
5744,5745,46,14.0,8.0,2024-04-17,Wednesday
5745,5746,114,20.0,9.0,2024-04-08,Monday
5746,5747,285,5.0,3.0,2024-04-17,Wednesday
5747,5748,179,8.0,10.0,2024-04-14,Sunday
5748,5749,125,25.0,3.0,2024-04-10,Wednesday
5749,5750,44,11.0,7.0,2024-04-26,Friday
5750,5751,27,23.0,7.0,2024-04-22,Monday
5751,5752,20,3.0,5.0,2024-04-05,Friday
5752,5753,131,10.0,8.0,2024-04-28,Sunday
5753,5754,104,25.0,7.0,2024-04-10,Wednesday
5754,5755,110,15.0,9.0,2024-04-23,Tuesday
5755,5756,67,15.0,8.0,2024-04-14,Sunday
5756,5757,170,21.0,2.0,2024-04-19,Friday
5757,5758,185,25.0,8.0,2024-04-19,Friday
5758,5759,213,13.0,4.0,2024-04-27,Saturday
5759,5760,44,17.0,5.0,2024-04-15,Monday
5760,5761,269,12.0,10.0,2024-04-11,Thursday
5761,5762,275,22.0,9.0,2024-04-10,Wednesday
5762,5763,86,7.0,10.0,2024-04-10,Wednesday
5763,5764,3,6.0,6.0,2024-04-21,Sunday
5764,5765,246,17.0,3.0,2024-04-19,Friday
5765,5766,204,25.0,2.0,2024-04-15,Monday
5767,5768,16,10.0,4.0,2024-04-06,Saturday
5768,5769,282,1.0,9.0,2024-04-28,Sunday
5769,5770,53,20.0,10.0,2024-04-28,Sunday
5770,5771,258,7.0,10.0,2024-04-08,Monday
5771,5772,86,22.0,8.0,2024-04-06,Saturday
5772,5773,207,12.0,8.0,2024-04-10,Wednesday
5773,5774,77,18.0,2.0,2024-04-22,Monday
5774,5775,2,11.0,7.0,2024-04-11,Thursday
5776,5777,60,14.0,2.0,2024-04-03,Wednesday
5777,5778,85,10.0,5.0,2024-04-15,Monday
5778,5779,44,10.0,4.0,2024-04-27,Saturday
5779,5780,232,11.0,8.0,2024-04-09,Tuesday
5780,5781,285,7.0,5.0,2024-04-01,Monday
5781,5782,269,18.0,3.0,2024-04-23,Tuesday
5782,5783,205,13.0,1.0,2024-04-24,Wednesday
5783,5784,239,25.0,6.0,2024-04-04,Thursday
5784,5785,215,8.0,5.0,2024-04-04,Thursday
5785,5786,62,19.0,4.0,2024-04-28,Sunday
5786,5787,107,1.0,10.0,2024-04-07,Sunday
5787,5788,84,3.0,4.0,2024-04-11,Thursday
5788,5789,16,2.0,8.0,2024-04-26,Friday
5789,5790,249,5.0,4.0,2024-04-14,Sunday
5790,5791,102,15.0,2.0,2024-04-26,Friday
5791,5792,205,16.0,8.0,2024-04-16,Tuesday
5792,5793,104,24.0,3.0,2024-04-28,Sunday
5793,5794,240,3.0,10.0,2024-04-25,Thursday
5794,5795,68,1.0,10.0,2024-04-01,Monday
5795,5796,143,10.0,4.0,2024-04-05,Friday
5796,5797,207,19.0,5.0,2024-04-13,Saturday
5797,5798,280,17.0,7.0,2024-04-19,Friday
5798,5799,266,25.0,8.0,2024-04-03,Wednesday
5799,5800,277,23.0,4.0,2024-04-24,Wednesday
5800,5801,28,22.0,5.0,2024-04-09,Tuesday
5801,5802,71,12.0,5.0,2024-04-16,Tuesday
5802,5803,172,9.0,8.0,2024-04-16,Tuesday
5803,5804,163,3.0,10.0,2024-04-09,Tuesday
5804,5805,230,18.0,3.0,2024-04-01,Monday
5805,5806,59,22.0,1.0,2024-04-18,Thursday
5806,5807,241,12.0,1.0,2024-04-22,Monday
5807,5808,89,11.0,7.0,2024-04-20,Saturday
5808,5809,245,23.0,5.0,2024-04-27,Saturday
5809,5810,246,25.0,8.0,2024-04-14,Sunday
5810,5811,271,14.0,2.0,2024-04-08,Monday
5811,5812,274,4.0,4.0,2024-04-24,Wednesday
5812,5813,265,14.0,5.0,2024-04-13,Saturday
5813,5814,291,16.0,8.0,2024-04-13,Saturday
5814,5815,128,9.0,10.0,2024-04-05,Friday
5815,5816,88,2.0,9.0,2024-04-23,Tuesday
5817,5818,10,12.0,4.0,2024-04-10,Wednesday
5818,5819,219,20.0,7.0,2024-04-03,Wednesday
5819,5820,97,3.0,6.0,2024-04-09,Tuesday
5820,5821,161,21.0,8.0,2024-04-23,Tuesday
5821,5822,265,14.0,2.0,2024-04-15,Monday
5822,5823,293,24.0,4.0,2024-04-27,Saturday
5823,5824,160,5.0,1.0,2024-04-26,Friday
5824,5825,194,3.0,7.0,2024-04-06,Saturday
5825,5826,187,2.0,7.0,2024-04-03,Wednesday
5826,5827,250,8.0,3.0,2024-04-05,Friday
5827,5828,220,12.0,6.0,2024-04-05,Friday
5828,5829,113,25.0,9.0,2024-04-15,Monday
5829,5830,155,22.0,1.0,2024-04-27,Saturday
5830,5831,262,20.0,2.0,2024-04-27,Saturday
5831,5832,135,6.0,6.0,2024-04-14,Sunday
5832,5833,217,24.0,1.0,2024-04-03,Wednesday
5833,5834,260,10.0,8.0,2024-04-08,Monday
5834,5835,23,15.0,5.0,2024-04-24,Wednesday
5835,5836,275,5.0,5.0,2024-04-11,Thursday
5836,5837,180,3.0,3.0,2024-04-22,Monday
5837,5838,50,20.0,6.0,2024-04-21,Sunday
5838,5839,1,8.0,2.0,2024-04-10,Wednesday
5839,5840,129,9.0,3.0,2024-04-09,Tuesday
5840,5841,85,25.0,4.0,2024-04-02,Tuesday
5841,5842,125,1.0,6.0,2024-04-28,Sunday
5842,5843,140,21.0,4.0,2024-04-06,Saturday
5843,5844,170,22.0,6.0,2024-04-12,Friday
5844,5845,196,5.0,9.0,2024-04-13,Saturday
5845,5846,227,18.0,4.0,2024-04-20,Saturday
5846,5847,149,7.0,2.0,2024-04-03,Wednesday
5847,5848,181,25.0,8.0,2024-04-06,Saturday
5848,5849,8,22.0,10.0,2024-04-28,Sunday
5849,5850,229,17.0,4.0,2024-04-18,Thursday
5850,5851,186,21.0,10.0,2024-04-10,Wednesday
5851,5852,10,15.0,5.0,2024-04-22,Monday
5852,5853,240,1.0,4.0,2024-04-18,Thursday
5853,5854,183,17.0,8.0,2024-04-19,Friday
5854,5855,68,2.0,8.0,2024-04-05,Friday
5855,5856,205,19.0,1.0,2024-04-07,Sunday
5856,5857,133,18.0,5.0,2024-04-20,Saturday
5857,5858,131,25.0,5.0,2024-04-21,Sunday
5859,5860,204,16.0,3.0,2024-04-03,Wednesday
5860,5861,130,5.0,7.0,2024-04-13,Saturday
5861,5862,248,3.0,1.0,2024-04-12,Friday
5862,5863,188,5.0,1.0,2024-04-22,Monday
5863,5864,99,1.0,1.0,2024-04-21,Sunday
5864,5865,47,11.0,3.0,2024-04-02,Tuesday
5865,5866,36,24.0,7.0,2024-04-09,Tuesday
5866,5867,194,1.0,5.0,2024-04-08,Monday
5867,5868,109,5.0,5.0,2024-04-09,Tuesday
5868,5869,25,13.0,1.0,2024-04-08,Monday
5869,5870,273,20.0,3.0,2024-04-04,Thursday
5870,5871,236,6.0,10.0,2024-04-16,Tuesday
5871,5872,273,24.0,1.0,2024-04-15,Monday
5872,5873,201,9.0,8.0,2024-04-24,Wednesday
5873,5874,233,25.0,6.0,2024-04-08,Monday
5874,5875,237,24.0,6.0,2024-04-09,Tuesday
5875,5876,43,1.0,10.0,2024-04-19,Friday
5876,5877,248,17.0,5.0,2024-04-11,Thursday
5877,5878,276,1.0,5.0,2024-04-09,Tuesday
5878,5879,279,6.0,1.0,2024-04-01,Monday
5879,5880,202,25.0,8.0,2024-04-12,Friday
5880,5881,223,10.0,2.0,2024-04-05,Friday
5881,5882,73,21.0,4.0,2024-04-12,Friday
5882,5883,90,13.0,4.0,2024-04-18,Thursday
5883,5884,133,18.0,1.0,2024-04-23,Tuesday
5884,5885,55,6.0,6.0,2024-04-23,Tuesday
5885,5886,164,22.0,8.0,2024-04-04,Thursday
5887,5888,233,14.0,7.0,2024-04-05,Friday
5888,5889,215,16.0,4.0,2024-04-03,Wednesday
5889,5890,4,13.0,9.0,2024-04-09,Tuesday
5890,5891,158,4.0,5.0,2024-04-28,Sunday
5891,5892,282,19.0,6.0,2024-04-06,Saturday
5892,5893,228,13.0,9.0,2024-04-23,Tuesday
5893,5894,114,22.0,10.0,2024-04-13,Saturday
5894,5895,83,22.0,4.0,2024-04-01,Monday
5895,5896,9,20.0,6.0,2024-04-22,Monday
5896,5897,40,12.0,2.0,2024-04-24,Wednesday
5897,5898,73,8.0,1.0,2024-04-16,Tuesday
5898,5899,215,3.0,2.0,2024-04-20,Saturday
5899,5900,118,8.0,9.0,2024-04-05,Friday
5900,5901,297,22.0,1.0,2024-04-25,Thursday
5901,5902,210,13.0,1.0,2024-04-07,Sunday
5902,5903,295,18.0,1.0,2024-04-17,Wednesday
5903,5904,141,19.0,4.0,2024-04-17,Wednesday
5904,5905,268,16.0,8.0,2024-04-08,Monday
5905,5906,134,4.0,7.0,2024-04-26,Friday
5906,5907,124,1.0,10.0,2024-04-05,Friday
5907,5908,201,17.0,4.0,2024-04-01,Monday
5908,5909,89,19.0,6.0,2024-04-18,Thursday
5909,5910,160,12.0,5.0,2024-04-05,Friday
5910,5911,115,4.0,3.0,2024-04-22,Monday
5912,5913,130,9.0,8.0,2024-04-28,Sunday
5913,5914,206,17.0,6.0,2024-04-19,Friday
5914,5915,37,15.0,2.0,2024-04-05,Friday
5915,5916,134,21.0,8.0,2024-04-11,Thursday
5916,5917,12,12.0,8.0,2024-04-17,Wednesday
5917,5918,215,10.0,9.0,2024-04-08,Monday
5918,5919,92,15.0,7.0,2024-04-08,Monday
5919,5920,277,6.0,3.0,2024-04-10,Wednesday
5920,5921,278,18.0,2.0,2024-04-07,Sunday
5921,5922,159,4.0,8.0,2024-04-10,Wednesday
5922,5923,51,4.0,10.0,2024-04-04,Thursday
5923,5924,114,19.0,2.0,2024-04-17,Wednesday
5924,5925,161,17.0,5.0,2024-04-23,Tuesday
5925,5926,51,5.0,8.0,2024-04-15,Monday
5926,5927,165,13.0,9.0,2024-04-27,Saturday
5927,5928,50,22.0,8.0,2024-04-09,Tuesday
5928,5929,270,1.0,4.0,2024-04-25,Thursday
5929,5930,86,19.0,1.0,2024-04-04,Thursday
5930,5931,167,18.0,5.0,2024-04-08,Monday
5931,5932,65,14.0,6.0,2024-04-17,Wednesday
5932,5933,87,8.0,9.0,2024-04-06,Saturday
5933,5934,7,18.0,1.0,2024-04-22,Monday
5935,5936,276,5.0,9.0,2024-04-24,Wednesday
5936,5937,80,2.0,4.0,2024-04-28,Sunday
5937,5938,218,19.0,3.0,2024-04-23,Tuesday
5938,5939,201,6.0,2.0,2024-04-28,Sunday
5939,5940,297,18.0,1.0,2024-04-22,Monday
5940,5941,69,20.0,3.0,2024-04-10,Wednesday
5941,5942,287,14.0,4.0,2024-04-08,Monday
5942,5943,200,7.0,9.0,2024-04-27,Saturday
5943,5944,138,20.0,6.0,2024-04-20,Saturday
5944,5945,118,8.0,6.0,2024-04-12,Friday
5945,5946,264,21.0,4.0,2024-04-21,Sunday
5946,5947,223,3.0,10.0,2024-04-18,Thursday
5947,5948,77,19.0,7.0,2024-04-20,Saturday
5948,5949,153,3.0,7.0,2024-04-22,Monday
5949,5950,238,20.0,9.0,2024-04-04,Thursday
5950,5951,278,3.0,2.0,2024-04-04,Thursday
5951,5952,144,11.0,9.0,2024-04-09,Tuesday
5952,5953,23,19.0,3.0,2024-04-25,Thursday
5953,5954,277,1.0,8.0,2024-04-27,Saturday
5954,5955,12,12.0,8.0,2024-04-16,Tuesday
5955,5956,165,15.0,6.0,2024-04-20,Saturday
5956,5957,192,21.0,7.0,2024-04-18,Thursday
5957,5958,7,1.0,2.0,2024-04-04,Thursday
5958,5959,79,9.0,3.0,2024-04-22,Monday
5959,5960,20,1.0,3.0,2024-04-19,Friday
5960,5961,230,5.0,5.0,2024-04-02,Tuesday
5961,5962,243,23.0,8.0,2024-04-18,Thursday
5962,5963,198,8.0,1.0,2024-04-11,Thursday
5963,5964,16,20.0,2.0,2024-04-02,Tuesday
5964,5965,128,9.0,8.0,2024-04-03,Wednesday
5965,5966,69,2.0,3.0,2024-04-25,Thursday
5966,5967,177,15.0,4.0,2024-04-14,Sunday
5967,5968,96,17.0,8.0,2024-04-12,Friday
5968,5969,170,17.0,7.0,2024-04-18,Thursday
5969,5970,219,25.0,7.0,2024-04-16,Tuesday
5970,5971,159,17.0,8.0,2024-04-02,Tuesday
5971,5972,208,21.0,5.0,2024-04-10,Wednesday
5972,5973,70,19.0,5.0,2024-04-10,Wednesday
5973,5974,61,23.0,5.0,2024-04-24,Wednesday
5974,5975,247,2.0,7.0,2024-04-04,Thursday
5975,5976,202,21.0,2.0,2024-04-28,Sunday
5976,5977,179,11.0,10.0,2024-04-17,Wednesday
5977,5978,127,21.0,3.0,2024-04-20,Saturday
5979,5980,236,10.0,4.0,2024-04-18,Thursday
5980,5981,267,11.0,10.0,2024-04-09,Tuesday
5981,5982,139,16.0,5.0,2024-04-21,Sunday
5982,5983,265,18.0,10.0,2024-04-03,Wednesday
5983,5984,270,22.0,8.0,2024-04-24,Wednesday
5984,5985,277,10.0,4.0,2024-04-21,Sunday
5985,5986,229,19.0,1.0,2024-04-11,Thursday
5986,5987,215,1.0,6.0,2024-04-10,Wednesday
5987,5988,273,25.0,5.0,2024-04-18,Thursday
5988,5989,217,19.0,6.0,2024-04-04,Thursday
5989,5990,47,8.0,1.0,2024-04-28,Sunday
5990,5991,124,12.0,10.0,2024-04-24,Wednesday
5991,5992,134,11.0,10.0,2024-04-26,Friday
5992,5993,93,10.0,6.0,2024-04-04,Thursday
5993,5994,239,9.0,4.0,2024-04-10,Wednesday
5994,5995,211,7.0,3.0,2024-04-07,Sunday
5995,5996,18,5.0,9.0,2024-04-13,Saturday
5996,5997,249,13.0,4.0,2024-04-07,Sunday
5997,5998,93,21.0,7.0,2024-04-24,Wednesday
5998,5999,207,21.0,3.0,2024-04-16,Tuesday
5999,6000,88,11.0,3.0,2024-04-03,Wednesday
6000,6001,117,12.0,2.0,2024-04-22,Monday
6001,6002,23,9.0,5.0,2024-04-02,Tuesday
6002,6003,126,11.0,5.0,2024-04-06,Saturday
6003,6004,185,8.0,1.0,2024-04-04,Thursday
6004,6005,3,9.0,6.0,2024-04-05,Friday
6005,6006,85,7.0,5.0,2024-04-25,Thursday
6006,6007,116,8.0,6.0,2024-04-08,Monday
6007,6008,33,17.0,3.0,2024-04-20,Saturday
6008,6009,272,13.0,10.0,2024-04-12,Friday
6010,6011,199,1.0,10.0,2024-04-09,Tuesday
6011,6012,14,4.0,8.0,2024-04-14,Sunday
6012,6013,166,17.0,10.0,2024-04-24,Wednesday
6013,6014,204,11.0,9.0,2024-04-16,Tuesday
6014,6015,69,6.0,4.0,2024-04-09,Tuesday
6015,6016,123,23.0,2.0,2024-04-27,Saturday
6016,6017,52,24.0,4.0,2024-04-19,Friday
6017,6018,47,10.0,3.0,2024-04-05,Friday
6018,6019,74,7.0,3.0,2024-04-25,Thursday
6019,6020,68,21.0,5.0,2024-04-05,Friday
6020,6021,88,10.0,4.0,2024-04-05,Friday
6021,6022,14,4.0,4.0,2024-04-20,Saturday
6022,6023,83,9.0,4.0,2024-04-27,Saturday
6023,6024,120,11.0,4.0,2024-04-13,Saturday
6024,6025,211,6.0,10.0,2024-04-17,Wednesday
6025,6026,193,10.0,1.0,2024-04-28,Sunday
6026,6027,297,12.0,4.0,2024-04-01,Monday
6027,6028,239,2.0,10.0,2024-04-08,Monday
6028,6029,97,4.0,6.0,2024-04-06,Saturday
6029,6030,102,14.0,3.0,2024-04-26,Friday
6030,6031,241,23.0,8.0,2024-04-24,Wednesday
6031,6032,100,17.0,3.0,2024-04-20,Saturday
6032,6033,83,17.0,4.0,2024-04-03,Wednesday
6033,6034,167,6.0,3.0,2024-04-01,Monday
6034,6035,15,25.0,10.0,2024-04-27,Saturday
6035,6036,50,9.0,5.0,2024-04-06,Saturday
6036,6037,129,12.0,7.0,2024-04-22,Monday
6037,6038,295,23.0,4.0,2024-04-12,Friday
6038,6039,213,6.0,10.0,2024-04-15,Monday
6039,6040,101,11.0,9.0,2024-04-28,Sunday
6040,6041,229,17.0,10.0,2024-04-24,Wednesday
6041,6042,12,11.0,4.0,2024-04-24,Wednesday
6042,6043,186,19.0,6.0,2024-04-06,Saturday
6043,6044,67,8.0,3.0,2024-04-01,Monday
6044,6045,3,18.0,7.0,2024-04-14,Sunday
6045,6046,153,13.0,8.0,2024-04-25,Thursday
6046,6047,51,9.0,9.0,2024-04-21,Sunday
6047,6048,285,21.0,7.0,2024-04-05,Friday
6048,6049,1,24.0,3.0,2024-04-22,Monday
6049,6050,136,21.0,2.0,2024-04-02,Tuesday
6050,6051,182,24.0,7.0,2024-04-03,Wednesday
6051,6052,229,14.0,9.0,2024-04-19,Friday
6052,6053,161,19.0,7.0,2024-04-07,Sunday
6053,6054,148,25.0,6.0,2024-04-05,Friday
6054,6055,164,9.0,4.0,2024-04-03,Wednesday
6055,6056,31,23.0,4.0,2024-04-27,Saturday
6056,6057,62,2.0,10.0,2024-04-14,Sunday
6057,6058,16,20.0,6.0,2024-04-03,Wednesday
6058,6059,187,6.0,7.0,2024-04-15,Monday
6059,6060,225,21.0,7.0,2024-04-14,Sunday
6060,6061,19,15.0,1.0,2024-04-02,Tuesday
6061,6062,56,5.0,5.0,2024-04-17,Wednesday
6062,6063,153,5.0,2.0,2024-04-10,Wednesday
6063,6064,14,9.0,5.0,2024-04-22,Monday
6064,6065,225,6.0,4.0,2024-04-26,Friday
6065,6066,16,10.0,10.0,2024-04-14,Sunday
6066,6067,44,5.0,2.0,2024-04-28,Sunday
6068,6069,234,18.0,6.0,2024-04-25,Thursday
6069,6070,184,21.0,2.0,2024-04-08,Monday
6070,6071,207,1.0,10.0,2024-04-05,Friday
6071,6072,80,3.0,6.0,2024-04-04,Thursday
6072,6073,61,3.0,7.0,2024-04-28,Sunday
6073,6074,190,20.0,4.0,2024-04-04,Thursday
6074,6075,167,1.0,5.0,2024-04-06,Saturday
6075,6076,63,23.0,1.0,2024-04-03,Wednesday
6076,6077,75,11.0,1.0,2024-04-11,Thursday
6077,6078,154,1.0,9.0,2024-04-02,Tuesday
6078,6079,66,11.0,4.0,2024-04-04,Thursday
6079,6080,299,24.0,10.0,2024-04-27,Saturday
6080,6081,138,25.0,1.0,2024-04-22,Monday
6081,6082,232,23.0,2.0,2024-04-22,Monday
6082,6083,95,17.0,9.0,2024-04-24,Wednesday
6083,6084,132,20.0,3.0,2024-04-07,Sunday
6084,6085,23,5.0,7.0,2024-04-16,Tuesday
6085,6086,222,21.0,10.0,2024-04-09,Tuesday
6086,6087,20,11.0,2.0,2024-04-21,Sunday
6087,6088,240,5.0,5.0,2024-04-16,Tuesday
6088,6089,120,22.0,7.0,2024-04-01,Monday
6089,6090,69,9.0,1.0,2024-04-21,Sunday
6090,6091,113,7.0,2.0,2024-04-06,Saturday
6091,6092,128,14.0,7.0,2024-04-21,Sunday
6092,6093,78,19.0,6.0,2024-04-13,Saturday
6093,6094,30,22.0,9.0,2024-04-19,Friday
6094,6095,45,1.0,9.0,2024-04-20,Saturday
6095,6096,291,6.0,8.0,2024-04-25,Thursday
6096,6097,214,8.0,4.0,2024-04-21,Sunday
6097,6098,201,23.0,7.0,2024-04-01,Monday
6098,6099,11,17.0,1.0,2024-04-02,Tuesday
6099,6100,112,2.0,7.0,2024-04-02,Tuesday
6100,6101,259,2.0,6.0,2024-04-14,Sunday
6101,6102,40,19.0,10.0,2024-04-28,Sunday
6102,6103,34,13.0,1.0,2024-04-20,Saturday
6103,6104,22,15.0,7.0,2024-04-21,Sunday
6104,6105,159,20.0,9.0,2024-04-09,Tuesday
6105,6106,48,15.0,8.0,2024-04-23,Tuesday
6106,6107,245,14.0,8.0,2024-04-23,Tuesday
6107,6108,143,7.0,8.0,2024-04-24,Wednesday
6108,6109,229,12.0,3.0,2024-04-02,Tuesday
6109,6110,287,13.0,1.0,2024-04-02,Tuesday
6110,6111,285,14.0,8.0,2024-04-16,Tuesday
6111,6112,167,3.0,6.0,2024-04-16,Tuesday
6112,6113,70,16.0,1.0,2024-04-15,Monday
6113,6114,14,7.0,8.0,2024-04-04,Thursday
6114,6115,74,1.0,9.0,2024-04-04,Thursday
6115,6116,13,19.0,8.0,2024-04-18,Thursday
6116,6117,206,13.0,2.0,2024-04-13,Saturday
6117,6118,25,9.0,4.0,2024-04-22,Monday
6118,6119,39,14.0,3.0,2024-04-15,Monday
6119,6120,68,14.0,2.0,2024-04-21,Sunday
6120,6121,87,24.0,7.0,2024-04-17,Wednesday
6121,6122,212,12.0,6.0,2024-04-23,Tuesday
6122,6123,277,17.0,7.0,2024-04-20,Saturday
6123,6124,99,22.0,10.0,2024-04-07,Sunday
6124,6125,273,2.0,3.0,2024-04-15,Monday
6125,6126,156,10.0,5.0,2024-04-08,Monday
6126,6127,119,13.0,1.0,2024-04-17,Wednesday
6127,6128,240,20.0,5.0,2024-04-04,Thursday
6128,6129,131,6.0,10.0,2024-04-19,Friday
6129,6130,176,6.0,4.0,2024-04-22,Monday
6130,6131,82,4.0,7.0,2024-04-27,Saturday
6131,6132,23,3.0,1.0,2024-04-28,Sunday
6132,6133,229,17.0,3.0,2024-04-12,Friday
6133,6134,67,25.0,10.0,2024-04-09,Tuesday
6134,6135,154,24.0,5.0,2024-04-08,Monday
6135,6136,100,17.0,4.0,2024-04-13,Saturday
6136,6137,62,9.0,5.0,2024-04-02,Tuesday
6137,6138,170,8.0,3.0,2024-04-08,Monday
6138,6139,104,1.0,8.0,2024-04-26,Friday
6139,6140,150,23.0,9.0,2024-04-01,Monday
6140,6141,116,8.0,5.0,2024-04-20,Saturday
6141,6142,129,12.0,5.0,2024-04-07,Sunday
6142,6143,56,10.0,8.0,2024-04-05,Friday
6143,6144,158,8.0,9.0,2024-04-07,Sunday
6144,6145,31,21.0,1.0,2024-04-15,Monday
6145,6146,18,25.0,6.0,2024-04-16,Tuesday
6146,6147,197,23.0,1.0,2024-04-15,Monday
6147,6148,35,9.0,3.0,2024-04-03,Wednesday
6148,6149,48,14.0,4.0,2024-04-14,Sunday
6149,6150,261,25.0,3.0,2024-04-08,Monday
6150,6151,39,15.0,9.0,2024-04-12,Friday
6151,6152,31,25.0,7.0,2024-04-13,Saturday
6152,6153,253,22.0,5.0,2024-04-10,Wednesday
6153,6154,31,2.0,10.0,2024-04-17,Wednesday
6154,6155,169,20.0,7.0,2024-04-08,Monday
6155,6156,243,16.0,8.0,2024-04-05,Friday
6156,6157,242,25.0,2.0,2024-04-07,Sunday
6157,6158,4,25.0,3.0,2024-04-14,Sunday
6158,6159,221,11.0,3.0,2024-04-13,Saturday
6159,6160,233,12.0,5.0,2024-04-01,Monday
6160,6161,262,25.0,10.0,2024-04-20,Saturday
6161,6162,153,21.0,3.0,2024-04-19,Friday
6162,6163,132,9.0,8.0,2024-04-23,Tuesday
6163,6164,6,3.0,9.0,2024-04-25,Thursday
6164,6165,229,2.0,5.0,2024-04-11,Thursday
6165,6166,266,15.0,2.0,2024-04-23,Tuesday
6166,6167,137,8.0,1.0,2024-04-23,Tuesday
6167,6168,123,18.0,6.0,2024-04-06,Saturday
6168,6169,133,18.0,1.0,2024-04-17,Wednesday
6169,6170,286,21.0,10.0,2024-04-13,Saturday
6170,6171,131,22.0,3.0,2024-04-26,Friday
6171,6172,229,18.0,8.0,2024-04-18,Thursday
6172,6173,63,13.0,3.0,2024-04-13,Saturday
6173,6174,121,24.0,9.0,2024-04-10,Wednesday
6174,6175,111,3.0,10.0,2024-04-14,Sunday
6175,6176,62,14.0,3.0,2024-04-13,Saturday
6176,6177,296,21.0,7.0,2024-04-06,Saturday
6177,6178,71,6.0,5.0,2024-04-21,Sunday
6178,6179,208,21.0,9.0,2024-04-22,Monday
6179,6180,227,3.0,5.0,2024-04-15,Monday
6180,6181,275,12.0,3.0,2024-04-05,Friday
6181,6182,14,20.0,4.0,2024-04-25,Thursday
6182,6183,138,5.0,5.0,2024-04-25,Thursday
6183,6184,162,17.0,3.0,2024-04-18,Thursday
6184,6185,44,15.0,2.0,2024-04-15,Monday
6185,6186,242,21.0,7.0,2024-04-27,Saturday
6186,6187,201,10.0,6.0,2024-04-13,Saturday
6187,6188,166,1.0,4.0,2024-04-23,Tuesday
6188,6189,90,24.0,2.0,2024-04-10,Wednesday
6189,6190,36,10.0,10.0,2024-04-28,Sunday
6190,6191,230,16.0,1.0,2024-04-16,Tuesday
6191,6192,220,18.0,3.0,2024-04-02,Tuesday
6192,6193,111,11.0,5.0,2024-04-28,Sunday
6193,6194,242,20.0,9.0,2024-04-08,Monday
6194,6195,215,21.0,5.0,2024-04-10,Wednesday
6195,6196,60,1.0,7.0,2024-04-05,Friday
6196,6197,99,19.0,3.0,2024-04-23,Tuesday
6197,6198,298,10.0,3.0,2024-04-25,Thursday
6198,6199,90,9.0,8.0,2024-04-25,Thursday
6199,6200,221,20.0,8.0,2024-04-19,Friday
6200,6201,246,5.0,2.0,2024-04-07,Sunday
6201,6202,259,7.0,10.0,2024-04-27,Saturday
6202,6203,2,25.0,6.0,2024-04-16,Tuesday
6203,6204,287,25.0,1.0,2024-04-17,Wednesday
6204,6205,122,2.0,5.0,2024-04-01,Monday
6205,6206,139,14.0,9.0,2024-04-25,Thursday
6206,6207,141,7.0,4.0,2024-04-16,Tuesday
6207,6208,56,4.0,6.0,2024-04-21,Sunday
6208,6209,67,19.0,2.0,2024-04-24,Wednesday
6209,6210,25,20.0,2.0,2024-04-16,Tuesday
6210,6211,292,5.0,1.0,2024-04-19,Friday
6211,6212,204,1.0,10.0,2024-04-03,Wednesday
6212,6213,55,25.0,2.0,2024-04-22,Monday
6213,6214,10,20.0,7.0,2024-04-12,Friday
6214,6215,137,20.0,8.0,2024-04-28,Sunday
6215,6216,60,12.0,4.0,2024-04-26,Friday
6216,6217,113,6.0,6.0,2024-04-10,Wednesday
6217,6218,280,24.0,9.0,2024-04-18,Thursday
6218,6219,154,20.0,8.0,2024-04-18,Thursday
6219,6220,183,4.0,7.0,2024-04-23,Tuesday
6220,6221,231,25.0,5.0,2024-04-19,Friday
6221,6222,51,21.0,1.0,2024-04-19,Friday
6222,6223,205,16.0,8.0,2024-04-22,Monday
6223,6224,260,11.0,9.0,2024-04-23,Tuesday
6224,6225,97,20.0,5.0,2024-04-26,Friday
6225,6226,74,11.0,9.0,2024-04-17,Wednesday
6226,6227,279,2.0,4.0,2024-04-16,Tuesday
6227,6228,27,12.0,9.0,2024-04-21,Sunday
6228,6229,106,23.0,1.0,2024-04-18,Thursday
6229,6230,12,24.0,10.0,2024-04-09,Tuesday
6230,6231,30,24.0,2.0,2024-04-28,Sunday
6231,6232,18,1.0,1.0,2024-04-12,Friday
6232,6233,70,22.0,4.0,2024-04-04,Thursday
6233,6234,299,10.0,6.0,2024-04-08,Monday
6234,6235,166,12.0,7.0,2024-04-05,Friday
6235,6236,289,18.0,8.0,2024-04-02,Tuesday
6236,6237,63,11.0,3.0,2024-04-26,Friday
6237,6238,158,17.0,4.0,2024-04-02,Tuesday
6238,6239,70,22.0,7.0,2024-04-13,Saturday
6239,6240,289,10.0,9.0,2024-04-21,Sunday
6240,6241,85,23.0,4.0,2024-04-04,Thursday
6241,6242,196,11.0,6.0,2024-04-15,Monday
6242,6243,281,24.0,4.0,2024-04-10,Wednesday
6243,6244,87,6.0,9.0,2024-04-22,Monday
6244,6245,103,17.0,10.0,2024-04-24,Wednesday
6245,6246,139,6.0,9.0,2024-04-08,Monday
6246,6247,229,16.0,3.0,2024-04-16,Tuesday
6247,6248,63,2.0,6.0,2024-04-12,Friday
6248,6249,294,17.0,2.0,2024-04-18,Thursday
6249,6250,189,6.0,10.0,2024-04-11,Thursday
6250,6251,102,5.0,9.0,2024-04-17,Wednesday
6251,6252,88,19.0,9.0,2024-04-05,Friday
6252,6253,235,6.0,7.0,2024-04-21,Sunday
6253,6254,17,10.0,6.0,2024-04-04,Thursday
6254,6255,149,12.0,7.0,2024-04-02,Tuesday
6255,6256,144,3.0,4.0,2024-04-07,Sunday
6256,6257,158,6.0,2.0,2024-04-16,Tuesday
6257,6258,15,12.0,6.0,2024-04-24,Wednesday
6258,6259,243,1.0,3.0,2024-04-19,Friday
6259,6260,243,20.0,10.0,2024-04-15,Monday
6260,6261,224,21.0,5.0,2024-04-01,Monday
6261,6262,149,20.0,10.0,2024-04-15,Monday
6262,6263,290,14.0,9.0,2024-04-04,Thursday
6263,6264,145,16.0,6.0,2024-04-12,Friday
6264,6265,49,3.0,3.0,2024-04-16,Tuesday
6265,6266,145,5.0,3.0,2024-04-19,Friday
6266,6267,71,7.0,9.0,2024-04-07,Sunday
6267,6268,39,14.0,7.0,2024-04-22,Monday
6268,6269,212,19.0,8.0,2024-04-20,Saturday
6269,6270,297,11.0,2.0,2024-04-16,Tuesday
6270,6271,123,19.0,1.0,2024-04-11,Thursday
6271,6272,265,13.0,1.0,2024-04-07,Sunday
6272,6273,155,11.0,9.0,2024-04-23,Tuesday
6273,6274,106,15.0,2.0,2024-04-18,Thursday
6274,6275,266,22.0,1.0,2024-04-21,Sunday
6275,6276,255,17.0,5.0,2024-04-02,Tuesday
6276,6277,134,25.0,9.0,2024-04-10,Wednesday
6277,6278,105,13.0,7.0,2024-04-10,Wednesday
6278,6279,235,4.0,2.0,2024-04-03,Wednesday
6279,6280,226,21.0,4.0,2024-04-10,Wednesday
6280,6281,266,24.0,5.0,2024-04-08,Monday
6281,6282,53,21.0,9.0,2024-04-04,Thursday
6282,6283,146,4.0,4.0,2024-04-25,Thursday
6283,6284,225,20.0,8.0,2024-04-15,Monday
6284,6285,244,15.0,1.0,2024-04-12,Friday
6285,6286,11,3.0,8.0,2024-04-09,Tuesday
6286,6287,180,19.0,3.0,2024-04-21,Sunday
6287,6288,66,9.0,1.0,2024-04-21,Sunday
6288,6289,54,16.0,8.0,2024-04-14,Sunday
6289,6290,207,10.0,3.0,2024-04-07,Sunday
6290,6291,70,5.0,1.0,2024-04-03,Wednesday
6291,6292,150,19.0,7.0,2024-04-11,Thursday
6292,6293,55,24.0,5.0,2024-04-20,Saturday
6293,6294,225,6.0,6.0,2024-04-06,Saturday
6294,6295,176,13.0,10.0,2024-04-12,Friday
6295,6296,178,2.0,7.0,2024-04-21,Sunday
6296,6297,172,18.0,9.0,2024-04-05,Friday
6297,6298,136,3.0,2.0,2024-04-02,Tuesday
6298,6299,17,18.0,10.0,2024-04-02,Tuesday
6299,6300,211,5.0,4.0,2024-04-12,Friday
6300,6301,239,11.0,2.0,2024-04-26,Friday
6301,6302,15,11.0,9.0,2024-04-09,Tuesday
6302,6303,92,6.0,1.0,2024-04-10,Wednesday
6303,6304,24,15.0,8.0,2024-04-15,Monday
6304,6305,171,17.0,10.0,2024-04-10,Wednesday
6305,6306,17,3.0,8.0,2024-04-23,Tuesday
6306,6307,272,15.0,4.0,2024-04-17,Wednesday
6307,6308,106,2.0,6.0,2024-04-05,Friday
6308,6309,187,6.0,3.0,2024-04-02,Tuesday
6309,6310,16,13.0,4.0,2024-04-18,Thursday
6310,6311,129,14.0,1.0,2024-04-23,Tuesday
6311,6312,188,11.0,5.0,2024-04-07,Sunday
6312,6313,29,5.0,2.0,2024-04-13,Saturday
6313,6314,18,10.0,8.0,2024-04-05,Friday
6314,6315,188,9.0,5.0,2024-04-25,Thursday
6315,6316,239,2.0,3.0,2024-04-02,Tuesday
6316,6317,212,25.0,3.0,2024-04-06,Saturday
6317,6318,138,25.0,6.0,2024-04-01,Monday
6318,6319,183,3.0,2.0,2024-04-13,Saturday
6319,6320,121,6.0,3.0,2024-04-03,Wednesday
6320,6321,252,17.0,6.0,2024-04-23,Tuesday
6321,6322,298,3.0,7.0,2024-04-25,Thursday
6322,6323,73,12.0,4.0,2024-04-15,Monday
6323,6324,200,3.0,8.0,2024-04-06,Saturday
6324,6325,187,17.0,9.0,2024-04-14,Sunday
6325,6326,287,7.0,4.0,2024-04-17,Wednesday
6326,6327,100,16.0,9.0,2024-04-04,Thursday
6327,6328,94,13.0,7.0,2024-04-17,Wednesday
6328,6329,12,16.0,10.0,2024-04-02,Tuesday
6329,6330,96,5.0,8.0,2024-04-07,Sunday
6330,6331,9,9.0,8.0,2024-04-18,Thursday
6331,6332,114,15.0,2.0,2024-04-07,Sunday
6332,6333,91,16.0,10.0,2024-04-05,Friday
6333,6334,258,20.0,5.0,2024-04-06,Saturday
6334,6335,65,20.0,4.0,2024-04-13,Saturday
6335,6336,262,7.0,3.0,2024-04-16,Tuesday
6336,6337,44,20.0,6.0,2024-04-22,Monday
6337,6338,257,1.0,10.0,2024-04-01,Monday
6338,6339,32,9.0,1.0,2024-04-24,Wednesday
6339,6340,138,25.0,5.0,2024-04-16,Tuesday
6340,6341,200,16.0,4.0,2024-04-23,Tuesday
6341,6342,76,4.0,6.0,2024-04-11,Thursday
6342,6343,297,7.0,3.0,2024-04-09,Tuesday
6343,6344,203,11.0,2.0,2024-04-06,Saturday
6344,6345,167,4.0,4.0,2024-04-27,Saturday
6345,6346,175,15.0,6.0,2024-04-13,Saturday
6346,6347,246,3.0,2.0,2024-04-05,Friday
6347,6348,99,24.0,10.0,2024-04-18,Thursday
6348,6349,187,2.0,7.0,2024-04-23,Tuesday
6349,6350,33,13.0,8.0,2024-04-21,Sunday
6350,6351,298,3.0,10.0,2024-04-19,Friday
6351,6352,95,5.0,4.0,2024-04-19,Friday
6352,6353,178,22.0,2.0,2024-04-22,Monday
6353,6354,138,7.0,5.0,2024-04-04,Thursday
6354,6355,102,4.0,8.0,2024-04-23,Tuesday
6355,6356,75,4.0,3.0,2024-04-21,Sunday
6356,6357,246,7.0,9.0,2024-04-26,Friday
6357,6358,120,9.0,8.0,2024-04-04,Thursday
6358,6359,91,19.0,6.0,2024-04-11,Thursday
6359,6360,106,8.0,3.0,2024-04-11,Thursday
6360,6361,45,7.0,6.0,2024-04-22,Monday
6361,6362,34,23.0,8.0,2024-04-21,Sunday
6362,6363,195,8.0,4.0,2024-04-21,Sunday
6363,6364,134,7.0,4.0,2024-04-06,Saturday
6364,6365,211,18.0,10.0,2024-04-05,Friday
6365,6366,277,5.0,10.0,2024-04-24,Wednesday
6366,6367,22,6.0,9.0,2024-04-04,Thursday
6367,6368,52,25.0,10.0,2024-04-03,Wednesday
6368,6369,151,20.0,10.0,2024-04-11,Thursday
6369,6370,52,7.0,4.0,2024-04-04,Thursday
6370,6371,149,13.0,2.0,2024-04-01,Monday
6371,6372,232,22.0,1.0,2024-04-23,Tuesday
6372,6373,41,5.0,8.0,2024-04-14,Sunday
6373,6374,192,8.0,2.0,2024-04-17,Wednesday
6374,6375,1,22.0,7.0,2024-04-20,Saturday
6375,6376,27,9.0,2.0,2024-04-07,Sunday
6376,6377,55,21.0,7.0,2024-04-21,Sunday
6377,6378,286,13.0,5.0,2024-04-25,Thursday
6378,6379,74,21.0,6.0,2024-04-15,Monday
6379,6380,1,9.0,7.0,2024-04-10,Wednesday
6380,6381,140,2.0,4.0,2024-04-28,Sunday
6381,6382,177,15.0,7.0,2024-04-19,Friday
6382,6383,183,22.0,1.0,2024-04-14,Sunday
6383,6384,261,11.0,6.0,2024-04-06,Saturday
6384,6385,77,20.0,10.0,2024-04-07,Sunday
6385,6386,104,12.0,9.0,2024-04-20,Saturday
6386,6387,238,25.0,8.0,2024-04-17,Wednesday
6387,6388,295,5.0,3.0,2024-04-09,Tuesday
6388,6389,101,14.0,7.0,2024-04-03,Wednesday
6389,6390,224,12.0,4.0,2024-04-25,Thursday
6390,6391,138,12.0,1.0,2024-04-20,Saturday
6391,6392,66,20.0,5.0,2024-04-26,Friday
6392,6393,237,23.0,3.0,2024-04-21,Sunday
6393,6394,105,23.0,10.0,2024-04-10,Wednesday
6394,6395,135,6.0,2.0,2024-04-28,Sunday
6395,6396,206,15.0,7.0,2024-04-18,Thursday
6396,6397,134,2.0,5.0,2024-04-06,Saturday
6397,6398,239,1.0,4.0,2024-04-14,Sunday
6398,6399,119,2.0,8.0,2024-04-15,Monday
6399,6400,165,3.0,1.0,2024-04-21,Sunday
6400,6401,51,20.0,5.0,2024-04-26,Friday
6401,6402,209,4.0,6.0,2024-04-23,Tuesday
6402,6403,263,5.0,10.0,2024-04-05,Friday
6404,6405,48,10.0,8.0,2024-04-28,Sunday
6405,6406,29,23.0,6.0,2024-04-08,Monday
6406,6407,15,9.0,10.0,2024-04-16,Tuesday
6407,6408,193,18.0,5.0,2024-04-08,Monday
6408,6409,126,25.0,9.0,2024-04-24,Wednesday
6409,6410,293,2.0,4.0,2024-04-26,Friday
6410,6411,46,7.0,1.0,2024-04-13,Saturday
6411,6412,135,19.0,1.0,2024-04-19,Friday
6412,6413,61,16.0,8.0,2024-04-07,Sunday
6413,6414,120,25.0,1.0,2024-04-15,Monday
6414,6415,78,4.0,9.0,2024-04-22,Monday
6415,6416,223,22.0,4.0,2024-04-03,Wednesday
6416,6417,267,4.0,2.0,2024-04-18,Thursday
6417,6418,79,8.0,9.0,2024-04-19,Friday
6418,6419,72,22.0,6.0,2024-04-08,Monday
6419,6420,139,22.0,2.0,2024-04-22,Monday
6420,6421,232,23.0,3.0,2024-04-19,Friday
6421,6422,9,22.0,3.0,2024-04-20,Saturday
6422,6423,244,21.0,6.0,2024-04-01,Monday
6423,6424,13,21.0,4.0,2024-04-16,Tuesday
6424,6425,124,20.0,6.0,2024-04-26,Friday
6425,6426,13,13.0,8.0,2024-04-17,Wednesday
6426,6427,164,7.0,5.0,2024-04-06,Saturday
6427,6428,201,17.0,10.0,2024-04-18,Thursday
6429,6430,187,22.0,5.0,2024-04-28,Sunday
6430,6431,3,15.0,5.0,2024-04-24,Wednesday
6431,6432,239,1.0,4.0,2024-04-24,Wednesday
6432,6433,28,5.0,6.0,2024-04-21,Sunday
6433,6434,124,19.0,2.0,2024-04-06,Saturday
6434,6435,141,4.0,1.0,2024-04-17,Wednesday
6435,6436,77,25.0,10.0,2024-04-27,Saturday
6436,6437,183,4.0,3.0,2024-04-21,Sunday
6437,6438,219,25.0,4.0,2024-04-06,Saturday
6438,6439,199,14.0,7.0,2024-04-06,Saturday
6439,6440,147,14.0,3.0,2024-04-10,Wednesday
6440,6441,178,18.0,3.0,2024-04-13,Saturday
6441,6442,33,19.0,3.0,2024-04-28,Sunday
6442,6443,291,10.0,5.0,2024-04-12,Friday
6443,6444,219,7.0,8.0,2024-04-27,Saturday
6444,6445,150,25.0,9.0,2024-04-10,Wednesday
6445,6446,299,12.0,6.0,2024-04-01,Monday
6446,6447,188,2.0,7.0,2024-04-19,Friday
6447,6448,173,3.0,2.0,2024-04-11,Thursday
6448,6449,170,14.0,9.0,2024-04-06,Saturday
6449,6450,256,20.0,6.0,2024-04-02,Tuesday
6450,6451,204,14.0,1.0,2024-04-08,Monday
6451,6452,94,17.0,6.0,2024-04-14,Sunday
6452,6453,1,21.0,3.0,2024-04-06,Saturday
6453,6454,115,18.0,1.0,2024-04-24,Wednesday
6454,6455,196,5.0,8.0,2024-04-24,Wednesday
6455,6456,262,15.0,5.0,2024-04-03,Wednesday
6456,6457,169,9.0,6.0,2024-04-08,Monday
6457,6458,115,21.0,4.0,2024-04-10,Wednesday
6458,6459,35,14.0,10.0,2024-04-25,Thursday
6459,6460,174,5.0,3.0,2024-04-22,Monday
6460,6461,4,19.0,1.0,2024-04-22,Monday
6461,6462,128,25.0,2.0,2024-04-20,Saturday
6462,6463,14,19.0,9.0,2024-04-28,Sunday
6463,6464,145,22.0,6.0,2024-04-28,Sunday
6464,6465,138,2.0,1.0,2024-04-16,Tuesday
6465,6466,135,22.0,5.0,2024-04-06,Saturday
6466,6467,84,1.0,9.0,2024-04-17,Wednesday
6467,6468,209,11.0,5.0,2024-04-18,Thursday
6468,6469,18,23.0,6.0,2024-04-04,Thursday
6469,6470,235,12.0,8.0,2024-04-27,Saturday
6470,6471,297,13.0,1.0,2024-04-03,Wednesday
6471,6472,142,4.0,4.0,2024-04-06,Saturday
6472,6473,285,7.0,7.0,2024-04-25,Thursday
6473,6474,187,18.0,3.0,2024-04-23,Tuesday
6474,6475,68,5.0,7.0,2024-04-27,Saturday
6475,6476,129,20.0,1.0,2024-04-17,Wednesday
6476,6477,64,1.0,1.0,2024-04-27,Saturday
6477,6478,133,12.0,10.0,2024-04-04,Thursday
6478,6479,106,23.0,5.0,2024-04-18,Thursday
6479,6480,217,7.0,4.0,2024-04-17,Wednesday
6480,6481,44,8.0,9.0,2024-04-17,Wednesday
6481,6482,288,17.0,2.0,2024-04-28,Sunday
6482,6483,119,8.0,8.0,2024-04-06,Saturday
6483,6484,121,6.0,5.0,2024-04-01,Monday
6484,6485,51,5.0,8.0,2024-04-14,Sunday
6485,6486,249,25.0,10.0,2024-04-24,Wednesday
6486,6487,89,6.0,1.0,2024-04-06,Saturday
6487,6488,266,10.0,4.0,2024-04-16,Tuesday
6488,6489,288,4.0,7.0,2024-04-16,Tuesday
6489,6490,149,5.0,6.0,2024-04-01,Monday
6490,6491,96,17.0,5.0,2024-04-04,Thursday
6491,6492,277,25.0,4.0,2024-04-08,Monday
6492,6493,108,9.0,1.0,2024-04-02,Tuesday
6493,6494,243,19.0,3.0,2024-04-03,Wednesday
6494,6495,178,17.0,2.0,2024-04-25,Thursday
6495,6496,172,5.0,10.0,2024-04-20,Saturday
6496,6497,148,13.0,3.0,2024-04-15,Monday
6497,6498,28,14.0,3.0,2024-04-04,Thursday
6498,6499,235,25.0,7.0,2024-04-21,Sunday
6499,6500,200,5.0,10.0,2024-04-08,Monday
6500,6501,52,4.0,4.0,2024-04-13,Saturday
6501,6502,297,11.0,1.0,2024-04-03,Wednesday
6502,6503,261,19.0,10.0,2024-04-24,Wednesday
6503,6504,225,5.0,6.0,2024-04-22,Monday
6504,6505,251,9.0,5.0,2024-04-15,Monday
6506,6507,155,9.0,5.0,2024-04-16,Tuesday
6507,6508,150,24.0,6.0,2024-04-17,Wednesday
6508,6509,202,10.0,7.0,2024-04-18,Thursday
6509,6510,129,8.0,2.0,2024-04-05,Friday
6510,6511,51,8.0,7.0,2024-04-16,Tuesday
6511,6512,110,16.0,8.0,2024-04-24,Wednesday
6512,6513,63,12.0,5.0,2024-04-04,Thursday
6513,6514,1,23.0,4.0,2024-04-09,Tuesday
6514,6515,244,5.0,3.0,2024-04-15,Monday
6515,6516,153,3.0,10.0,2024-04-16,Tuesday
6516,6517,27,14.0,4.0,2024-04-20,Saturday
6517,6518,251,15.0,4.0,2024-04-04,Thursday
6518,6519,272,7.0,8.0,2024-04-18,Thursday
6519,6520,213,8.0,3.0,2024-04-09,Tuesday
6520,6521,190,4.0,1.0,2024-04-17,Wednesday
6521,6522,265,23.0,2.0,2024-04-26,Friday
6522,6523,93,18.0,2.0,2024-04-18,Thursday
6523,6524,2,14.0,5.0,2024-04-19,Friday
6524,6525,164,11.0,4.0,2024-04-10,Wednesday
6525,6526,51,25.0,10.0,2024-04-09,Tuesday
6526,6527,290,22.0,4.0,2024-04-25,Thursday
6527,6528,17,1.0,10.0,2024-04-25,Thursday
6528,6529,99,8.0,3.0,2024-04-22,Monday
6529,6530,255,25.0,3.0,2024-04-08,Monday
6530,6531,249,4.0,3.0,2024-04-12,Friday
6531,6532,222,20.0,2.0,2024-04-04,Thursday
6532,6533,92,16.0,3.0,2024-04-20,Saturday
6533,6534,226,13.0,10.0,2024-04-12,Friday
6534,6535,108,3.0,2.0,2024-04-16,Tuesday
6535,6536,219,13.0,6.0,2024-04-04,Thursday
6536,6537,191,9.0,5.0,2024-04-15,Monday
6537,6538,65,8.0,2.0,2024-04-16,Tuesday
6538,6539,18,1.0,4.0,2024-04-18,Thursday
6539,6540,123,19.0,8.0,2024-04-09,Tuesday
6540,6541,47,24.0,9.0,2024-04-17,Wednesday
6541,6542,25,6.0,2.0,2024-04-18,Thursday
6542,6543,243,5.0,6.0,2024-04-20,Saturday
6543,6544,106,25.0,2.0,2024-04-08,Monday
6544,6545,197,15.0,5.0,2024-04-22,Monday
6545,6546,79,19.0,3.0,2024-04-26,Friday
6546,6547,143,16.0,7.0,2024-04-20,Saturday
6547,6548,28,7.0,7.0,2024-04-24,Wednesday
6548,6549,82,7.0,8.0,2024-04-14,Sunday
6549,6550,65,6.0,7.0,2024-04-03,Wednesday
6550,6551,7,9.0,6.0,2024-04-06,Saturday
6551,6552,88,23.0,1.0,2024-04-09,Tuesday
6552,6553,148,20.0,8.0,2024-04-08,Monday
6553,6554,204,2.0,4.0,2024-04-17,Wednesday
6554,6555,114,3.0,2.0,2024-04-13,Saturday
6555,6556,290,20.0,6.0,2024-04-25,Thursday
6556,6557,163,9.0,3.0,2024-04-01,Monday
6557,6558,239,20.0,1.0,2024-04-18,Thursday
6558,6559,263,8.0,6.0,2024-04-12,Friday
6559,6560,115,14.0,5.0,2024-04-15,Monday
6560,6561,295,19.0,8.0,2024-04-10,Wednesday
6561,6562,30,24.0,5.0,2024-04-26,Friday
6562,6563,131,19.0,8.0,2024-04-02,Tuesday
6563,6564,232,17.0,7.0,2024-04-06,Saturday
6564,6565,262,4.0,6.0,2024-04-13,Saturday
6565,6566,134,12.0,2.0,2024-04-20,Saturday
6566,6567,82,10.0,7.0,2024-04-21,Sunday
6567,6568,238,11.0,3.0,2024-04-01,Monday
6568,6569,189,20.0,7.0,2024-04-25,Thursday
6569,6570,232,2.0,6.0,2024-04-19,Friday
6570,6571,114,22.0,1.0,2024-04-14,Sunday
6571,6572,247,6.0,10.0,2024-04-03,Wednesday
6572,6573,253,11.0,9.0,2024-04-25,Thursday
6573,6574,269,19.0,5.0,2024-04-15,Monday
6574,6575,18,25.0,4.0,2024-04-20,Saturday
6575,6576,211,15.0,10.0,2024-04-26,Friday
6576,6577,55,14.0,10.0,2024-04-20,Saturday
6577,6578,25,3.0,1.0,2024-04-20,Saturday
6579,6580,190,21.0,7.0,2024-04-18,Thursday
6580,6581,49,1.0,9.0,2024-04-26,Friday
6582,6583,203,18.0,4.0,2024-04-02,Tuesday
6583,6584,19,4.0,2.0,2024-04-03,Wednesday
6584,6585,138,24.0,10.0,2024-04-15,Monday
6585,6586,245,3.0,1.0,2024-04-20,Saturday
6586,6587,218,8.0,3.0,2024-04-12,Friday
6587,6588,70,19.0,6.0,2024-04-14,Sunday
6588,6589,249,1.0,3.0,2024-04-10,Wednesday
6589,6590,162,11.0,1.0,2024-04-24,Wednesday
6590,6591,266,22.0,3.0,2024-04-09,Tuesday
6591,6592,239,12.0,10.0,2024-04-06,Saturday
6592,6593,71,14.0,4.0,2024-04-08,Monday
6593,6594,165,10.0,9.0,2024-04-28,Sunday
6594,6595,2,5.0,1.0,2024-04-20,Saturday
6595,6596,121,4.0,9.0,2024-04-24,Wednesday
6596,6597,158,17.0,3.0,2024-04-18,Thursday
6597,6598,100,20.0,1.0,2024-04-10,Wednesday
6598,6599,297,13.0,7.0,2024-04-27,Saturday
6599,6600,17,21.0,3.0,2024-04-28,Sunday
6600,6601,36,21.0,1.0,2024-04-04,Thursday
6601,6602,168,9.0,6.0,2024-04-24,Wednesday
6602,6603,240,15.0,2.0,2024-04-21,Sunday
6603,6604,131,6.0,8.0,2024-04-21,Sunday
6604,6605,238,25.0,4.0,2024-04-06,Saturday
6605,6606,219,11.0,5.0,2024-04-10,Wednesday
6606,6607,149,14.0,5.0,2024-04-02,Tuesday
6607,6608,15,5.0,2.0,2024-04-14,Sunday
6608,6609,289,10.0,6.0,2024-04-18,Thursday
6609,6610,70,8.0,5.0,2024-04-08,Monday
6610,6611,264,6.0,3.0,2024-04-24,Wednesday
6611,6612,248,22.0,6.0,2024-04-05,Friday
6612,6613,114,23.0,10.0,2024-04-08,Monday
6613,6614,204,3.0,10.0,2024-04-15,Monday
6614,6615,160,3.0,2.0,2024-04-25,Thursday
6615,6616,79,7.0,2.0,2024-04-06,Saturday
6616,6617,280,15.0,7.0,2024-04-03,Wednesday
6617,6618,230,21.0,6.0,2024-04-27,Saturday
6618,6619,71,4.0,6.0,2024-04-20,Saturday
6619,6620,16,21.0,10.0,2024-04-01,Monday
6620,6621,236,16.0,4.0,2024-04-13,Saturday
6621,6622,75,15.0,7.0,2024-04-27,Saturday
6622,6623,102,6.0,7.0,2024-04-08,Monday
6623,6624,159,8.0,2.0,2024-04-08,Monday
6624,6625,244,3.0,5.0,2024-04-06,Saturday
6625,6626,69,19.0,4.0,2024-04-26,Friday
6626,6627,58,10.0,4.0,2024-04-24,Wednesday
6627,6628,212,16.0,5.0,2024-04-18,Thursday
6628,6629,160,2.0,6.0,2024-04-09,Tuesday
6629,6630,150,16.0,6.0,2024-04-19,Friday
6630,6631,157,11.0,10.0,2024-04-19,Friday
6631,6632,148,11.0,6.0,2024-04-21,Sunday
6632,6633,11,1.0,2.0,2024-04-13,Saturday
6633,6634,243,15.0,9.0,2024-04-07,Sunday
6634,6635,17,24.0,6.0,2024-04-13,Saturday
6635,6636,221,20.0,3.0,2024-04-19,Friday
6636,6637,5,2.0,3.0,2024-04-07,Sunday
6637,6638,94,21.0,6.0,2024-04-27,Saturday
6638,6639,112,4.0,3.0,2024-04-12,Friday
6639,6640,17,4.0,4.0,2024-04-04,Thursday
6640,6641,252,8.0,4.0,2024-04-05,Friday
6641,6642,91,4.0,6.0,2024-04-10,Wednesday
6642,6643,281,16.0,2.0,2024-04-11,Thursday
6643,6644,111,12.0,9.0,2024-04-02,Tuesday
6644,6645,143,18.0,3.0,2024-04-16,Tuesday
6645,6646,144,7.0,4.0,2024-04-25,Thursday
6646,6647,73,18.0,7.0,2024-04-23,Tuesday
6647,6648,242,16.0,6.0,2024-04-22,Monday
6648,6649,226,24.0,6.0,2024-04-20,Saturday
6649,6650,66,24.0,9.0,2024-04-13,Saturday
6650,6651,141,10.0,2.0,2024-04-08,Monday
6651,6652,43,3.0,6.0,2024-04-18,Thursday
6652,6653,88,13.0,3.0,2024-04-23,Tuesday
6653,6654,126,25.0,7.0,2024-04-12,Friday
6654,6655,88,5.0,10.0,2024-04-12,Friday
6655,6656,32,15.0,4.0,2024-04-15,Monday
6656,6657,262,10.0,6.0,2024-04-28,Sunday
6657,6658,150,11.0,8.0,2024-04-10,Wednesday
6658,6659,216,24.0,6.0,2024-04-04,Thursday
6659,6660,90,12.0,4.0,2024-04-08,Monday
6660,6661,171,15.0,6.0,2024-04-13,Saturday
6661,6662,30,6.0,6.0,2024-04-13,Saturday
6662,6663,198,19.0,6.0,2024-04-23,Tuesday
6663,6664,25,14.0,9.0,2024-04-28,Sunday
6664,6665,198,25.0,5.0,2024-05-21,Tuesday
6665,6666,140,1.0,5.0,2024-05-10,Friday
6667,6668,4,17.0,8.0,2024-05-17,Friday
6668,6669,111,23.0,10.0,2024-05-03,Friday
6669,6670,295,8.0,9.0,2024-05-20,Monday
6670,6671,66,4.0,7.0,2024-05-17,Friday
6671,6672,186,15.0,7.0,2024-05-02,Thursday
6672,6673,226,22.0,6.0,2024-05-05,Sunday
6673,6674,171,5.0,9.0,2024-05-04,Saturday
6674,6675,207,14.0,6.0,2024-05-16,Thursday
6675,6676,236,10.0,10.0,2024-05-05,Sunday
6676,6677,251,22.0,7.0,2024-05-12,Sunday
6677,6678,252,14.0,6.0,2024-05-05,Sunday
6678,6679,218,21.0,6.0,2024-05-04,Saturday
6679,6680,169,9.0,9.0,2024-05-18,Saturday
6680,6681,100,10.0,2.0,2024-05-07,Tuesday
6681,6682,243,10.0,10.0,2024-05-17,Friday
6682,6683,152,14.0,6.0,2024-05-05,Sunday
6683,6684,251,7.0,10.0,2024-05-04,Saturday
6684,6685,167,17.0,9.0,2024-05-09,Thursday
6685,6686,180,2.0,4.0,2024-05-07,Tuesday
6686,6687,192,2.0,9.0,2024-05-23,Thursday
6687,6688,220,23.0,4.0,2024-05-10,Friday
6688,6689,117,10.0,2.0,2024-05-21,Tuesday
6689,6690,128,9.0,2.0,2024-05-15,Wednesday
6690,6691,229,14.0,7.0,2024-05-23,Thursday
6691,6692,256,21.0,1.0,2024-05-08,Wednesday
6692,6693,250,15.0,5.0,2024-05-28,Tuesday
6693,6694,287,9.0,4.0,2024-05-24,Friday
6694,6695,96,23.0,1.0,2024-05-09,Thursday
6695,6696,126,11.0,9.0,2024-05-04,Saturday
6696,6697,70,2.0,4.0,2024-05-13,Monday
6697,6698,185,4.0,9.0,2024-05-26,Sunday
6698,6699,240,17.0,9.0,2024-05-28,Tuesday
6699,6700,252,20.0,6.0,2024-05-03,Friday
6700,6701,45,15.0,10.0,2024-05-21,Tuesday
6701,6702,193,19.0,3.0,2024-05-19,Sunday
6702,6703,276,21.0,4.0,2024-05-22,Wednesday
6703,6704,267,14.0,9.0,2024-05-19,Sunday
6704,6705,11,8.0,3.0,2024-05-11,Saturday
6705,6706,26,11.0,3.0,2024-05-25,Saturday
6706,6707,209,12.0,2.0,2024-05-11,Saturday
6707,6708,192,16.0,7.0,2024-05-21,Tuesday
6708,6709,37,1.0,9.0,2024-05-21,Tuesday
6709,6710,245,2.0,5.0,2024-05-14,Tuesday
6710,6711,74,23.0,10.0,2024-05-05,Sunday
6711,6712,101,11.0,5.0,2024-05-03,Friday
6712,6713,62,12.0,4.0,2024-05-21,Tuesday
6713,6714,286,21.0,10.0,2024-05-12,Sunday
6714,6715,92,2.0,1.0,2024-05-02,Thursday
6715,6716,16,6.0,5.0,2024-05-02,Thursday
6716,6717,94,8.0,8.0,2024-05-07,Tuesday
6717,6718,160,3.0,5.0,2024-05-26,Sunday
6718,6719,202,6.0,2.0,2024-05-16,Thursday
6719,6720,151,24.0,3.0,2024-05-06,Monday
6720,6721,254,5.0,8.0,2024-05-05,Sunday
6721,6722,45,16.0,6.0,2024-05-16,Thursday
6722,6723,42,8.0,3.0,2024-05-28,Tuesday
6723,6724,200,3.0,10.0,2024-05-21,Tuesday
6724,6725,201,6.0,8.0,2024-05-02,Thursday
6725,6726,273,23.0,7.0,2024-05-27,Monday
6726,6727,227,17.0,6.0,2024-05-04,Saturday
6727,6728,63,6.0,2.0,2024-05-07,Tuesday
6728,6729,45,16.0,7.0,2024-05-22,Wednesday
6729,6730,6,1.0,3.0,2024-05-28,Tuesday
6730,6731,142,10.0,6.0,2024-05-28,Tuesday
6731,6732,6,8.0,10.0,2024-05-25,Saturday
6732,6733,147,14.0,6.0,2024-05-20,Monday
6733,6734,277,14.0,9.0,2024-05-10,Friday
6735,6736,284,13.0,9.0,2024-05-07,Tuesday
6736,6737,252,18.0,6.0,2024-05-16,Thursday
6737,6738,167,7.0,1.0,2024-05-14,Tuesday
6738,6739,259,4.0,4.0,2024-05-15,Wednesday
6739,6740,71,6.0,7.0,2024-05-23,Thursday
6740,6741,2,19.0,5.0,2024-05-24,Friday
6741,6742,51,10.0,10.0,2024-05-14,Tuesday
6742,6743,130,16.0,8.0,2024-05-18,Saturday
6743,6744,258,2.0,8.0,2024-05-05,Sunday
6744,6745,271,22.0,7.0,2024-05-21,Tuesday
6745,6746,200,20.0,8.0,2024-05-25,Saturday
6746,6747,104,8.0,9.0,2024-05-15,Wednesday
6747,6748,108,18.0,7.0,2024-05-05,Sunday
6748,6749,230,7.0,9.0,2024-05-18,Saturday
6749,6750,179,6.0,3.0,2024-05-26,Sunday
6750,6751,121,16.0,9.0,2024-05-21,Tuesday
6751,6752,268,1.0,7.0,2024-05-20,Monday
6752,6753,107,10.0,3.0,2024-05-20,Monday
6753,6754,203,15.0,3.0,2024-05-22,Wednesday
6754,6755,46,2.0,8.0,2024-05-15,Wednesday
6755,6756,212,15.0,4.0,2024-05-18,Saturday
6756,6757,24,12.0,10.0,2024-05-17,Friday
6757,6758,292,8.0,4.0,2024-05-16,Thursday
6758,6759,81,9.0,3.0,2024-05-08,Wednesday
6759,6760,285,23.0,8.0,2024-05-04,Saturday
6760,6761,57,20.0,9.0,2024-05-03,Friday
6761,6762,11,13.0,4.0,2024-05-06,Monday
6762,6763,105,20.0,9.0,2024-05-26,Sunday
6763,6764,166,2.0,1.0,2024-05-22,Wednesday
6764,6765,261,21.0,6.0,2024-05-01,Wednesday
6765,6766,262,14.0,7.0,2024-05-19,Sunday
6766,6767,138,21.0,6.0,2024-05-03,Friday
6767,6768,159,17.0,8.0,2024-05-20,Monday
6768,6769,147,11.0,4.0,2024-05-20,Monday
6769,6770,32,16.0,8.0,2024-05-21,Tuesday
6770,6771,83,5.0,7.0,2024-05-24,Friday
6771,6772,166,8.0,4.0,2024-05-16,Thursday
6772,6773,236,25.0,6.0,2024-05-16,Thursday
6773,6774,241,25.0,7.0,2024-05-18,Saturday
6774,6775,56,9.0,6.0,2024-05-21,Tuesday
6775,6776,223,17.0,2.0,2024-05-02,Thursday
6776,6777,28,1.0,7.0,2024-05-20,Monday
6777,6778,188,17.0,6.0,2024-05-19,Sunday
6778,6779,74,9.0,5.0,2024-05-11,Saturday
6779,6780,50,10.0,9.0,2024-05-25,Saturday
6780,6781,293,19.0,6.0,2024-05-13,Monday
6781,6782,27,8.0,9.0,2024-05-11,Saturday
6782,6783,7,12.0,7.0,2024-05-01,Wednesday
6783,6784,107,14.0,2.0,2024-05-05,Sunday
6784,6785,22,23.0,9.0,2024-05-27,Monday
6785,6786,193,19.0,10.0,2024-05-03,Friday
6786,6787,226,17.0,10.0,2024-05-19,Sunday
6787,6788,121,1.0,3.0,2024-05-05,Sunday
6788,6789,165,13.0,1.0,2024-05-04,Saturday
6789,6790,210,2.0,5.0,2024-05-24,Friday
6790,6791,167,9.0,10.0,2024-05-09,Thursday
6791,6792,124,18.0,7.0,2024-05-03,Friday
6792,6793,256,21.0,1.0,2024-05-17,Friday
6793,6794,19,11.0,7.0,2024-05-28,Tuesday
6794,6795,191,13.0,1.0,2024-05-09,Thursday
6795,6796,185,1.0,2.0,2024-05-25,Saturday
6796,6797,172,2.0,7.0,2024-05-13,Monday
6797,6798,185,1.0,6.0,2024-05-28,Tuesday
6798,6799,235,14.0,6.0,2024-05-07,Tuesday
6799,6800,128,19.0,2.0,2024-05-09,Thursday
6800,6801,291,19.0,1.0,2024-05-05,Sunday
6801,6802,291,24.0,7.0,2024-05-04,Saturday
6802,6803,234,14.0,5.0,2024-05-25,Saturday
6803,6804,117,6.0,2.0,2024-05-19,Sunday
6804,6805,224,21.0,7.0,2024-05-16,Thursday
6805,6806,283,4.0,4.0,2024-05-01,Wednesday
6806,6807,125,4.0,5.0,2024-05-16,Thursday
6807,6808,7,7.0,5.0,2024-05-24,Friday
6808,6809,136,21.0,3.0,2024-05-13,Monday
6809,6810,202,14.0,9.0,2024-05-11,Saturday
6810,6811,26,23.0,6.0,2024-05-12,Sunday
6811,6812,111,18.0,2.0,2024-05-28,Tuesday
6812,6813,161,9.0,4.0,2024-05-24,Friday
6813,6814,277,4.0,9.0,2024-05-15,Wednesday
6814,6815,141,20.0,2.0,2024-05-17,Friday
6815,6816,59,10.0,5.0,2024-05-20,Monday
6816,6817,57,15.0,2.0,2024-05-14,Tuesday
6817,6818,73,13.0,7.0,2024-05-10,Friday
6818,6819,171,8.0,7.0,2024-05-16,Thursday
6819,6820,181,20.0,10.0,2024-05-09,Thursday
6820,6821,68,8.0,9.0,2024-05-06,Monday
6821,6822,262,10.0,10.0,2024-05-13,Monday
6822,6823,83,18.0,9.0,2024-05-11,Saturday
6823,6824,192,25.0,4.0,2024-05-03,Friday
6824,6825,101,12.0,7.0,2024-05-15,Wednesday
6825,6826,260,10.0,8.0,2024-05-27,Monday
6826,6827,88,24.0,3.0,2024-05-26,Sunday
6827,6828,195,3.0,10.0,2024-05-18,Saturday
6828,6829,268,18.0,6.0,2024-05-27,Monday
6829,6830,111,21.0,6.0,2024-05-10,Friday
6830,6831,230,10.0,8.0,2024-05-07,Tuesday
6831,6832,215,4.0,8.0,2024-05-16,Thursday
6832,6833,29,13.0,2.0,2024-05-10,Friday
6833,6834,45,17.0,1.0,2024-05-11,Saturday
6834,6835,65,10.0,2.0,2024-05-14,Tuesday
6835,6836,4,3.0,7.0,2024-05-15,Wednesday
6836,6837,195,9.0,10.0,2024-05-11,Saturday
6837,6838,179,6.0,1.0,2024-05-20,Monday
6838,6839,56,13.0,5.0,2024-05-16,Thursday
6839,6840,266,9.0,1.0,2024-05-09,Thursday
6841,6842,154,12.0,2.0,2024-05-09,Thursday
6842,6843,184,11.0,9.0,2024-05-28,Tuesday
6843,6844,240,6.0,10.0,2024-05-28,Tuesday
6844,6845,132,8.0,9.0,2024-05-27,Monday
6845,6846,240,23.0,3.0,2024-05-01,Wednesday
6846,6847,234,1.0,5.0,2024-05-09,Thursday
6847,6848,4,13.0,1.0,2024-05-04,Saturday
6848,6849,262,3.0,9.0,2024-05-01,Wednesday
6849,6850,194,8.0,3.0,2024-05-06,Monday
6850,6851,219,20.0,6.0,2024-05-05,Sunday
6851,6852,23,11.0,10.0,2024-05-12,Sunday
6852,6853,85,14.0,6.0,2024-05-26,Sunday
6853,6854,108,19.0,8.0,2024-05-27,Monday
6854,6855,178,20.0,10.0,2024-05-02,Thursday
6855,6856,14,20.0,9.0,2024-05-15,Wednesday
6856,6857,161,3.0,5.0,2024-05-28,Tuesday
6857,6858,36,20.0,10.0,2024-05-14,Tuesday
6858,6859,26,21.0,3.0,2024-05-27,Monday
6859,6860,212,5.0,9.0,2024-05-06,Monday
6860,6861,105,12.0,8.0,2024-05-18,Saturday
6861,6862,294,10.0,6.0,2024-05-06,Monday
6862,6863,248,9.0,8.0,2024-05-20,Monday
6863,6864,188,11.0,2.0,2024-05-26,Sunday
6864,6865,171,14.0,4.0,2024-05-14,Tuesday
6865,6866,30,7.0,2.0,2024-05-05,Sunday
6866,6867,265,16.0,6.0,2024-05-22,Wednesday
6867,6868,155,10.0,9.0,2024-05-10,Friday
6868,6869,233,10.0,10.0,2024-05-08,Wednesday
6869,6870,103,18.0,3.0,2024-05-10,Friday
6870,6871,99,11.0,4.0,2024-05-03,Friday
6871,6872,147,13.0,7.0,2024-05-26,Sunday
6872,6873,294,21.0,10.0,2024-05-05,Sunday
6873,6874,53,12.0,8.0,2024-05-04,Saturday
6874,6875,24,22.0,2.0,2024-05-01,Wednesday
6875,6876,72,7.0,10.0,2024-05-06,Monday
6876,6877,263,8.0,3.0,2024-05-09,Thursday
6877,6878,85,14.0,4.0,2024-05-24,Friday
6878,6879,164,7.0,8.0,2024-05-09,Thursday
6879,6880,202,16.0,9.0,2024-05-17,Friday
6880,6881,41,22.0,2.0,2024-05-04,Saturday
6881,6882,153,6.0,4.0,2024-05-13,Monday
6882,6883,138,14.0,10.0,2024-05-23,Thursday
6883,6884,97,3.0,1.0,2024-05-15,Wednesday
6884,6885,91,7.0,9.0,2024-05-11,Saturday
6885,6886,287,24.0,8.0,2024-05-21,Tuesday
6886,6887,111,11.0,7.0,2024-05-19,Sunday
6887,6888,274,14.0,9.0,2024-05-24,Friday
6888,6889,288,14.0,8.0,2024-05-19,Sunday
6889,6890,269,4.0,10.0,2024-05-21,Tuesday
6890,6891,236,9.0,7.0,2024-05-22,Wednesday
6891,6892,5,2.0,3.0,2024-05-04,Saturday
6892,6893,267,25.0,7.0,2024-05-15,Wednesday
6893,6894,85,16.0,1.0,2024-05-19,Sunday
6894,6895,223,17.0,7.0,2024-05-12,Sunday
6895,6896,138,7.0,2.0,2024-05-03,Friday
6896,6897,208,12.0,2.0,2024-05-27,Monday
6897,6898,207,24.0,6.0,2024-05-07,Tuesday
6898,6899,225,16.0,2.0,2024-05-22,Wednesday
6899,6900,74,15.0,6.0,2024-05-21,Tuesday
6900,6901,170,18.0,7.0,2024-05-11,Saturday
6901,6902,131,6.0,4.0,2024-05-25,Saturday
6902,6903,87,12.0,9.0,2024-05-21,Tuesday
6903,6904,263,4.0,9.0,2024-05-21,Tuesday
6904,6905,300,4.0,6.0,2024-05-24,Friday
6905,6906,31,18.0,6.0,2024-05-08,Wednesday
6906,6907,140,23.0,3.0,2024-05-08,Wednesday
6907,6908,94,6.0,7.0,2024-05-23,Thursday
6908,6909,295,24.0,3.0,2024-05-24,Friday
6909,6910,65,9.0,1.0,2024-05-10,Friday
6910,6911,189,22.0,4.0,2024-05-27,Monday
6911,6912,271,21.0,6.0,2024-05-26,Sunday
6912,6913,258,6.0,1.0,2024-05-18,Saturday
6913,6914,197,13.0,2.0,2024-05-25,Saturday
6915,6916,223,22.0,4.0,2024-05-27,Monday
6916,6917,40,3.0,8.0,2024-05-04,Saturday
6917,6918,180,7.0,4.0,2024-05-18,Saturday
6918,6919,121,15.0,8.0,2024-05-06,Monday
6919,6920,45,16.0,3.0,2024-05-08,Wednesday
6920,6921,103,6.0,6.0,2024-05-26,Sunday
6921,6922,129,3.0,4.0,2024-05-04,Saturday
6922,6923,258,8.0,10.0,2024-05-26,Sunday
6923,6924,212,21.0,7.0,2024-05-07,Tuesday
6924,6925,16,7.0,5.0,2024-05-03,Friday
6925,6926,176,7.0,7.0,2024-05-13,Monday
6926,6927,101,11.0,2.0,2024-05-06,Monday
6927,6928,70,7.0,3.0,2024-05-27,Monday
6928,6929,96,23.0,10.0,2024-05-07,Tuesday
6929,6930,209,12.0,8.0,2024-05-21,Tuesday
6930,6931,255,1.0,7.0,2024-05-10,Friday
6931,6932,40,11.0,5.0,2024-05-15,Wednesday
6932,6933,232,11.0,1.0,2024-05-16,Thursday
6933,6934,138,19.0,2.0,2024-05-22,Wednesday
6934,6935,204,7.0,7.0,2024-05-05,Sunday
6935,6936,208,9.0,6.0,2024-05-16,Thursday
6936,6937,247,20.0,7.0,2024-05-16,Thursday
6937,6938,198,20.0,9.0,2024-05-26,Sunday
6938,6939,113,5.0,8.0,2024-05-26,Sunday
6940,6941,291,13.0,2.0,2024-05-20,Monday
6941,6942,62,10.0,8.0,2024-05-14,Tuesday
6942,6943,279,10.0,10.0,2024-05-05,Sunday
6943,6944,264,6.0,3.0,2024-05-11,Saturday
6944,6945,44,25.0,1.0,2024-05-03,Friday
6945,6946,87,20.0,4.0,2024-05-15,Wednesday
6946,6947,281,17.0,6.0,2024-05-19,Sunday
6947,6948,29,23.0,4.0,2024-05-16,Thursday
6948,6949,37,3.0,3.0,2024-05-01,Wednesday
6949,6950,120,17.0,6.0,2024-05-23,Thursday
6950,6951,72,19.0,3.0,2024-05-05,Sunday
6951,6952,105,8.0,6.0,2024-05-08,Wednesday
6952,6953,184,3.0,2.0,2024-05-21,Tuesday
6953,6954,255,25.0,8.0,2024-05-27,Monday
6954,6955,225,18.0,8.0,2024-05-18,Saturday
6955,6956,4,21.0,9.0,2024-05-19,Sunday
6956,6957,209,11.0,2.0,2024-05-26,Sunday
6957,6958,139,7.0,1.0,2024-05-01,Wednesday
6958,6959,286,21.0,5.0,2024-05-04,Saturday
6959,6960,73,2.0,3.0,2024-05-03,Friday
6960,6961,266,9.0,4.0,2024-05-04,Saturday
6961,6962,297,23.0,9.0,2024-05-23,Thursday
6962,6963,211,8.0,4.0,2024-05-01,Wednesday
6963,6964,144,19.0,6.0,2024-05-08,Wednesday
6964,6965,50,19.0,3.0,2024-05-01,Wednesday
6965,6966,136,25.0,2.0,2024-05-22,Wednesday
6966,6967,210,6.0,5.0,2024-05-17,Friday
6967,6968,59,21.0,7.0,2024-05-04,Saturday
6968,6969,164,16.0,5.0,2024-05-14,Tuesday
6969,6970,172,20.0,5.0,2024-05-12,Sunday
6970,6971,108,17.0,6.0,2024-05-11,Saturday
6971,6972,61,14.0,5.0,2024-05-14,Tuesday
6972,6973,246,4.0,4.0,2024-05-02,Thursday
6973,6974,31,6.0,10.0,2024-05-17,Friday
6974,6975,175,22.0,2.0,2024-05-17,Friday
6975,6976,28,4.0,5.0,2024-05-25,Saturday
6976,6977,173,21.0,10.0,2024-05-17,Friday
6977,6978,139,2.0,9.0,2024-05-08,Wednesday
6978,6979,42,13.0,8.0,2024-05-05,Sunday
6979,6980,299,6.0,8.0,2024-05-18,Saturday
6980,6981,236,3.0,9.0,2024-05-28,Tuesday
6981,6982,256,22.0,8.0,2024-05-03,Friday
6982,6983,131,16.0,4.0,2024-05-18,Saturday
6983,6984,265,6.0,2.0,2024-05-23,Thursday
6984,6985,160,21.0,2.0,2024-05-08,Wednesday
6985,6986,152,10.0,7.0,2024-05-19,Sunday
6986,6987,289,14.0,4.0,2024-05-25,Saturday
6987,6988,11,3.0,10.0,2024-05-24,Friday
6988,6989,185,1.0,1.0,2024-05-03,Friday
6989,6990,23,7.0,1.0,2024-05-13,Monday
6990,6991,55,13.0,7.0,2024-05-14,Tuesday
6991,6992,70,21.0,1.0,2024-05-05,Sunday
6992,6993,37,17.0,2.0,2024-05-20,Monday
6993,6994,131,9.0,1.0,2024-05-28,Tuesday
6994,6995,237,6.0,2.0,2024-05-14,Tuesday
6995,6996,207,5.0,1.0,2024-05-14,Tuesday
6996,6997,140,19.0,5.0,2024-05-23,Thursday
6997,6998,15,3.0,8.0,2024-05-14,Tuesday
6998,6999,193,8.0,8.0,2024-05-26,Sunday
6999,7000,111,12.0,9.0,2024-05-25,Saturday
7000,7001,157,16.0,1.0,2024-05-23,Thursday
7001,7002,82,14.0,6.0,2024-05-28,Tuesday
7002,7003,220,11.0,7.0,2024-05-11,Saturday
7003,7004,58,3.0,2.0,2024-05-01,Wednesday
7004,7005,10,23.0,6.0,2024-05-07,Tuesday
7005,7006,252,21.0,10.0,2024-05-14,Tuesday
7006,7007,174,5.0,6.0,2024-05-01,Wednesday
7007,7008,122,7.0,6.0,2024-05-21,Tuesday
7008,7009,25,17.0,7.0,2024-05-25,Saturday
7009,7010,98,25.0,1.0,2024-05-05,Sunday
7010,7011,254,18.0,6.0,2024-05-04,Saturday
7011,7012,124,8.0,10.0,2024-05-01,Wednesday
7012,7013,25,8.0,8.0,2024-05-12,Sunday
7013,7014,291,22.0,1.0,2024-05-11,Saturday
7014,7015,76,12.0,8.0,2024-05-24,Friday
7015,7016,167,20.0,1.0,2024-05-24,Friday
7016,7017,201,7.0,7.0,2024-05-20,Monday
7017,7018,265,25.0,4.0,2024-05-09,Thursday
7018,7019,195,5.0,7.0,2024-05-03,Friday
7019,7020,228,22.0,8.0,2024-05-23,Thursday
7020,7021,211,23.0,10.0,2024-05-26,Sunday
7021,7022,51,12.0,5.0,2024-05-15,Wednesday
7022,7023,46,22.0,5.0,2024-05-11,Saturday
7023,7024,242,2.0,6.0,2024-05-16,Thursday
7024,7025,165,14.0,3.0,2024-05-18,Saturday
7025,7026,275,18.0,7.0,2024-05-23,Thursday
7026,7027,116,19.0,2.0,2024-05-15,Wednesday
7027,7028,42,10.0,3.0,2024-05-27,Monday
7028,7029,276,10.0,4.0,2024-05-06,Monday
7029,7030,39,10.0,1.0,2024-05-16,Thursday
7030,7031,101,12.0,8.0,2024-05-14,Tuesday
7031,7032,117,8.0,1.0,2024-05-08,Wednesday
7032,7033,159,13.0,9.0,2024-05-25,Saturday
7033,7034,22,20.0,6.0,2024-05-18,Saturday
7035,7036,293,20.0,9.0,2024-05-09,Thursday
7036,7037,239,1.0,10.0,2024-05-25,Saturday
7037,7038,180,13.0,3.0,2024-05-05,Sunday
7038,7039,18,5.0,9.0,2024-05-28,Tuesday
7039,7040,192,1.0,1.0,2024-05-10,Friday
7040,7041,196,22.0,4.0,2024-05-24,Friday
7041,7042,191,14.0,3.0,2024-05-06,Monday
7042,7043,59,15.0,6.0,2024-05-18,Saturday
7043,7044,165,7.0,8.0,2024-05-21,Tuesday
7044,7045,15,22.0,8.0,2024-05-07,Tuesday
7045,7046,266,20.0,4.0,2024-05-21,Tuesday
7046,7047,188,14.0,8.0,2024-05-13,Monday
7047,7048,105,6.0,5.0,2024-05-17,Friday
7048,7049,288,20.0,9.0,2024-05-16,Thursday
7049,7050,147,14.0,6.0,2024-05-15,Wednesday
7050,7051,154,12.0,2.0,2024-05-09,Thursday
7051,7052,136,13.0,9.0,2024-05-20,Monday
7052,7053,47,13.0,6.0,2024-05-16,Thursday
7053,7054,56,3.0,9.0,2024-05-08,Wednesday
7054,7055,141,10.0,9.0,2024-05-15,Wednesday
7055,7056,101,19.0,8.0,2024-05-01,Wednesday
7056,7057,225,25.0,3.0,2024-05-14,Tuesday
7057,7058,277,17.0,9.0,2024-05-23,Thursday
7058,7059,90,1.0,6.0,2024-05-27,Monday
7059,7060,152,13.0,3.0,2024-05-07,Tuesday
7060,7061,48,18.0,7.0,2024-05-12,Sunday
7061,7062,151,3.0,4.0,2024-05-20,Monday
7062,7063,25,18.0,7.0,2024-05-26,Sunday
7063,7064,224,14.0,1.0,2024-05-01,Wednesday
7064,7065,291,8.0,10.0,2024-05-27,Monday
7065,7066,85,6.0,7.0,2024-05-09,Thursday
7066,7067,192,11.0,3.0,2024-05-20,Monday
7067,7068,232,7.0,6.0,2024-05-05,Sunday
7068,7069,93,6.0,8.0,2024-05-21,Tuesday
7069,7070,74,3.0,5.0,2024-05-24,Friday
7070,7071,227,22.0,6.0,2024-05-15,Wednesday
7071,7072,111,5.0,9.0,2024-05-03,Friday
7072,7073,34,18.0,4.0,2024-05-24,Friday
7074,7075,255,7.0,3.0,2024-05-11,Saturday
7075,7076,219,5.0,8.0,2024-05-15,Wednesday
7076,7077,154,13.0,10.0,2024-05-18,Saturday
7077,7078,32,13.0,7.0,2024-05-10,Friday
7078,7079,28,14.0,3.0,2024-05-13,Monday
7079,7080,273,19.0,10.0,2024-05-09,Thursday
7080,7081,125,3.0,3.0,2024-05-26,Sunday
7081,7082,297,6.0,8.0,2024-05-19,Sunday
7082,7083,48,22.0,2.0,2024-05-25,Saturday
7083,7084,71,21.0,9.0,2024-05-17,Friday
7084,7085,56,23.0,7.0,2024-05-08,Wednesday
7085,7086,276,15.0,8.0,2024-05-02,Thursday
7086,7087,82,24.0,7.0,2024-05-25,Saturday
7087,7088,147,8.0,3.0,2024-05-18,Saturday
7088,7089,113,3.0,1.0,2024-05-05,Sunday
7089,7090,182,9.0,4.0,2024-05-16,Thursday
7090,7091,281,11.0,9.0,2024-05-24,Friday
7091,7092,215,18.0,3.0,2024-05-05,Sunday
7092,7093,77,12.0,6.0,2024-05-17,Friday
7093,7094,106,1.0,8.0,2024-05-05,Sunday
7094,7095,240,1.0,7.0,2024-05-16,Thursday
7095,7096,96,10.0,5.0,2024-05-10,Friday
7096,7097,167,21.0,10.0,2024-05-08,Wednesday
7097,7098,213,17.0,8.0,2024-05-05,Sunday
7098,7099,152,11.0,10.0,2024-05-08,Wednesday
7099,7100,219,17.0,5.0,2024-05-04,Saturday
7100,7101,8,7.0,6.0,2024-05-23,Thursday
7101,7102,96,23.0,8.0,2024-05-16,Thursday
7103,7104,84,17.0,9.0,2024-05-14,Tuesday
7104,7105,158,19.0,8.0,2024-05-27,Monday
7105,7106,2,24.0,2.0,2024-05-21,Tuesday
7106,7107,123,12.0,7.0,2024-05-26,Sunday
7107,7108,38,3.0,2.0,2024-05-16,Thursday
7108,7109,23,1.0,1.0,2024-05-05,Sunday
7109,7110,68,24.0,3.0,2024-05-19,Sunday
7110,7111,26,17.0,10.0,2024-05-13,Monday
7111,7112,8,3.0,5.0,2024-05-09,Thursday
7112,7113,290,20.0,2.0,2024-05-07,Tuesday
7113,7114,215,11.0,1.0,2024-05-21,Tuesday
7114,7115,220,25.0,1.0,2024-05-07,Tuesday
7115,7116,179,2.0,3.0,2024-05-11,Saturday
7116,7117,103,5.0,8.0,2024-05-23,Thursday
7117,7118,141,3.0,7.0,2024-05-25,Saturday
7118,7119,154,13.0,9.0,2024-05-25,Saturday
7119,7120,131,14.0,10.0,2024-05-06,Monday
7120,7121,9,1.0,1.0,2024-05-25,Saturday
7121,7122,98,15.0,9.0,2024-05-01,Wednesday
7122,7123,92,7.0,3.0,2024-05-22,Wednesday
7123,7124,115,16.0,7.0,2024-05-21,Tuesday
7124,7125,108,24.0,4.0,2024-05-11,Saturday
7125,7126,208,12.0,8.0,2024-05-27,Monday
7126,7127,26,2.0,1.0,2024-05-28,Tuesday
7127,7128,196,6.0,5.0,2024-05-20,Monday
7128,7129,155,17.0,10.0,2024-05-13,Monday
7129,7130,200,8.0,2.0,2024-05-12,Sunday
7130,7131,25,21.0,1.0,2024-05-25,Saturday
7131,7132,109,4.0,9.0,2024-05-24,Friday
7132,7133,252,2.0,9.0,2024-05-18,Saturday
7133,7134,54,22.0,4.0,2024-05-17,Friday
7134,7135,153,4.0,9.0,2024-05-08,Wednesday
7135,7136,144,11.0,8.0,2024-05-26,Sunday
7136,7137,128,8.0,8.0,2024-05-14,Tuesday
7137,7138,178,10.0,10.0,2024-05-19,Sunday
7138,7139,274,5.0,7.0,2024-05-15,Wednesday
7139,7140,1,14.0,1.0,2024-05-20,Monday
7140,7141,185,13.0,7.0,2024-05-27,Monday
7141,7142,282,19.0,3.0,2024-05-16,Thursday
7142,7143,113,12.0,9.0,2024-05-16,Thursday
7143,7144,194,7.0,2.0,2024-05-05,Sunday
7144,7145,297,4.0,9.0,2024-05-16,Thursday
7145,7146,222,7.0,5.0,2024-05-26,Sunday
7146,7147,144,22.0,3.0,2024-05-27,Monday
7147,7148,294,22.0,3.0,2024-05-25,Saturday
7148,7149,180,18.0,1.0,2024-05-25,Saturday
7149,7150,126,9.0,5.0,2024-05-28,Tuesday
7150,7151,266,12.0,4.0,2024-05-18,Saturday
7151,7152,96,15.0,3.0,2024-05-26,Sunday
7152,7153,108,10.0,1.0,2024-05-21,Tuesday
7153,7154,257,3.0,9.0,2024-05-03,Friday
7154,7155,49,4.0,1.0,2024-05-02,Thursday
7155,7156,113,14.0,2.0,2024-05-25,Saturday
7157,7158,47,8.0,4.0,2024-05-21,Tuesday
7159,7160,293,6.0,2.0,2024-05-28,Tuesday
7160,7161,77,15.0,8.0,2024-05-08,Wednesday
7161,7162,148,11.0,7.0,2024-05-24,Friday
7162,7163,288,19.0,2.0,2024-05-18,Saturday
7163,7164,204,11.0,10.0,2024-05-02,Thursday
7164,7165,54,10.0,9.0,2024-05-04,Saturday
7165,7166,8,17.0,4.0,2024-05-05,Sunday
7166,7167,217,4.0,10.0,2024-05-25,Saturday
7167,7168,37,5.0,7.0,2024-05-19,Sunday
7168,7169,294,19.0,3.0,2024-05-28,Tuesday
7169,7170,258,21.0,7.0,2024-05-15,Wednesday
7170,7171,276,24.0,7.0,2024-05-15,Wednesday
7171,7172,238,16.0,7.0,2024-05-26,Sunday
7172,7173,21,15.0,6.0,2024-05-17,Friday
7173,7174,128,25.0,8.0,2024-05-19,Sunday
7174,7175,145,23.0,2.0,2024-05-14,Tuesday
7175,7176,173,15.0,1.0,2024-05-18,Saturday
7176,7177,207,1.0,6.0,2024-05-07,Tuesday
7177,7178,2,21.0,6.0,2024-05-18,Saturday
7178,7179,261,17.0,1.0,2024-05-25,Saturday
7179,7180,178,11.0,8.0,2024-05-02,Thursday
7180,7181,256,22.0,1.0,2024-05-24,Friday
7181,7182,6,14.0,3.0,2024-05-03,Friday
7182,7183,157,10.0,10.0,2024-05-10,Friday
7183,7184,280,10.0,9.0,2024-05-04,Saturday
7184,7185,82,10.0,10.0,2024-05-19,Sunday
7185,7186,217,12.0,1.0,2024-05-14,Tuesday
7186,7187,201,15.0,3.0,2024-05-13,Monday
7187,7188,30,3.0,4.0,2024-05-28,Tuesday
7188,7189,32,3.0,10.0,2024-05-15,Wednesday
7189,7190,171,23.0,10.0,2024-05-23,Thursday
7190,7191,41,17.0,10.0,2024-05-01,Wednesday
7191,7192,54,18.0,10.0,2024-05-02,Thursday
7192,7193,56,21.0,2.0,2024-05-16,Thursday
7193,7194,46,9.0,7.0,2024-05-10,Friday
7194,7195,94,8.0,4.0,2024-05-19,Sunday
7195,7196,155,24.0,10.0,2024-05-13,Monday
7196,7197,196,7.0,4.0,2024-05-17,Friday
7197,7198,229,10.0,5.0,2024-05-26,Sunday
7198,7199,33,19.0,2.0,2024-05-09,Thursday
7199,7200,223,20.0,7.0,2024-05-22,Wednesday
7200,7201,51,7.0,5.0,2024-05-05,Sunday
7201,7202,281,14.0,5.0,2024-05-27,Monday
7202,7203,13,19.0,1.0,2024-05-12,Sunday
7203,7204,267,9.0,1.0,2024-05-07,Tuesday
7204,7205,132,21.0,7.0,2024-05-07,Tuesday
7205,7206,26,2.0,5.0,2024-05-28,Tuesday
7206,7207,144,25.0,4.0,2024-05-16,Thursday
7207,7208,288,4.0,10.0,2024-05-12,Sunday
7208,7209,49,13.0,4.0,2024-05-05,Sunday
7209,7210,201,5.0,6.0,2024-05-28,Tuesday
7210,7211,62,4.0,10.0,2024-05-19,Sunday
7211,7212,109,1.0,1.0,2024-05-25,Saturday
7212,7213,88,9.0,6.0,2024-05-03,Friday
7213,7214,294,14.0,1.0,2024-05-04,Saturday
7214,7215,77,8.0,4.0,2024-05-19,Sunday
7215,7216,186,7.0,2.0,2024-05-14,Tuesday
7216,7217,236,24.0,3.0,2024-05-23,Thursday
7217,7218,140,23.0,1.0,2024-05-26,Sunday
7218,7219,220,18.0,3.0,2024-05-06,Monday
7219,7220,149,10.0,7.0,2024-05-04,Saturday
7220,7221,250,1.0,4.0,2024-05-10,Friday
7221,7222,225,8.0,3.0,2024-05-05,Sunday
7222,7223,222,7.0,8.0,2024-05-07,Tuesday
7223,7224,82,11.0,5.0,2024-05-05,Sunday
7225,7226,227,14.0,5.0,2024-05-01,Wednesday
7226,7227,18,13.0,6.0,2024-05-06,Monday
7227,7228,138,10.0,5.0,2024-05-09,Thursday
7228,7229,189,11.0,1.0,2024-05-20,Monday
7229,7230,136,16.0,3.0,2024-05-24,Friday
7230,7231,220,14.0,3.0,2024-05-04,Saturday
7231,7232,96,1.0,5.0,2024-05-15,Wednesday
7232,7233,147,18.0,8.0,2024-05-19,Sunday
7233,7234,179,6.0,9.0,2024-05-22,Wednesday
7234,7235,218,18.0,3.0,2024-05-18,Saturday
7235,7236,11,24.0,8.0,2024-05-20,Monday
7236,7237,88,2.0,10.0,2024-05-21,Tuesday
7237,7238,141,25.0,3.0,2024-05-09,Thursday
7238,7239,26,24.0,3.0,2024-05-05,Sunday
7239,7240,6,6.0,6.0,2024-05-22,Wednesday
7240,7241,288,5.0,6.0,2024-05-26,Sunday
7241,7242,270,8.0,6.0,2024-05-24,Friday
7242,7243,87,14.0,1.0,2024-05-10,Friday
7243,7244,3,21.0,8.0,2024-05-08,Wednesday
7244,7245,252,4.0,6.0,2024-05-11,Saturday
7245,7246,260,17.0,9.0,2024-05-19,Sunday
7246,7247,278,11.0,2.0,2024-05-06,Monday
7247,7248,214,13.0,1.0,2024-05-20,Monday
7248,7249,149,19.0,5.0,2024-05-15,Wednesday
7249,7250,32,8.0,7.0,2024-05-24,Friday
7250,7251,177,20.0,1.0,2024-05-20,Monday
7251,7252,267,23.0,4.0,2024-05-05,Sunday
7252,7253,227,18.0,7.0,2024-05-10,Friday
7253,7254,95,24.0,10.0,2024-05-22,Wednesday
7254,7255,166,16.0,2.0,2024-05-22,Wednesday
7255,7256,23,15.0,2.0,2024-05-21,Tuesday
7256,7257,119,12.0,4.0,2024-05-12,Sunday
7257,7258,241,6.0,4.0,2024-05-25,Saturday
7258,7259,273,24.0,9.0,2024-05-08,Wednesday
7259,7260,140,22.0,4.0,2024-05-04,Saturday
7260,7261,60,4.0,9.0,2024-05-11,Saturday
7261,7262,59,20.0,3.0,2024-05-22,Wednesday
7262,7263,106,8.0,7.0,2024-05-18,Saturday
7263,7264,112,15.0,5.0,2024-05-01,Wednesday
7265,7266,139,8.0,3.0,2024-05-19,Sunday
7266,7267,264,20.0,9.0,2024-05-17,Friday
7267,7268,167,3.0,8.0,2024-05-28,Tuesday
7268,7269,21,21.0,4.0,2024-05-09,Thursday
7269,7270,15,10.0,10.0,2024-05-20,Monday
7270,7271,3,14.0,10.0,2024-05-03,Friday
7271,7272,97,7.0,2.0,2024-05-25,Saturday
7272,7273,148,1.0,4.0,2024-05-01,Wednesday
7273,7274,291,1.0,7.0,2024-05-02,Thursday
7274,7275,295,4.0,8.0,2024-05-01,Wednesday
7275,7276,84,1.0,9.0,2024-05-16,Thursday
7276,7277,183,23.0,9.0,2024-05-17,Friday
7277,7278,223,13.0,6.0,2024-05-08,Wednesday
7278,7279,262,4.0,3.0,2024-05-18,Saturday
7279,7280,241,21.0,9.0,2024-05-23,Thursday
7280,7281,31,3.0,10.0,2024-05-07,Tuesday
7281,7282,269,4.0,8.0,2024-05-23,Thursday
7282,7283,272,18.0,2.0,2024-05-27,Monday
7283,7284,226,15.0,7.0,2024-05-04,Saturday
7284,7285,258,9.0,5.0,2024-05-14,Tuesday
7285,7286,10,2.0,5.0,2024-05-26,Sunday
7286,7287,211,11.0,8.0,2024-05-10,Friday
7287,7288,226,19.0,6.0,2024-05-09,Thursday
7288,7289,10,3.0,5.0,2024-05-01,Wednesday
7289,7290,154,10.0,10.0,2024-05-12,Sunday
7290,7291,179,8.0,9.0,2024-05-27,Monday
7291,7292,112,19.0,1.0,2024-05-24,Friday
7292,7293,78,9.0,5.0,2024-05-08,Wednesday
7294,7295,68,9.0,6.0,2024-05-15,Wednesday
7295,7296,168,2.0,10.0,2024-05-28,Tuesday
7296,7297,75,15.0,2.0,2024-05-06,Monday
7298,7299,89,14.0,6.0,2024-05-07,Tuesday
7299,7300,51,7.0,6.0,2024-05-05,Sunday
7300,7301,3,3.0,9.0,2024-05-25,Saturday
7301,7302,30,2.0,3.0,2024-05-08,Wednesday
7302,7303,205,16.0,5.0,2024-05-18,Saturday
7303,7304,191,8.0,4.0,2024-05-13,Monday
7304,7305,166,14.0,3.0,2024-05-18,Saturday
7305,7306,55,25.0,9.0,2024-05-28,Tuesday
7306,7307,289,5.0,2.0,2024-05-28,Tuesday
7307,7308,187,17.0,8.0,2024-05-07,Tuesday
7308,7309,25,7.0,3.0,2024-05-18,Saturday
7309,7310,239,1.0,2.0,2024-05-03,Friday
7310,7311,172,11.0,8.0,2024-05-22,Wednesday
7311,7312,189,4.0,3.0,2024-05-23,Thursday
7312,7313,40,16.0,10.0,2024-05-10,Friday
7313,7314,176,21.0,6.0,2024-05-24,Friday
7314,7315,193,5.0,6.0,2024-05-04,Saturday
7315,7316,70,2.0,4.0,2024-05-16,Thursday
7316,7317,228,11.0,7.0,2024-05-20,Monday
7317,7318,3,2.0,3.0,2024-05-05,Sunday
7318,7319,47,13.0,7.0,2024-05-22,Wednesday
7319,7320,183,3.0,10.0,2024-05-24,Friday
7320,7321,36,11.0,3.0,2024-05-15,Wednesday
7321,7322,297,7.0,1.0,2024-05-21,Tuesday
7322,7323,60,24.0,2.0,2024-05-23,Thursday
7323,7324,21,3.0,1.0,2024-05-22,Wednesday
7324,7325,25,11.0,3.0,2024-05-19,Sunday
7325,7326,214,18.0,7.0,2024-05-07,Tuesday
7326,7327,108,16.0,3.0,2024-05-25,Saturday
7328,7329,279,18.0,1.0,2024-05-20,Monday
7329,7330,183,15.0,8.0,2024-05-07,Tuesday
7330,7331,85,18.0,10.0,2024-05-25,Saturday
7331,7332,152,11.0,4.0,2024-05-23,Thursday
7332,7333,34,3.0,7.0,2024-05-22,Wednesday
7333,7334,62,18.0,3.0,2024-05-23,Thursday
7334,7335,294,10.0,5.0,2024-05-26,Sunday
7335,7336,182,22.0,7.0,2024-05-24,Friday
7336,7337,42,23.0,5.0,2024-05-15,Wednesday
7337,7338,48,9.0,3.0,2024-05-03,Friday
7338,7339,44,9.0,4.0,2024-05-13,Monday
7339,7340,60,25.0,3.0,2024-05-11,Saturday
7340,7341,76,11.0,10.0,2024-05-15,Wednesday
7341,7342,212,15.0,8.0,2024-05-02,Thursday
7342,7343,236,18.0,1.0,2024-05-24,Friday
7343,7344,203,6.0,1.0,2024-05-07,Tuesday
7344,7345,45,25.0,10.0,2024-05-06,Monday
7345,7346,43,17.0,4.0,2024-05-01,Wednesday
7346,7347,156,18.0,6.0,2024-05-13,Monday
7347,7348,45,9.0,7.0,2024-05-11,Saturday
7348,7349,209,6.0,2.0,2024-05-25,Saturday
7349,7350,237,23.0,3.0,2024-05-27,Monday
7350,7351,138,12.0,7.0,2024-05-03,Friday
7351,7352,232,11.0,4.0,2024-05-09,Thursday
7352,7353,279,9.0,6.0,2024-05-01,Wednesday
7353,7354,72,3.0,10.0,2024-05-21,Tuesday
7354,7355,52,7.0,2.0,2024-05-12,Sunday
7355,7356,284,19.0,9.0,2024-05-19,Sunday
7356,7357,95,5.0,1.0,2024-05-10,Friday
7357,7358,219,14.0,10.0,2024-05-27,Monday
7358,7359,104,23.0,9.0,2024-05-23,Thursday
7359,7360,10,22.0,1.0,2024-05-16,Thursday
7360,7361,151,19.0,7.0,2024-05-20,Monday
7361,7362,60,5.0,2.0,2024-05-07,Tuesday
7362,7363,114,9.0,4.0,2024-05-14,Tuesday
7363,7364,219,16.0,6.0,2024-05-01,Wednesday
7364,7365,264,6.0,3.0,2024-05-09,Thursday
7365,7366,253,6.0,1.0,2024-05-11,Saturday
7366,7367,204,24.0,9.0,2024-05-12,Sunday
7367,7368,146,12.0,1.0,2024-05-07,Tuesday
7368,7369,82,5.0,9.0,2024-05-19,Sunday
7369,7370,77,24.0,9.0,2024-05-23,Thursday
7370,7371,259,19.0,9.0,2024-05-21,Tuesday
7371,7372,93,17.0,6.0,2024-05-07,Tuesday
7372,7373,90,22.0,4.0,2024-05-09,Thursday
7373,7374,222,8.0,8.0,2024-05-16,Thursday
7374,7375,15,2.0,6.0,2024-05-10,Friday
7375,7376,227,19.0,10.0,2024-05-15,Wednesday
7376,7377,43,2.0,5.0,2024-05-12,Sunday
7377,7378,184,9.0,3.0,2024-05-25,Saturday
7378,7379,23,10.0,2.0,2024-05-04,Saturday
7379,7380,266,15.0,8.0,2024-05-28,Tuesday
7380,7381,206,20.0,10.0,2024-05-04,Saturday
7381,7382,299,2.0,2.0,2024-05-22,Wednesday
7382,7383,245,13.0,4.0,2024-05-23,Thursday
7383,7384,242,25.0,10.0,2024-05-11,Saturday
7384,7385,96,25.0,9.0,2024-05-13,Monday
7385,7386,143,4.0,7.0,2024-05-09,Thursday
7386,7387,226,18.0,6.0,2024-05-15,Wednesday
7387,7388,204,3.0,2.0,2024-05-17,Friday
7388,7389,71,10.0,2.0,2024-05-17,Friday
7389,7390,84,11.0,7.0,2024-05-24,Friday
7390,7391,6,4.0,2.0,2024-05-26,Sunday
7391,7392,61,9.0,10.0,2024-05-03,Friday
7392,7393,67,2.0,2.0,2024-05-15,Wednesday
7393,7394,161,22.0,8.0,2024-05-19,Sunday
7394,7395,67,7.0,9.0,2024-05-06,Monday
7395,7396,276,5.0,5.0,2024-05-01,Wednesday
7396,7397,256,2.0,10.0,2024-05-26,Sunday
7397,7398,99,14.0,5.0,2024-05-22,Wednesday
7398,7399,89,13.0,10.0,2024-05-27,Monday
7399,7400,208,14.0,10.0,2024-05-01,Wednesday
7400,7401,293,15.0,3.0,2024-05-08,Wednesday
7401,7402,268,21.0,8.0,2024-05-14,Tuesday
7402,7403,155,25.0,5.0,2024-05-12,Sunday
7403,7404,89,19.0,1.0,2024-05-24,Friday
7404,7405,257,2.0,3.0,2024-05-05,Sunday
7405,7406,68,22.0,7.0,2024-05-09,Thursday
7406,7407,151,15.0,10.0,2024-05-11,Saturday
7407,7408,252,21.0,10.0,2024-05-01,Wednesday
7408,7409,277,25.0,3.0,2024-05-01,Wednesday
7409,7410,89,20.0,8.0,2024-05-16,Thursday
7410,7411,138,14.0,6.0,2024-05-20,Monday
7411,7412,88,4.0,3.0,2024-05-20,Monday
7412,7413,164,18.0,4.0,2024-05-23,Thursday
7413,7414,254,5.0,4.0,2024-05-03,Friday
7414,7415,30,17.0,4.0,2024-05-22,Wednesday
7415,7416,300,21.0,10.0,2024-05-06,Monday
7416,7417,99,5.0,3.0,2024-05-14,Tuesday
7417,7418,62,20.0,10.0,2024-05-17,Friday
7418,7419,205,7.0,3.0,2024-05-08,Wednesday
7419,7420,163,23.0,3.0,2024-05-22,Wednesday
7420,7421,229,5.0,3.0,2024-05-28,Tuesday
7421,7422,253,9.0,5.0,2024-05-11,Saturday
7422,7423,103,2.0,4.0,2024-05-26,Sunday
7423,7424,109,15.0,5.0,2024-05-02,Thursday
7424,7425,27,13.0,1.0,2024-05-08,Wednesday
7425,7426,233,16.0,4.0,2024-05-13,Monday
7426,7427,260,12.0,10.0,2024-05-03,Friday
7427,7428,163,15.0,4.0,2024-05-08,Wednesday
7428,7429,20,6.0,4.0,2024-05-24,Friday
7429,7430,29,11.0,7.0,2024-05-27,Monday
7430,7431,87,15.0,9.0,2024-05-02,Thursday
7431,7432,80,9.0,9.0,2024-05-20,Monday
7432,7433,69,25.0,8.0,2024-05-15,Wednesday
7433,7434,229,5.0,1.0,2024-05-23,Thursday
7434,7435,58,15.0,6.0,2024-05-13,Monday
7435,7436,246,8.0,6.0,2024-05-15,Wednesday
7436,7437,134,23.0,10.0,2024-05-19,Sunday
7437,7438,252,4.0,7.0,2024-05-27,Monday
7438,7439,121,1.0,3.0,2024-05-19,Sunday
7439,7440,1,1.0,9.0,2024-05-18,Saturday
7440,7441,164,23.0,6.0,2024-05-26,Sunday
7441,7442,29,25.0,4.0,2024-05-01,Wednesday
7442,7443,106,4.0,4.0,2024-05-05,Sunday
7443,7444,15,25.0,5.0,2024-05-28,Tuesday
7444,7445,56,25.0,10.0,2024-05-19,Sunday
7445,7446,117,5.0,3.0,2024-05-27,Monday
7446,7447,74,17.0,4.0,2024-05-19,Sunday
7447,7448,296,4.0,1.0,2024-05-14,Tuesday
7448,7449,101,2.0,4.0,2024-05-19,Sunday
7449,7450,132,18.0,7.0,2024-05-13,Monday
7450,7451,209,9.0,5.0,2024-05-04,Saturday
7451,7452,55,11.0,5.0,2024-05-06,Monday
7452,7453,118,1.0,2.0,2024-05-17,Friday
7453,7454,155,6.0,4.0,2024-05-24,Friday
7454,7455,93,16.0,6.0,2024-05-27,Monday
7455,7456,76,8.0,2.0,2024-05-08,Wednesday
7456,7457,197,8.0,9.0,2024-05-25,Saturday
7457,7458,68,15.0,8.0,2024-05-17,Friday
7458,7459,181,7.0,5.0,2024-05-11,Saturday
7459,7460,32,20.0,7.0,2024-05-23,Thursday
7460,7461,259,16.0,2.0,2024-05-13,Monday
7461,7462,290,3.0,8.0,2024-05-25,Saturday
7463,7464,7,1.0,1.0,2024-05-18,Saturday
7464,7465,266,6.0,7.0,2024-05-03,Friday
7465,7466,25,7.0,3.0,2024-05-17,Friday
7466,7467,77,6.0,8.0,2024-05-10,Friday
7467,7468,180,24.0,5.0,2024-05-06,Monday
7468,7469,90,10.0,5.0,2024-05-24,Friday
7469,7470,39,15.0,5.0,2024-05-18,Saturday
7471,7472,220,20.0,9.0,2024-05-13,Monday
7472,7473,163,24.0,10.0,2024-05-07,Tuesday
7473,7474,266,25.0,8.0,2024-05-06,Monday
7474,7475,43,6.0,7.0,2024-05-23,Thursday
7475,7476,223,16.0,2.0,2024-05-13,Monday
7476,7477,53,20.0,4.0,2024-05-26,Sunday
7477,7478,148,10.0,4.0,2024-05-18,Saturday
7478,7479,131,1.0,2.0,2024-05-23,Thursday
7479,7480,126,6.0,1.0,2024-05-06,Monday
7480,7481,79,10.0,8.0,2024-05-14,Tuesday
7481,7482,239,17.0,4.0,2024-05-16,Thursday
7482,7483,26,20.0,10.0,2024-05-12,Sunday
7483,7484,274,9.0,9.0,2024-05-04,Saturday
7484,7485,254,19.0,10.0,2024-05-18,Saturday
7485,7486,79,1.0,9.0,2024-05-20,Monday
7486,7487,263,11.0,2.0,2024-05-12,Sunday
7487,7488,178,21.0,10.0,2024-05-02,Thursday
7488,7489,237,12.0,3.0,2024-05-20,Monday
7489,7490,174,16.0,6.0,2024-05-11,Saturday
7490,7491,61,22.0,3.0,2024-05-16,Thursday
7491,7492,147,22.0,10.0,2024-05-21,Tuesday
7492,7493,7,15.0,10.0,2024-05-09,Thursday
7493,7494,226,5.0,4.0,2024-05-16,Thursday
7494,7495,228,11.0,2.0,2024-05-13,Monday
7495,7496,248,20.0,5.0,2024-05-27,Monday
7496,7497,107,15.0,3.0,2024-05-04,Saturday
7497,7498,8,7.0,7.0,2024-05-25,Saturday
7498,7499,94,20.0,2.0,2024-05-13,Monday
7499,7500,167,24.0,9.0,2024-05-21,Tuesday
7500,7501,65,18.0,4.0,2024-05-02,Thursday
7501,7502,120,12.0,2.0,2024-05-10,Friday
7502,7503,208,7.0,7.0,2024-05-24,Friday
7503,7504,276,9.0,7.0,2024-05-22,Wednesday
7504,7505,118,11.0,2.0,2024-05-03,Friday
7505,7506,34,2.0,9.0,2024-05-13,Monday
7506,7507,129,15.0,10.0,2024-05-06,Monday
7507,7508,275,23.0,10.0,2024-05-11,Saturday
7508,7509,243,19.0,10.0,2024-05-17,Friday
7509,7510,215,17.0,1.0,2024-05-04,Saturday
7510,7511,260,18.0,8.0,2024-05-16,Thursday
7511,7512,244,21.0,8.0,2024-05-10,Friday
7512,7513,245,22.0,8.0,2024-05-25,Saturday
7513,7514,174,18.0,9.0,2024-05-26,Sunday
7514,7515,119,6.0,8.0,2024-05-03,Friday
7515,7516,187,5.0,8.0,2024-05-21,Tuesday
7516,7517,197,6.0,7.0,2024-05-19,Sunday
7517,7518,189,5.0,8.0,2024-05-01,Wednesday
7518,7519,167,9.0,7.0,2024-05-24,Friday
7519,7520,210,2.0,7.0,2024-05-10,Friday
7520,7521,83,8.0,8.0,2024-05-18,Saturday
7521,7522,116,8.0,2.0,2024-05-05,Sunday
7522,7523,167,19.0,3.0,2024-05-21,Tuesday
7523,7524,202,14.0,7.0,2024-05-20,Monday
7524,7525,45,2.0,10.0,2024-05-18,Saturday
7525,7526,11,7.0,3.0,2024-05-28,Tuesday
7526,7527,261,23.0,9.0,2024-05-10,Friday
7527,7528,298,3.0,7.0,2024-05-16,Thursday
7528,7529,177,1.0,3.0,2024-05-10,Friday
7529,7530,32,25.0,2.0,2024-05-19,Sunday
7530,7531,189,7.0,8.0,2024-05-06,Monday
7531,7532,238,13.0,7.0,2024-05-10,Friday
7532,7533,98,7.0,9.0,2024-05-02,Thursday
7533,7534,23,4.0,8.0,2024-05-10,Friday
7534,7535,114,10.0,9.0,2024-05-04,Saturday
7535,7536,234,18.0,4.0,2024-05-07,Tuesday
7536,7537,116,9.0,10.0,2024-05-27,Monday
7537,7538,16,25.0,4.0,2024-05-04,Saturday
7538,7539,210,23.0,7.0,2024-05-06,Monday
7539,7540,233,22.0,4.0,2024-05-17,Friday
7540,7541,270,10.0,10.0,2024-05-14,Tuesday
7541,7542,183,21.0,1.0,2024-05-20,Monday
7542,7543,42,9.0,10.0,2024-05-11,Saturday
7543,7544,296,12.0,4.0,2024-05-19,Sunday
7544,7545,250,2.0,6.0,2024-05-10,Friday
7545,7546,291,4.0,5.0,2024-05-03,Friday
7546,7547,20,21.0,4.0,2024-05-01,Wednesday
7547,7548,220,1.0,5.0,2024-05-04,Saturday
7548,7549,147,14.0,9.0,2024-05-05,Sunday
7549,7550,270,10.0,9.0,2024-05-12,Sunday
7550,7551,222,23.0,9.0,2024-05-06,Monday
7551,7552,165,9.0,5.0,2024-05-01,Wednesday
7552,7553,255,7.0,10.0,2024-05-23,Thursday
7553,7554,294,2.0,8.0,2024-05-09,Thursday
7554,7555,73,23.0,4.0,2024-05-25,Saturday
7555,7556,97,18.0,10.0,2024-05-11,Saturday
7556,7557,72,2.0,5.0,2024-05-10,Friday
7557,7558,229,13.0,3.0,2024-05-06,Monday
7558,7559,81,15.0,5.0,2024-05-23,Thursday
7559,7560,83,5.0,6.0,2024-05-07,Tuesday
7560,7561,121,24.0,3.0,2024-05-01,Wednesday
7561,7562,211,9.0,7.0,2024-05-01,Wednesday
7562,7563,168,24.0,5.0,2024-05-11,Saturday
7563,7564,300,16.0,2.0,2024-05-04,Saturday
7564,7565,139,7.0,4.0,2024-05-19,Sunday
7565,7566,124,9.0,1.0,2024-05-23,Thursday
7566,7567,271,16.0,7.0,2024-05-13,Monday
7567,7568,156,5.0,3.0,2024-05-15,Wednesday
7568,7569,172,12.0,7.0,2024-05-10,Friday
7569,7570,254,16.0,6.0,2024-05-05,Sunday
7570,7571,209,15.0,5.0,2024-05-06,Monday
7571,7572,218,13.0,1.0,2024-05-06,Monday
7572,7573,141,20.0,9.0,2024-05-06,Monday
7573,7574,114,22.0,6.0,2024-05-20,Monday
7574,7575,26,10.0,10.0,2024-05-07,Tuesday
7575,7576,35,16.0,6.0,2024-05-24,Friday
7576,7577,248,15.0,7.0,2024-05-23,Thursday
7577,7578,275,12.0,9.0,2024-05-14,Tuesday
7578,7579,199,20.0,10.0,2024-05-21,Tuesday
7579,7580,113,21.0,1.0,2024-05-25,Saturday
7580,7581,271,4.0,5.0,2024-05-21,Tuesday
7581,7582,291,17.0,4.0,2024-05-04,Saturday
7582,7583,13,11.0,7.0,2024-05-12,Sunday
7583,7584,50,2.0,8.0,2024-05-21,Tuesday
7584,7585,206,25.0,10.0,2024-05-03,Friday
7585,7586,15,3.0,8.0,2024-05-27,Monday
7586,7587,5,3.0,3.0,2024-05-21,Tuesday
7587,7588,87,21.0,5.0,2024-05-12,Sunday
7588,7589,50,13.0,10.0,2024-05-20,Monday
7589,7590,137,8.0,6.0,2024-05-18,Saturday
7590,7591,35,20.0,5.0,2024-05-24,Friday
7591,7592,68,22.0,4.0,2024-05-02,Thursday
7592,7593,127,5.0,6.0,2024-05-27,Monday
7593,7594,123,2.0,4.0,2024-05-19,Sunday
7594,7595,167,14.0,5.0,2024-05-03,Friday
7595,7596,41,24.0,1.0,2024-05-13,Monday
7596,7597,37,17.0,7.0,2024-05-28,Tuesday
7597,7598,35,19.0,9.0,2024-05-07,Tuesday
7598,7599,155,10.0,6.0,2024-05-04,Saturday
7600,7601,53,8.0,6.0,2024-05-11,Saturday
7601,7602,211,9.0,8.0,2024-05-22,Wednesday
7602,7603,139,7.0,7.0,2024-05-03,Friday
7603,7604,120,25.0,10.0,2024-05-25,Saturday
7604,7605,12,15.0,9.0,2024-05-12,Sunday
7605,7606,169,18.0,5.0,2024-05-15,Wednesday
7606,7607,3,5.0,2.0,2024-05-25,Saturday
7607,7608,172,6.0,8.0,2024-05-24,Friday
7608,7609,139,12.0,2.0,2024-05-13,Monday
7609,7610,74,3.0,1.0,2024-05-07,Tuesday
7610,7611,107,24.0,5.0,2024-05-16,Thursday
7611,7612,266,9.0,3.0,2024-05-12,Sunday
7612,7613,118,15.0,4.0,2024-05-19,Sunday
7613,7614,160,17.0,7.0,2024-05-27,Monday
7614,7615,100,6.0,3.0,2024-05-28,Tuesday
7615,7616,95,6.0,8.0,2024-05-13,Monday
7616,7617,118,17.0,5.0,2024-05-16,Thursday
7617,7618,253,22.0,8.0,2024-05-06,Monday
7618,7619,83,24.0,1.0,2024-05-21,Tuesday
7619,7620,144,5.0,1.0,2024-05-18,Saturday
7620,7621,155,12.0,4.0,2024-05-02,Thursday
7621,7622,211,8.0,9.0,2024-05-19,Sunday
7622,7623,209,11.0,9.0,2024-05-10,Friday
7623,7624,246,18.0,6.0,2024-05-08,Wednesday
7624,7625,151,11.0,6.0,2024-05-13,Monday
7625,7626,162,19.0,5.0,2024-05-07,Tuesday
7626,7627,269,22.0,7.0,2024-05-13,Monday
7627,7628,95,17.0,1.0,2024-05-09,Thursday
7628,7629,89,10.0,10.0,2024-05-25,Saturday
7629,7630,294,4.0,2.0,2024-05-09,Thursday
7630,7631,220,12.0,5.0,2024-05-04,Saturday
7631,7632,218,16.0,5.0,2024-05-15,Wednesday
7632,7633,52,7.0,9.0,2024-05-14,Tuesday
7633,7634,114,10.0,10.0,2024-05-04,Saturday
7634,7635,80,23.0,4.0,2024-05-10,Friday
7635,7636,291,14.0,8.0,2024-05-12,Sunday
7636,7637,86,9.0,10.0,2024-05-08,Wednesday
7637,7638,50,10.0,7.0,2024-05-13,Monday
7638,7639,105,17.0,10.0,2024-05-28,Tuesday
7639,7640,115,16.0,4.0,2024-05-22,Wednesday
7640,7641,116,3.0,2.0,2024-05-17,Friday
7641,7642,135,25.0,8.0,2024-05-17,Friday
7642,7643,2,15.0,2.0,2024-05-13,Monday
7643,7644,59,22.0,9.0,2024-05-20,Monday
7644,7645,43,17.0,8.0,2024-05-11,Saturday
7645,7646,237,9.0,1.0,2024-05-19,Sunday
7646,7647,300,19.0,5.0,2024-05-18,Saturday
7647,7648,63,4.0,8.0,2024-05-10,Friday
7648,7649,159,1.0,5.0,2024-05-27,Monday
7649,7650,257,19.0,4.0,2024-05-04,Saturday
7650,7651,121,12.0,8.0,2024-05-03,Friday
7651,7652,19,1.0,5.0,2024-05-06,Monday
7652,7653,62,5.0,9.0,2024-05-21,Tuesday
7653,7654,235,6.0,7.0,2024-05-21,Tuesday
7654,7655,5,18.0,7.0,2024-05-09,Thursday
7655,7656,297,12.0,8.0,2024-05-11,Saturday
7656,7657,199,9.0,3.0,2024-05-08,Wednesday
7657,7658,257,9.0,9.0,2024-05-20,Monday
7658,7659,215,10.0,9.0,2024-05-06,Monday
7659,7660,292,13.0,1.0,2024-05-07,Tuesday
7660,7661,201,5.0,8.0,2024-05-13,Monday
7661,7662,108,13.0,2.0,2024-05-17,Friday
7662,7663,30,23.0,6.0,2024-05-14,Tuesday
7663,7664,144,16.0,6.0,2024-05-02,Thursday
7664,7665,221,9.0,7.0,2024-05-20,Monday
7665,7666,263,21.0,6.0,2024-05-14,Tuesday
7666,7667,284,25.0,7.0,2024-05-17,Friday
7667,7668,71,10.0,10.0,2024-05-07,Tuesday
7668,7669,201,3.0,10.0,2024-05-13,Monday
7669,7670,278,23.0,7.0,2024-05-24,Friday
7670,7671,147,5.0,4.0,2024-05-15,Wednesday
7671,7672,112,15.0,2.0,2024-05-11,Saturday
7672,7673,234,10.0,7.0,2024-05-02,Thursday
7673,7674,155,11.0,7.0,2024-05-23,Thursday
7674,7675,201,7.0,9.0,2024-05-20,Monday
7675,7676,72,6.0,4.0,2024-05-25,Saturday
7676,7677,252,20.0,10.0,2024-05-01,Wednesday
7677,7678,289,23.0,4.0,2024-05-25,Saturday
7678,7679,172,25.0,8.0,2024-05-24,Friday
7679,7680,242,23.0,6.0,2024-05-20,Monday
7680,7681,67,20.0,3.0,2024-05-07,Tuesday
7681,7682,165,16.0,5.0,2024-05-11,Saturday
7682,7683,242,23.0,5.0,2024-05-03,Friday
7683,7684,276,5.0,4.0,2024-05-14,Tuesday
7684,7685,280,5.0,7.0,2024-05-18,Saturday
7685,7686,10,23.0,4.0,2024-05-27,Monday
7686,7687,234,24.0,4.0,2024-05-10,Friday
7687,7688,256,22.0,7.0,2024-05-12,Sunday
7688,7689,164,18.0,2.0,2024-05-01,Wednesday
7689,7690,148,22.0,3.0,2024-05-19,Sunday
7690,7691,33,24.0,10.0,2024-05-23,Thursday
7691,7692,268,19.0,4.0,2024-05-03,Friday
7692,7693,287,20.0,9.0,2024-05-16,Thursday
7693,7694,73,21.0,8.0,2024-05-17,Friday
7695,7696,129,5.0,6.0,2024-05-09,Thursday
7696,7697,254,17.0,6.0,2024-05-16,Thursday
7697,7698,111,19.0,3.0,2024-05-03,Friday
7698,7699,225,3.0,10.0,2024-05-21,Tuesday
7699,7700,296,23.0,3.0,2024-05-10,Friday
7700,7701,79,10.0,3.0,2024-05-22,Wednesday
7701,7702,193,25.0,3.0,2024-05-10,Friday
7702,7703,240,15.0,7.0,2024-05-20,Monday
7703,7704,219,21.0,9.0,2024-05-14,Tuesday
7704,7705,155,6.0,10.0,2024-05-18,Saturday
7705,7706,48,23.0,5.0,2024-05-17,Friday
7706,7707,92,7.0,1.0,2024-05-16,Thursday
7707,7708,167,4.0,6.0,2024-05-27,Monday
7708,7709,22,10.0,10.0,2024-05-27,Monday
7709,7710,13,12.0,1.0,2024-05-19,Sunday
7710,7711,45,16.0,1.0,2024-05-02,Thursday
7711,7712,12,17.0,8.0,2024-05-11,Saturday
7712,7713,83,6.0,9.0,2024-05-08,Wednesday
7713,7714,283,21.0,1.0,2024-05-03,Friday
7714,7715,245,1.0,1.0,2024-05-11,Saturday
7715,7716,13,14.0,3.0,2024-05-24,Friday
7716,7717,243,2.0,9.0,2024-05-17,Friday
7717,7718,202,2.0,5.0,2024-05-08,Wednesday
7718,7719,156,19.0,2.0,2024-05-17,Friday
7719,7720,178,22.0,6.0,2024-05-14,Tuesday
7720,7721,101,8.0,1.0,2024-05-02,Thursday
7721,7722,174,18.0,2.0,2024-05-17,Friday
7722,7723,2,14.0,3.0,2024-05-27,Monday
7723,7724,142,20.0,2.0,2024-05-25,Saturday
7724,7725,101,8.0,4.0,2024-05-27,Monday
7725,7726,272,13.0,6.0,2024-05-11,Saturday
7726,7727,81,5.0,1.0,2024-05-07,Tuesday
7727,7728,254,22.0,10.0,2024-05-20,Monday
7728,7729,95,25.0,5.0,2024-05-07,Tuesday
7729,7730,51,9.0,7.0,2024-05-04,Saturday
7730,7731,233,19.0,9.0,2024-05-01,Wednesday
7731,7732,39,22.0,7.0,2024-05-01,Wednesday
7732,7733,113,25.0,2.0,2024-05-08,Wednesday
7733,7734,290,14.0,4.0,2024-05-08,Wednesday
7734,7735,238,11.0,4.0,2024-05-05,Sunday
7735,7736,280,13.0,2.0,2024-05-06,Monday
7736,7737,25,2.0,3.0,2024-05-27,Monday
7737,7738,43,18.0,4.0,2024-05-06,Monday
7738,7739,137,1.0,9.0,2024-05-21,Tuesday
7739,7740,134,5.0,4.0,2024-05-22,Wednesday
7740,7741,82,14.0,5.0,2024-05-19,Sunday
7741,7742,262,10.0,2.0,2024-05-23,Thursday
7742,7743,240,21.0,10.0,2024-05-20,Monday
7744,7745,239,1.0,5.0,2024-05-07,Tuesday
7745,7746,149,8.0,5.0,2024-05-12,Sunday
7746,7747,262,5.0,7.0,2024-05-08,Wednesday
7747,7748,106,4.0,5.0,2024-05-20,Monday
7748,7749,11,2.0,9.0,2024-05-01,Wednesday
7749,7750,60,21.0,5.0,2024-05-19,Sunday
7750,7751,87,3.0,7.0,2024-05-10,Friday
7751,7752,120,2.0,6.0,2024-05-25,Saturday
7752,7753,173,12.0,1.0,2024-05-08,Wednesday
7753,7754,274,18.0,2.0,2024-05-15,Wednesday
7754,7755,168,22.0,9.0,2024-05-16,Thursday
7755,7756,74,16.0,2.0,2024-05-11,Saturday
7756,7757,223,17.0,7.0,2024-05-23,Thursday
7757,7758,228,6.0,1.0,2024-05-07,Tuesday
7758,7759,65,16.0,1.0,2024-05-05,Sunday
7759,7760,15,6.0,7.0,2024-05-20,Monday
7760,7761,26,6.0,4.0,2024-05-01,Wednesday
7761,7762,144,24.0,9.0,2024-05-24,Friday
7762,7763,121,22.0,9.0,2024-05-08,Wednesday
7763,7764,137,19.0,1.0,2024-05-09,Thursday
7764,7765,34,24.0,4.0,2024-05-25,Saturday
7765,7766,77,3.0,5.0,2024-05-07,Tuesday
7766,7767,127,16.0,1.0,2024-05-11,Saturday
7767,7768,201,7.0,5.0,2024-05-09,Thursday
7768,7769,181,15.0,8.0,2024-05-02,Thursday
7769,7770,290,5.0,3.0,2024-05-07,Tuesday
7770,7771,185,5.0,9.0,2024-05-21,Tuesday
7771,7772,263,25.0,3.0,2024-05-11,Saturday
7772,7773,211,12.0,10.0,2024-05-12,Sunday
7773,7774,220,7.0,4.0,2024-05-08,Wednesday
7774,7775,104,12.0,4.0,2024-05-10,Friday
7775,7776,31,21.0,1.0,2024-05-07,Tuesday
7776,7777,277,13.0,4.0,2024-05-06,Monday
7777,7778,255,10.0,8.0,2024-05-07,Tuesday
7778,7779,167,5.0,2.0,2024-05-10,Friday
7779,7780,260,19.0,8.0,2024-05-20,Monday
7780,7781,300,7.0,5.0,2024-05-23,Thursday
7781,7782,101,12.0,4.0,2024-05-11,Saturday
7782,7783,54,24.0,6.0,2024-05-14,Tuesday
7783,7784,42,17.0,9.0,2024-05-06,Monday
7784,7785,32,3.0,4.0,2024-05-14,Tuesday
7785,7786,73,4.0,8.0,2024-05-12,Sunday
7786,7787,153,9.0,8.0,2024-05-25,Saturday
7787,7788,115,15.0,7.0,2024-05-20,Monday
7788,7789,236,13.0,3.0,2024-05-19,Sunday
7789,7790,206,8.0,1.0,2024-05-17,Friday
7790,7791,111,21.0,9.0,2024-05-17,Friday
7791,7792,187,14.0,4.0,2024-05-17,Friday
7792,7793,53,24.0,7.0,2024-05-28,Tuesday
7793,7794,113,11.0,2.0,2024-05-22,Wednesday
7794,7795,237,7.0,5.0,2024-05-17,Friday
7795,7796,19,20.0,5.0,2024-05-15,Wednesday
7796,7797,84,19.0,4.0,2024-05-28,Tuesday
7797,7798,211,5.0,10.0,2024-05-19,Sunday
7798,7799,202,18.0,7.0,2024-05-14,Tuesday
7799,7800,219,8.0,10.0,2024-05-12,Sunday
7800,7801,6,1.0,8.0,2024-05-01,Wednesday
7801,7802,101,17.0,4.0,2024-05-04,Saturday
7803,7804,255,16.0,10.0,2024-05-18,Saturday
7804,7805,265,6.0,6.0,2024-05-14,Tuesday
7805,7806,283,21.0,1.0,2024-05-01,Wednesday
7806,7807,92,22.0,5.0,2024-05-03,Friday
7807,7808,48,16.0,6.0,2024-05-06,Monday
7808,7809,255,2.0,5.0,2024-05-17,Friday
7809,7810,90,7.0,9.0,2024-05-23,Thursday
7810,7811,40,15.0,7.0,2024-05-12,Sunday
7811,7812,152,6.0,8.0,2024-05-18,Saturday
7812,7813,234,1.0,6.0,2024-05-25,Saturday
7813,7814,199,23.0,6.0,2024-05-14,Tuesday
7814,7815,129,16.0,2.0,2024-05-03,Friday
7815,7816,23,16.0,4.0,2024-05-02,Thursday
7816,7817,41,15.0,10.0,2024-05-22,Wednesday
7817,7818,92,6.0,1.0,2024-05-23,Thursday
7818,7819,67,7.0,9.0,2024-05-11,Saturday
7819,7820,160,4.0,3.0,2024-05-21,Tuesday
7820,7821,56,5.0,1.0,2024-05-27,Monday
7821,7822,130,4.0,2.0,2024-05-13,Monday
7822,7823,169,23.0,6.0,2024-05-11,Saturday
7823,7824,113,14.0,5.0,2024-05-01,Wednesday
7824,7825,91,14.0,3.0,2024-05-16,Thursday
7825,7826,79,2.0,4.0,2024-05-23,Thursday
7826,7827,52,10.0,4.0,2024-05-12,Sunday
7827,7828,149,15.0,1.0,2024-05-01,Wednesday
7828,7829,281,4.0,9.0,2024-05-27,Monday
7829,7830,156,19.0,1.0,2024-05-08,Wednesday
7830,7831,277,20.0,1.0,2024-05-18,Saturday
7831,7832,161,18.0,1.0,2024-05-21,Tuesday
7832,7833,248,20.0,1.0,2024-05-18,Saturday
7833,7834,260,23.0,10.0,2024-05-09,Thursday
7834,7835,296,15.0,1.0,2024-05-15,Wednesday
7836,7837,100,6.0,7.0,2024-05-20,Monday
7837,7838,64,1.0,5.0,2024-05-27,Monday
7838,7839,283,13.0,6.0,2024-05-23,Thursday
7839,7840,288,16.0,9.0,2024-05-28,Tuesday
7840,7841,146,15.0,5.0,2024-05-16,Thursday
7841,7842,44,23.0,5.0,2024-05-03,Friday
7842,7843,45,6.0,5.0,2024-05-19,Sunday
7843,7844,130,16.0,7.0,2024-05-02,Thursday
7844,7845,105,23.0,1.0,2024-05-13,Monday
7845,7846,230,5.0,8.0,2024-05-19,Sunday
7846,7847,169,9.0,2.0,2024-05-13,Monday
7847,7848,53,11.0,1.0,2024-05-21,Tuesday
7848,7849,259,7.0,1.0,2024-05-25,Saturday
7849,7850,16,9.0,6.0,2024-05-21,Tuesday
7850,7851,9,16.0,3.0,2024-05-14,Tuesday
7851,7852,141,11.0,2.0,2024-05-04,Saturday
7852,7853,75,18.0,6.0,2024-05-20,Monday
7853,7854,21,21.0,3.0,2024-05-24,Friday
7854,7855,226,14.0,6.0,2024-05-24,Friday
7855,7856,29,14.0,10.0,2024-05-11,Saturday
7856,7857,64,4.0,1.0,2024-05-11,Saturday
7857,7858,57,11.0,7.0,2024-05-18,Saturday
7858,7859,54,7.0,5.0,2024-05-27,Monday
7859,7860,275,22.0,9.0,2024-05-28,Tuesday
7860,7861,167,21.0,3.0,2024-05-11,Saturday
7861,7862,182,2.0,9.0,2024-05-17,Friday
7862,7863,23,13.0,10.0,2024-05-26,Sunday
7863,7864,277,20.0,10.0,2024-05-27,Monday
7864,7865,144,1.0,7.0,2024-05-19,Sunday
7865,7866,188,20.0,5.0,2024-05-05,Sunday
7867,7868,27,18.0,9.0,2024-05-01,Wednesday
7868,7869,106,7.0,7.0,2024-05-02,Thursday
7869,7870,297,5.0,6.0,2024-05-23,Thursday
7870,7871,230,19.0,2.0,2024-05-08,Wednesday
7871,7872,184,17.0,9.0,2024-05-21,Tuesday
7872,7873,156,25.0,2.0,2024-05-06,Monday
7873,7874,58,3.0,6.0,2024-05-21,Tuesday
7874,7875,8,5.0,5.0,2024-05-01,Wednesday
7875,7876,274,3.0,1.0,2024-05-16,Thursday
7876,7877,251,8.0,1.0,2024-05-11,Saturday
7877,7878,202,1.0,8.0,2024-05-02,Thursday
7879,7880,285,11.0,7.0,2024-05-28,Tuesday
7880,7881,159,7.0,7.0,2024-05-27,Monday
7881,7882,81,20.0,1.0,2024-05-06,Monday
7882,7883,218,14.0,8.0,2024-05-13,Monday
7883,7884,257,25.0,4.0,2024-05-05,Sunday
7884,7885,145,17.0,2.0,2024-05-07,Tuesday
7886,7887,156,13.0,2.0,2024-05-02,Thursday
7887,7888,244,23.0,4.0,2024-05-26,Sunday
7888,7889,119,3.0,5.0,2024-05-09,Thursday
7889,7890,261,17.0,3.0,2024-05-21,Tuesday
7890,7891,293,14.0,5.0,2024-05-22,Wednesday
7891,7892,77,8.0,8.0,2024-05-19,Sunday
7892,7893,85,21.0,2.0,2024-05-01,Wednesday
7893,7894,207,22.0,10.0,2024-05-12,Sunday
7894,7895,77,15.0,5.0,2024-05-12,Sunday
7895,7896,184,22.0,9.0,2024-05-28,Tuesday
7896,7897,49,7.0,5.0,2024-05-17,Friday
7897,7898,174,18.0,1.0,2024-05-06,Monday
7898,7899,244,14.0,1.0,2024-05-10,Friday
7899,7900,75,23.0,7.0,2024-05-03,Friday
7900,7901,207,10.0,4.0,2024-05-15,Wednesday
7901,7902,202,13.0,1.0,2024-05-23,Thursday
7902,7903,247,25.0,9.0,2024-05-13,Monday
7903,7904,115,16.0,8.0,2024-05-06,Monday
7904,7905,132,6.0,8.0,2024-05-03,Friday
7905,7906,252,21.0,7.0,2024-05-04,Saturday
7906,7907,75,14.0,2.0,2024-05-19,Sunday
7907,7908,237,15.0,10.0,2024-05-22,Wednesday
7908,7909,38,19.0,5.0,2024-05-23,Thursday
7909,7910,235,12.0,7.0,2024-05-10,Friday
7910,7911,242,7.0,3.0,2024-05-13,Monday
7911,7912,37,1.0,7.0,2024-05-03,Friday
7912,7913,201,20.0,4.0,2024-05-26,Sunday
7913,7914,163,3.0,3.0,2024-05-12,Sunday
7914,7915,248,17.0,7.0,2024-05-25,Saturday
7915,7916,298,13.0,3.0,2024-05-05,Sunday
7916,7917,65,16.0,1.0,2024-05-22,Wednesday
7917,7918,242,18.0,10.0,2024-05-05,Sunday
7918,7919,116,12.0,2.0,2024-05-10,Friday
7919,7920,213,8.0,9.0,2024-05-12,Sunday
7920,7921,25,11.0,1.0,2024-05-26,Sunday
7921,7922,12,24.0,7.0,2024-05-01,Wednesday
7922,7923,297,11.0,10.0,2024-05-19,Sunday
7923,7924,44,11.0,9.0,2024-05-05,Sunday
7924,7925,29,6.0,2.0,2024-05-13,Monday
7925,7926,23,6.0,9.0,2024-05-06,Monday
7926,7927,132,20.0,9.0,2024-05-14,Tuesday
7927,7928,49,23.0,8.0,2024-05-12,Sunday
7928,7929,283,23.0,4.0,2024-05-24,Friday
7929,7930,286,8.0,4.0,2024-05-21,Tuesday
7930,7931,101,10.0,8.0,2024-05-08,Wednesday
7931,7932,239,18.0,5.0,2024-05-14,Tuesday
7932,7933,56,25.0,6.0,2024-05-21,Tuesday
7933,7934,2,20.0,7.0,2024-05-15,Wednesday
7934,7935,214,1.0,2.0,2024-05-22,Wednesday
7935,7936,50,10.0,8.0,2024-05-18,Saturday
7936,7937,255,24.0,3.0,2024-05-07,Tuesday
7937,7938,219,20.0,10.0,2024-05-26,Sunday
7938,7939,244,10.0,6.0,2024-05-19,Sunday
7939,7940,137,7.0,9.0,2024-05-10,Friday
7940,7941,12,22.0,7.0,2024-05-27,Monday
7941,7942,295,12.0,6.0,2024-05-24,Friday
7942,7943,284,3.0,6.0,2024-05-19,Sunday
7943,7944,68,17.0,2.0,2024-05-07,Tuesday
7944,7945,117,6.0,8.0,2024-05-20,Monday
7945,7946,146,25.0,10.0,2024-05-27,Monday
7946,7947,238,22.0,7.0,2024-05-10,Friday
7947,7948,274,3.0,8.0,2024-05-02,Thursday
7948,7949,295,21.0,10.0,2024-05-12,Sunday
7949,7950,162,14.0,4.0,2024-05-09,Thursday
7950,7951,61,2.0,10.0,2024-05-26,Sunday
7951,7952,213,20.0,7.0,2024-05-25,Saturday
7952,7953,123,7.0,3.0,2024-05-07,Tuesday
7953,7954,290,14.0,9.0,2024-05-19,Sunday
7954,7955,65,2.0,1.0,2024-05-20,Monday
7955,7956,62,12.0,7.0,2024-05-24,Friday
7956,7957,8,3.0,3.0,2024-05-07,Tuesday
7957,7958,131,22.0,6.0,2024-05-13,Monday
7959,7960,281,11.0,4.0,2024-05-12,Sunday
7960,7961,205,18.0,6.0,2024-05-28,Tuesday
7961,7962,27,1.0,7.0,2024-05-22,Wednesday
7962,7963,232,10.0,2.0,2024-05-02,Thursday
7964,7965,240,6.0,2.0,2024-05-27,Monday
7965,7966,242,21.0,1.0,2024-05-22,Wednesday
7966,7967,199,5.0,2.0,2024-05-04,Saturday
7967,7968,200,23.0,6.0,2024-05-13,Monday
7968,7969,277,1.0,2.0,2024-05-18,Saturday
7969,7970,116,14.0,7.0,2024-05-05,Sunday
7970,7971,20,18.0,7.0,2024-05-05,Sunday
7971,7972,187,1.0,10.0,2024-05-20,Monday
7972,7973,100,10.0,9.0,2024-05-13,Monday
7973,7974,286,5.0,5.0,2024-05-24,Friday
7974,7975,155,7.0,5.0,2024-05-22,Wednesday
7975,7976,193,14.0,7.0,2024-05-13,Monday
7977,7978,197,3.0,1.0,2024-05-04,Saturday
7978,7979,258,23.0,1.0,2024-05-13,Monday
7979,7980,170,22.0,2.0,2024-05-28,Tuesday
7980,7981,32,20.0,1.0,2024-05-03,Friday
7981,7982,96,20.0,2.0,2024-05-09,Thursday
7982,7983,45,18.0,6.0,2024-05-06,Monday
7983,7984,282,15.0,7.0,2024-05-06,Monday
7984,7985,262,13.0,6.0,2024-05-28,Tuesday
7985,7986,50,22.0,10.0,2024-05-20,Monday
7986,7987,93,9.0,10.0,2024-05-09,Thursday
7987,7988,205,14.0,2.0,2024-05-06,Monday
7988,7989,252,13.0,5.0,2024-05-18,Saturday
7989,7990,87,12.0,6.0,2024-05-08,Wednesday
7990,7991,59,23.0,8.0,2024-05-24,Friday
7991,7992,263,6.0,1.0,2024-05-14,Tuesday
7992,7993,263,1.0,9.0,2024-05-11,Saturday
7993,7994,158,15.0,4.0,2024-05-02,Thursday
7994,7995,184,15.0,1.0,2024-05-19,Sunday
7995,7996,162,16.0,1.0,2024-05-16,Thursday
7996,7997,81,20.0,1.0,2024-05-24,Friday
7997,7998,276,25.0,2.0,2024-05-03,Friday
7998,7999,44,21.0,4.0,2024-05-14,Tuesday
7999,8000,48,13.0,8.0,2024-05-05,Sunday
8000,8001,20,6.0,7.0,2024-05-07,Tuesday
8001,8002,106,6.0,1.0,2024-05-19,Sunday
8002,8003,63,19.0,4.0,2024-05-09,Thursday
8003,8004,127,3.0,2.0,2024-05-06,Monday
8004,8005,119,3.0,4.0,2024-05-18,Saturday
8005,8006,271,15.0,8.0,2024-05-24,Friday
8006,8007,73,8.0,9.0,2024-05-01,Wednesday
8007,8008,248,22.0,8.0,2024-05-23,Thursday
8008,8009,18,20.0,8.0,2024-05-12,Sunday
8009,8010,34,7.0,9.0,2024-05-03,Friday
8010,8011,236,21.0,5.0,2024-05-11,Saturday
8011,8012,299,12.0,5.0,2024-05-08,Wednesday
8012,8013,90,12.0,9.0,2024-05-26,Sunday
8013,8014,270,17.0,10.0,2024-05-15,Wednesday
8014,8015,268,22.0,8.0,2024-05-03,Friday
8015,8016,222,10.0,7.0,2024-05-15,Wednesday
8016,8017,174,9.0,8.0,2024-05-11,Saturday
8017,8018,281,4.0,8.0,2024-05-12,Sunday
8018,8019,269,3.0,2.0,2024-05-04,Saturday
8019,8020,267,19.0,8.0,2024-05-14,Tuesday
8020,8021,47,14.0,9.0,2024-05-28,Tuesday
8021,8022,38,13.0,5.0,2024-05-01,Wednesday
8022,8023,143,11.0,2.0,2024-05-27,Monday
8023,8024,13,13.0,7.0,2024-05-20,Monday
8024,8025,246,21.0,5.0,2024-05-28,Tuesday
8025,8026,164,6.0,5.0,2024-05-15,Wednesday
8026,8027,196,23.0,5.0,2024-05-07,Tuesday
8027,8028,271,16.0,6.0,2024-05-19,Sunday
8028,8029,140,7.0,6.0,2024-05-24,Friday
8029,8030,59,8.0,4.0,2024-05-14,Tuesday
8030,8031,138,7.0,3.0,2024-05-19,Sunday
8031,8032,215,20.0,8.0,2024-05-22,Wednesday
8032,8033,243,16.0,3.0,2024-05-19,Sunday
8033,8034,258,17.0,9.0,2024-05-28,Tuesday
8034,8035,218,11.0,7.0,2024-05-24,Friday
8035,8036,84,17.0,5.0,2024-05-09,Thursday
8036,8037,206,10.0,6.0,2024-05-10,Friday
8037,8038,202,17.0,10.0,2024-05-11,Saturday
8039,8040,51,21.0,9.0,2024-05-07,Tuesday
8040,8041,9,6.0,1.0,2024-05-14,Tuesday
8041,8042,85,22.0,4.0,2024-05-14,Tuesday
8042,8043,220,3.0,10.0,2024-05-27,Monday
8043,8044,221,22.0,5.0,2024-05-19,Sunday
8044,8045,185,24.0,2.0,2024-05-10,Friday
8045,8046,124,12.0,1.0,2024-05-26,Sunday
8046,8047,151,3.0,7.0,2024-05-17,Friday
8047,8048,115,8.0,7.0,2024-05-22,Wednesday
8048,8049,95,8.0,6.0,2024-05-26,Sunday
8049,8050,69,4.0,2.0,2024-05-18,Saturday
8050,8051,166,3.0,1.0,2024-05-01,Wednesday
8051,8052,45,9.0,8.0,2024-05-14,Tuesday
8052,8053,194,5.0,4.0,2024-05-19,Sunday
8053,8054,231,13.0,9.0,2024-05-07,Tuesday
8054,8055,141,11.0,9.0,2024-05-13,Monday
8056,8057,51,13.0,7.0,2024-05-10,Friday
8057,8058,127,24.0,1.0,2024-05-21,Tuesday
8059,8060,27,16.0,9.0,2024-05-22,Wednesday
8060,8061,179,14.0,7.0,2024-05-16,Thursday
8061,8062,134,25.0,4.0,2024-05-25,Saturday
8062,8063,42,9.0,4.0,2024-05-11,Saturday
8063,8064,85,5.0,3.0,2024-05-10,Friday
8064,8065,199,2.0,1.0,2024-05-25,Saturday
8065,8066,47,21.0,3.0,2024-05-12,Sunday
8066,8067,153,4.0,9.0,2024-05-27,Monday
8067,8068,160,17.0,10.0,2024-05-01,Wednesday
8068,8069,189,9.0,5.0,2024-05-13,Monday
8069,8070,240,15.0,6.0,2024-05-25,Saturday
8070,8071,9,2.0,2.0,2024-05-06,Monday
8071,8072,13,21.0,2.0,2024-05-06,Monday
8072,8073,88,1.0,2.0,2024-05-05,Sunday
8073,8074,154,8.0,5.0,2024-05-05,Sunday
8074,8075,44,22.0,10.0,2024-05-15,Wednesday
8075,8076,148,4.0,4.0,2024-05-02,Thursday
8076,8077,162,16.0,2.0,2024-05-03,Friday
8077,8078,296,16.0,9.0,2024-05-07,Tuesday
8078,8079,187,6.0,6.0,2024-05-26,Sunday
8079,8080,293,11.0,2.0,2024-05-10,Friday
8080,8081,148,8.0,9.0,2024-05-08,Wednesday
8081,8082,277,17.0,5.0,2024-05-02,Thursday
8082,8083,61,10.0,5.0,2024-05-26,Sunday
8083,8084,196,19.0,4.0,2024-05-23,Thursday
8084,8085,52,11.0,6.0,2024-05-01,Wednesday
8085,8086,174,17.0,5.0,2024-05-21,Tuesday
8086,8087,93,20.0,7.0,2024-05-28,Tuesday
8087,8088,211,24.0,9.0,2024-05-12,Sunday
8088,8089,121,11.0,1.0,2024-05-08,Wednesday
8089,8090,94,15.0,6.0,2024-05-22,Wednesday
8090,8091,91,19.0,6.0,2024-05-14,Tuesday
8091,8092,116,10.0,1.0,2024-05-01,Wednesday
8092,8093,293,17.0,1.0,2024-05-25,Saturday
8093,8094,203,12.0,4.0,2024-05-07,Tuesday
8094,8095,217,14.0,7.0,2024-05-20,Monday
8095,8096,28,12.0,6.0,2024-05-28,Tuesday
8096,8097,184,11.0,5.0,2024-05-26,Sunday
8097,8098,109,3.0,3.0,2024-05-18,Saturday
8098,8099,21,7.0,9.0,2024-05-24,Friday
8099,8100,14,2.0,8.0,2024-05-18,Saturday
8100,8101,49,19.0,7.0,2024-05-01,Wednesday
8101,8102,198,14.0,9.0,2024-05-07,Tuesday
8102,8103,222,11.0,1.0,2024-05-18,Saturday
8103,8104,72,10.0,10.0,2024-05-09,Thursday
8104,8105,118,9.0,7.0,2024-05-17,Friday
8105,8106,264,10.0,4.0,2024-05-28,Tuesday
8106,8107,265,1.0,2.0,2024-05-08,Wednesday
8107,8108,145,19.0,7.0,2024-05-07,Tuesday
8108,8109,84,1.0,2.0,2024-05-13,Monday
8109,8110,205,2.0,2.0,2024-05-11,Saturday
8110,8111,26,12.0,2.0,2024-05-23,Thursday
8111,8112,193,3.0,5.0,2024-05-05,Sunday
8112,8113,254,16.0,1.0,2024-05-23,Thursday
8113,8114,21,2.0,3.0,2024-05-09,Thursday
8114,8115,165,22.0,10.0,2024-05-17,Friday
8115,8116,137,5.0,6.0,2024-05-07,Tuesday
8116,8117,300,3.0,1.0,2024-05-06,Monday
8117,8118,198,8.0,4.0,2024-05-07,Tuesday
8118,8119,38,20.0,1.0,2024-05-25,Saturday
8119,8120,13,6.0,5.0,2024-05-03,Friday
8120,8121,193,1.0,7.0,2024-05-05,Sunday
8121,8122,242,18.0,8.0,2024-05-05,Sunday
8122,8123,147,6.0,2.0,2024-05-26,Sunday
8123,8124,77,3.0,10.0,2024-05-10,Friday
8124,8125,289,22.0,2.0,2024-05-14,Tuesday
8125,8126,151,25.0,10.0,2024-05-24,Friday
8126,8127,39,21.0,3.0,2024-05-17,Friday
8127,8128,158,3.0,5.0,2024-05-12,Sunday
8128,8129,239,8.0,4.0,2024-05-17,Friday
8129,8130,264,6.0,5.0,2024-05-18,Saturday
8130,8131,31,10.0,10.0,2024-05-09,Thursday
8131,8132,200,7.0,5.0,2024-05-19,Sunday
8132,8133,63,8.0,2.0,2024-05-25,Saturday
8133,8134,38,21.0,9.0,2024-05-19,Sunday
8134,8135,37,6.0,4.0,2024-05-18,Saturday
8135,8136,261,22.0,9.0,2024-05-08,Wednesday
8136,8137,127,22.0,10.0,2024-05-11,Saturday
8137,8138,147,12.0,8.0,2024-05-13,Monday
8138,8139,45,25.0,4.0,2024-05-02,Thursday
8139,8140,262,4.0,5.0,2024-05-08,Wednesday
8140,8141,142,23.0,6.0,2024-05-25,Saturday
8141,8142,227,25.0,4.0,2024-05-03,Friday
8142,8143,135,17.0,8.0,2024-05-03,Friday
8143,8144,289,3.0,7.0,2024-05-26,Sunday
8144,8145,48,15.0,3.0,2024-05-05,Sunday
8145,8146,28,4.0,8.0,2024-05-16,Thursday
8146,8147,89,22.0,3.0,2024-05-23,Thursday
8147,8148,51,19.0,7.0,2024-05-13,Monday
8148,8149,51,18.0,1.0,2024-05-01,Wednesday
8149,8150,167,24.0,4.0,2024-05-01,Wednesday
8150,8151,82,1.0,8.0,2024-05-04,Saturday
8151,8152,238,19.0,9.0,2024-05-24,Friday
8152,8153,52,4.0,9.0,2024-05-28,Tuesday
8153,8154,266,24.0,2.0,2024-05-23,Thursday
8154,8155,217,16.0,2.0,2024-05-16,Thursday
8155,8156,295,17.0,7.0,2024-05-18,Saturday
8156,8157,218,18.0,3.0,2024-05-27,Monday
8157,8158,188,15.0,10.0,2024-05-28,Tuesday
8158,8159,148,23.0,2.0,2024-05-13,Monday
8159,8160,175,3.0,2.0,2024-05-03,Friday
8160,8161,251,18.0,8.0,2024-05-02,Thursday
8161,8162,130,20.0,7.0,2024-05-15,Wednesday
8162,8163,195,19.0,6.0,2024-05-04,Saturday
8163,8164,148,6.0,7.0,2024-05-25,Saturday
8164,8165,177,15.0,2.0,2024-05-21,Tuesday
8165,8166,238,1.0,1.0,2024-05-10,Friday
8166,8167,87,24.0,5.0,2024-05-06,Monday
8167,8168,275,20.0,4.0,2024-05-10,Friday
8168,8169,27,9.0,1.0,2024-05-06,Monday
8169,8170,289,6.0,3.0,2024-05-26,Sunday
8171,8172,93,23.0,8.0,2024-05-26,Sunday
8172,8173,238,12.0,5.0,2024-05-12,Sunday
8173,8174,9,8.0,8.0,2024-05-25,Saturday
8174,8175,32,17.0,9.0,2024-05-18,Saturday
8175,8176,265,4.0,8.0,2024-05-19,Sunday
8176,8177,299,10.0,3.0,2024-05-03,Friday
8177,8178,220,7.0,8.0,2024-05-01,Wednesday
8178,8179,230,5.0,1.0,2024-05-18,Saturday
8179,8180,110,19.0,8.0,2024-05-16,Thursday
8180,8181,288,15.0,8.0,2024-05-22,Wednesday
8181,8182,89,9.0,5.0,2024-05-05,Sunday
8182,8183,74,4.0,1.0,2024-05-16,Thursday
8183,8184,19,2.0,10.0,2024-05-27,Monday
8184,8185,76,16.0,1.0,2024-05-04,Saturday
8185,8186,63,18.0,1.0,2024-05-01,Wednesday
8186,8187,278,18.0,4.0,2024-05-24,Friday
8187,8188,282,5.0,8.0,2024-05-20,Monday
8188,8189,266,12.0,9.0,2024-05-09,Thursday
8189,8190,154,14.0,8.0,2024-05-06,Monday
8191,8192,249,10.0,3.0,2024-05-18,Saturday
8192,8193,28,14.0,7.0,2024-05-09,Thursday
8193,8194,222,22.0,1.0,2024-05-21,Tuesday
8194,8195,59,18.0,2.0,2024-05-15,Wednesday
8195,8196,12,19.0,7.0,2024-05-06,Monday
8196,8197,193,18.0,5.0,2024-05-06,Monday
8197,8198,100,3.0,5.0,2024-05-19,Sunday
8198,8199,94,19.0,6.0,2024-05-01,Wednesday
8199,8200,272,23.0,7.0,2024-05-26,Sunday
8200,8201,252,6.0,5.0,2024-05-26,Sunday
8201,8202,107,3.0,9.0,2024-05-02,Thursday
8202,8203,137,13.0,3.0,2024-05-10,Friday
8203,8204,296,20.0,2.0,2024-05-07,Tuesday
8204,8205,38,9.0,3.0,2024-05-01,Wednesday
8205,8206,40,8.0,7.0,2024-05-20,Monday
8206,8207,254,2.0,4.0,2024-05-19,Sunday
8207,8208,113,24.0,5.0,2024-05-14,Tuesday
8208,8209,292,5.0,3.0,2024-05-15,Wednesday
8209,8210,216,24.0,5.0,2024-05-28,Tuesday
8210,8211,293,12.0,3.0,2024-05-21,Tuesday
8211,8212,187,14.0,5.0,2024-05-20,Monday
8212,8213,22,3.0,3.0,2024-05-07,Tuesday
8213,8214,253,12.0,10.0,2024-05-09,Thursday
8214,8215,208,15.0,6.0,2024-05-14,Tuesday
8215,8216,226,9.0,10.0,2024-05-23,Thursday
8216,8217,300,25.0,5.0,2024-05-10,Friday
8217,8218,217,23.0,5.0,2024-05-05,Sunday
8218,8219,147,23.0,3.0,2024-05-01,Wednesday
8219,8220,293,17.0,4.0,2024-05-27,Monday
8220,8221,52,25.0,10.0,2024-05-12,Sunday
8221,8222,298,2.0,6.0,2024-05-08,Wednesday
8222,8223,235,19.0,1.0,2024-05-18,Saturday
8223,8224,9,18.0,1.0,2024-05-19,Sunday
8224,8225,109,11.0,5.0,2024-05-07,Tuesday
8225,8226,20,5.0,10.0,2024-05-24,Friday
8226,8227,288,11.0,10.0,2024-05-26,Sunday
8227,8228,50,12.0,6.0,2024-05-20,Monday
8228,8229,293,25.0,3.0,2024-05-23,Thursday
8229,8230,174,11.0,4.0,2024-05-18,Saturday
8230,8231,1,7.0,3.0,2024-05-05,Sunday
8231,8232,103,13.0,2.0,2024-05-27,Monday
8232,8233,241,19.0,3.0,2024-05-11,Saturday
8233,8234,280,4.0,2.0,2024-05-10,Friday
8234,8235,256,6.0,7.0,2024-05-16,Thursday
8235,8236,63,12.0,4.0,2024-05-09,Thursday
8236,8237,186,11.0,10.0,2024-05-08,Wednesday
8237,8238,78,4.0,4.0,2024-05-03,Friday
8238,8239,95,10.0,4.0,2024-05-13,Monday
8239,8240,57,7.0,7.0,2024-05-08,Wednesday
8241,8242,68,1.0,6.0,2024-05-20,Monday
8242,8243,232,12.0,4.0,2024-05-02,Thursday
8243,8244,152,17.0,2.0,2024-05-07,Tuesday
8244,8245,126,14.0,10.0,2024-05-12,Sunday
8245,8246,2,15.0,6.0,2024-05-11,Saturday
8246,8247,123,17.0,7.0,2024-05-28,Tuesday
8247,8248,102,22.0,6.0,2024-05-01,Wednesday
8248,8249,106,2.0,10.0,2024-05-19,Sunday
8249,8250,271,11.0,7.0,2024-05-14,Tuesday
8250,8251,110,25.0,10.0,2024-05-23,Thursday
8251,8252,279,19.0,8.0,2024-05-04,Saturday
8252,8253,148,7.0,6.0,2024-05-07,Tuesday
8253,8254,133,6.0,8.0,2024-05-24,Friday
8254,8255,273,17.0,2.0,2024-05-12,Sunday
8255,8256,196,1.0,5.0,2024-05-15,Wednesday
8256,8257,10,13.0,5.0,2024-05-11,Saturday
8257,8258,82,20.0,10.0,2024-05-24,Friday
8258,8259,167,25.0,1.0,2024-05-07,Tuesday
8259,8260,115,22.0,10.0,2024-05-05,Sunday
8260,8261,76,8.0,10.0,2024-05-10,Friday
8261,8262,258,22.0,8.0,2024-05-26,Sunday
8262,8263,8,7.0,2.0,2024-05-18,Saturday
8263,8264,198,12.0,10.0,2024-05-20,Monday
8264,8265,59,21.0,3.0,2024-05-11,Saturday
8265,8266,67,15.0,8.0,2024-05-12,Sunday
8266,8267,63,20.0,10.0,2024-05-08,Wednesday
8267,8268,229,16.0,3.0,2024-05-17,Friday
8268,8269,23,24.0,2.0,2024-05-23,Thursday
8269,8270,91,7.0,2.0,2024-05-04,Saturday
8270,8271,263,18.0,3.0,2024-05-23,Thursday
8271,8272,227,4.0,9.0,2024-05-11,Saturday
8272,8273,90,18.0,10.0,2024-05-04,Saturday
8273,8274,245,10.0,5.0,2024-05-14,Tuesday
8274,8275,201,11.0,2.0,2024-05-25,Saturday
8275,8276,22,23.0,3.0,2024-05-04,Saturday
8276,8277,12,13.0,9.0,2024-05-05,Sunday
8277,8278,113,12.0,9.0,2024-05-25,Saturday
8278,8279,228,20.0,6.0,2024-05-22,Wednesday
8279,8280,136,12.0,3.0,2024-05-17,Friday
8280,8281,186,20.0,2.0,2024-05-22,Wednesday
8281,8282,161,25.0,6.0,2024-05-05,Sunday
8282,8283,18,6.0,6.0,2024-05-10,Friday
8283,8284,161,10.0,3.0,2024-05-10,Friday
8284,8285,232,6.0,10.0,2024-05-22,Wednesday
8285,8286,206,15.0,4.0,2024-05-28,Tuesday
8286,8287,220,24.0,4.0,2024-05-21,Tuesday
8287,8288,182,12.0,8.0,2024-05-20,Monday
8288,8289,62,13.0,7.0,2024-05-23,Thursday
8289,8290,243,9.0,9.0,2024-05-10,Friday
8290,8291,9,7.0,7.0,2024-05-17,Friday
8291,8292,66,13.0,9.0,2024-05-15,Wednesday
8292,8293,11,11.0,4.0,2024-05-21,Tuesday
8293,8294,167,6.0,3.0,2024-05-13,Monday
8294,8295,237,9.0,7.0,2024-05-10,Friday
8295,8296,288,18.0,3.0,2024-05-27,Monday
8296,8297,45,19.0,10.0,2024-05-19,Sunday
8297,8298,11,20.0,8.0,2024-05-22,Wednesday
8298,8299,243,22.0,2.0,2024-05-08,Wednesday
8299,8300,55,4.0,6.0,2024-05-11,Saturday
8300,8301,16,5.0,8.0,2024-05-06,Monday
8301,8302,33,4.0,4.0,2024-05-21,Tuesday
8302,8303,98,4.0,2.0,2024-05-11,Saturday
8303,8304,64,12.0,3.0,2024-05-28,Tuesday
8304,8305,29,18.0,10.0,2024-05-16,Thursday
8305,8306,112,16.0,7.0,2024-05-22,Wednesday
8306,8307,197,25.0,1.0,2024-05-23,Thursday
8307,8308,149,1.0,6.0,2024-05-06,Monday
8308,8309,50,22.0,5.0,2024-05-20,Monday
8309,8310,104,17.0,10.0,2024-05-11,Saturday
8310,8311,75,10.0,7.0,2024-05-12,Sunday
8311,8312,42,3.0,4.0,2024-05-18,Saturday
8312,8313,213,24.0,9.0,2024-05-13,Monday
8313,8314,168,21.0,3.0,2024-05-28,Tuesday
8314,8315,210,17.0,9.0,2024-05-14,Tuesday
8315,8316,138,11.0,7.0,2024-05-15,Wednesday
8316,8317,111,3.0,10.0,2024-05-19,Sunday
8317,8318,93,21.0,4.0,2024-05-09,Thursday
8319,8320,258,9.0,5.0,2024-05-24,Friday
8320,8321,120,2.0,8.0,2024-05-26,Sunday
8321,8322,169,22.0,1.0,2024-05-05,Sunday
8322,8323,39,3.0,9.0,2024-05-20,Monday
8323,8324,38,18.0,10.0,2024-05-25,Saturday
8325,8326,130,9.0,6.0,2024-05-27,Monday
8326,8327,241,5.0,2.0,2024-05-03,Friday
8327,8328,39,3.0,1.0,2024-05-22,Wednesday
8328,8329,182,25.0,9.0,2024-05-14,Tuesday
8330,8331,242,21.0,7.0,2024-06-10,Monday
8331,8332,85,6.0,3.0,2024-06-14,Friday
8332,8333,98,3.0,5.0,2024-06-18,Tuesday
8333,8334,253,7.0,3.0,2024-06-23,Sunday
8334,8335,21,8.0,8.0,2024-06-03,Monday
8335,8336,164,23.0,4.0,2024-06-11,Tuesday
8336,8337,107,11.0,9.0,2024-06-12,Wednesday
8337,8338,295,9.0,1.0,2024-06-27,Thursday
8338,8339,69,8.0,10.0,2024-06-27,Thursday
8339,8340,42,4.0,9.0,2024-06-25,Tuesday
8340,8341,225,13.0,1.0,2024-06-19,Wednesday
8341,8342,275,22.0,8.0,2024-06-05,Wednesday
8342,8343,240,14.0,10.0,2024-06-23,Sunday
8343,8344,139,19.0,7.0,2024-06-16,Sunday
8344,8345,241,7.0,8.0,2024-06-01,Saturday
8345,8346,80,4.0,7.0,2024-06-27,Thursday
8346,8347,197,22.0,7.0,2024-06-06,Thursday
8347,8348,269,19.0,1.0,2024-06-13,Thursday
8348,8349,150,10.0,7.0,2024-06-21,Friday
8349,8350,260,17.0,10.0,2024-06-20,Thursday
8350,8351,75,3.0,10.0,2024-06-24,Monday
8351,8352,143,10.0,3.0,2024-06-07,Friday
8352,8353,178,14.0,5.0,2024-06-10,Monday
8353,8354,13,25.0,5.0,2024-06-21,Friday
8354,8355,208,7.0,2.0,2024-06-24,Monday
8355,8356,148,4.0,8.0,2024-06-08,Saturday
8356,8357,226,9.0,3.0,2024-06-02,Sunday
8357,8358,203,1.0,6.0,2024-06-01,Saturday
8358,8359,167,14.0,10.0,2024-06-24,Monday
8359,8360,255,2.0,9.0,2024-06-15,Saturday
8360,8361,32,16.0,6.0,2024-06-18,Tuesday
8361,8362,237,5.0,3.0,2024-06-25,Tuesday
8362,8363,228,8.0,5.0,2024-06-17,Monday
8363,8364,32,3.0,6.0,2024-06-12,Wednesday
8364,8365,139,19.0,2.0,2024-06-12,Wednesday
8365,8366,300,6.0,2.0,2024-06-20,Thursday
8366,8367,208,3.0,8.0,2024-06-02,Sunday
8367,8368,124,23.0,8.0,2024-06-03,Monday
8368,8369,162,9.0,8.0,2024-06-22,Saturday
8369,8370,300,23.0,7.0,2024-06-03,Monday
8370,8371,156,22.0,4.0,2024-06-12,Wednesday
8371,8372,59,22.0,6.0,2024-06-24,Monday
8372,8373,4,11.0,9.0,2024-06-18,Tuesday
8373,8374,145,1.0,5.0,2024-06-01,Saturday
8374,8375,34,19.0,6.0,2024-06-26,Wednesday
8375,8376,104,23.0,3.0,2024-06-11,Tuesday
8376,8377,198,25.0,2.0,2024-06-03,Monday
8377,8378,287,12.0,1.0,2024-06-10,Monday
8378,8379,39,6.0,6.0,2024-06-22,Saturday
8379,8380,50,17.0,10.0,2024-06-03,Monday
8380,8381,35,5.0,2.0,2024-06-20,Thursday
8381,8382,280,15.0,4.0,2024-06-02,Sunday
8382,8383,259,19.0,8.0,2024-06-12,Wednesday
8383,8384,237,12.0,7.0,2024-06-21,Friday
8384,8385,12,18.0,10.0,2024-06-02,Sunday
8385,8386,173,20.0,5.0,2024-06-13,Thursday
8386,8387,41,7.0,4.0,2024-06-17,Monday
8387,8388,164,12.0,3.0,2024-06-12,Wednesday
8388,8389,131,5.0,3.0,2024-06-03,Monday
8389,8390,201,24.0,4.0,2024-06-17,Monday
8390,8391,121,7.0,4.0,2024-06-12,Wednesday
8391,8392,117,4.0,2.0,2024-06-08,Saturday
8392,8393,216,16.0,10.0,2024-06-04,Tuesday
8393,8394,190,24.0,3.0,2024-06-27,Thursday
8394,8395,300,1.0,10.0,2024-06-02,Sunday
8395,8396,110,8.0,4.0,2024-06-03,Monday
8396,8397,43,21.0,10.0,2024-06-14,Friday
8397,8398,10,25.0,9.0,2024-06-22,Saturday
8398,8399,61,18.0,2.0,2024-06-11,Tuesday
8399,8400,266,14.0,3.0,2024-06-12,Wednesday
8400,8401,186,18.0,9.0,2024-06-22,Saturday
8401,8402,257,2.0,8.0,2024-06-02,Sunday
8402,8403,134,9.0,3.0,2024-06-19,Wednesday
8403,8404,196,9.0,9.0,2024-06-25,Tuesday
8404,8405,242,1.0,3.0,2024-06-12,Wednesday
8405,8406,79,21.0,5.0,2024-06-03,Monday
8406,8407,296,18.0,4.0,2024-06-22,Saturday
8407,8408,201,12.0,9.0,2024-06-24,Monday
8408,8409,127,9.0,9.0,2024-06-09,Sunday
8409,8410,291,7.0,3.0,2024-06-09,Sunday
8410,8411,260,22.0,2.0,2024-06-27,Thursday
8411,8412,45,23.0,5.0,2024-06-12,Wednesday
8412,8413,300,2.0,9.0,2024-06-23,Sunday
8413,8414,248,2.0,7.0,2024-06-01,Saturday
8414,8415,110,21.0,6.0,2024-06-14,Friday
8415,8416,180,17.0,6.0,2024-06-25,Tuesday
8416,8417,186,1.0,10.0,2024-06-14,Friday
8417,8418,139,18.0,9.0,2024-06-22,Saturday
8418,8419,34,18.0,2.0,2024-06-24,Monday
8419,8420,67,14.0,4.0,2024-06-22,Saturday
8420,8421,19,17.0,10.0,2024-06-08,Saturday
8421,8422,218,12.0,10.0,2024-06-15,Saturday
8423,8424,174,11.0,1.0,2024-06-27,Thursday
8424,8425,149,8.0,2.0,2024-06-05,Wednesday
8425,8426,148,20.0,7.0,2024-06-17,Monday
8426,8427,11,25.0,3.0,2024-06-22,Saturday
8427,8428,170,24.0,9.0,2024-06-05,Wednesday
8428,8429,107,3.0,1.0,2024-06-17,Monday
8429,8430,173,16.0,8.0,2024-06-14,Friday
8430,8431,149,5.0,1.0,2024-06-17,Monday
8431,8432,89,16.0,3.0,2024-06-02,Sunday
8432,8433,48,10.0,10.0,2024-06-24,Monday
8433,8434,39,17.0,3.0,2024-06-26,Wednesday
8434,8435,100,25.0,2.0,2024-06-24,Monday
8435,8436,240,14.0,4.0,2024-06-09,Sunday
8436,8437,54,18.0,9.0,2024-06-07,Friday
8437,8438,119,15.0,5.0,2024-06-27,Thursday
8438,8439,95,15.0,5.0,2024-06-20,Thursday
8439,8440,277,1.0,8.0,2024-06-14,Friday
8440,8441,75,24.0,2.0,2024-06-26,Wednesday
8441,8442,225,8.0,10.0,2024-06-22,Saturday
8442,8443,53,9.0,6.0,2024-06-14,Friday
8443,8444,100,5.0,4.0,2024-06-02,Sunday
8444,8445,259,15.0,8.0,2024-06-09,Sunday
8445,8446,20,1.0,5.0,2024-06-26,Wednesday
8446,8447,267,17.0,6.0,2024-06-03,Monday
8447,8448,214,22.0,7.0,2024-06-27,Thursday
8448,8449,253,18.0,4.0,2024-06-28,Friday
8449,8450,253,19.0,9.0,2024-06-19,Wednesday
8450,8451,274,20.0,3.0,2024-06-24,Monday
8451,8452,125,17.0,2.0,2024-06-25,Tuesday
8452,8453,144,1.0,9.0,2024-06-11,Tuesday
8453,8454,194,9.0,7.0,2024-06-11,Tuesday
8454,8455,92,5.0,6.0,2024-06-13,Thursday
8455,8456,267,22.0,5.0,2024-06-27,Thursday
8456,8457,192,19.0,6.0,2024-06-01,Saturday
8457,8458,273,19.0,3.0,2024-06-08,Saturday
8458,8459,49,10.0,3.0,2024-06-22,Saturday
8459,8460,63,8.0,8.0,2024-06-09,Sunday
8460,8461,152,2.0,10.0,2024-06-11,Tuesday
8461,8462,173,8.0,8.0,2024-06-06,Thursday
8462,8463,71,3.0,6.0,2024-06-21,Friday
8463,8464,3,6.0,3.0,2024-06-02,Sunday
8464,8465,44,8.0,4.0,2024-06-01,Saturday
8465,8466,6,20.0,7.0,2024-06-19,Wednesday
8466,8467,186,11.0,6.0,2024-06-07,Friday
8467,8468,4,2.0,9.0,2024-06-10,Monday
8468,8469,63,8.0,1.0,2024-06-01,Saturday
8469,8470,249,2.0,5.0,2024-06-09,Sunday
8470,8471,196,9.0,2.0,2024-06-04,Tuesday
8471,8472,148,4.0,4.0,2024-06-24,Monday
8472,8473,40,1.0,3.0,2024-06-24,Monday
8473,8474,62,7.0,10.0,2024-06-23,Sunday
8474,8475,260,4.0,5.0,2024-06-11,Tuesday
8475,8476,71,4.0,5.0,2024-06-03,Monday
8476,8477,44,20.0,10.0,2024-06-03,Monday
8477,8478,246,17.0,5.0,2024-06-27,Thursday
8478,8479,277,3.0,5.0,2024-06-21,Friday
8479,8480,156,23.0,2.0,2024-06-20,Thursday
8480,8481,249,14.0,4.0,2024-06-27,Thursday
8481,8482,53,4.0,6.0,2024-06-24,Monday
8482,8483,229,2.0,2.0,2024-06-01,Saturday
8483,8484,287,17.0,3.0,2024-06-22,Saturday
8484,8485,16,21.0,1.0,2024-06-06,Thursday
8485,8486,189,5.0,10.0,2024-06-05,Wednesday
8486,8487,65,2.0,6.0,2024-06-24,Monday
8487,8488,218,15.0,2.0,2024-06-27,Thursday
8488,8489,160,9.0,1.0,2024-06-19,Wednesday
8489,8490,104,8.0,3.0,2024-06-15,Saturday
8490,8491,102,1.0,7.0,2024-06-17,Monday
8491,8492,224,4.0,10.0,2024-06-02,Sunday
8492,8493,70,23.0,3.0,2024-06-02,Sunday
8493,8494,48,14.0,7.0,2024-06-09,Sunday
8494,8495,164,14.0,3.0,2024-06-09,Sunday
8495,8496,10,14.0,1.0,2024-06-24,Monday
8496,8497,225,18.0,2.0,2024-06-02,Sunday
8497,8498,155,20.0,8.0,2024-06-05,Wednesday
8498,8499,289,17.0,2.0,2024-06-09,Sunday
8499,8500,99,18.0,5.0,2024-06-21,Friday
8500,8501,259,17.0,4.0,2024-06-23,Sunday
8501,8502,26,17.0,6.0,2024-06-12,Wednesday
8502,8503,269,1.0,4.0,2024-06-18,Tuesday
8503,8504,187,3.0,10.0,2024-06-23,Sunday
8504,8505,177,2.0,5.0,2024-06-23,Sunday
8505,8506,155,23.0,10.0,2024-06-25,Tuesday
8506,8507,144,11.0,6.0,2024-06-06,Thursday
8507,8508,51,15.0,10.0,2024-06-19,Wednesday
8508,8509,68,6.0,9.0,2024-06-19,Wednesday
8509,8510,236,10.0,3.0,2024-06-20,Thursday
8510,8511,113,1.0,5.0,2024-06-21,Friday
8511,8512,156,15.0,9.0,2024-06-10,Monday
8512,8513,280,18.0,3.0,2024-06-01,Saturday
8513,8514,289,25.0,3.0,2024-06-04,Tuesday
8514,8515,145,13.0,3.0,2024-06-03,Monday
8515,8516,190,12.0,7.0,2024-06-28,Friday
8516,8517,152,22.0,4.0,2024-06-28,Friday
8517,8518,179,13.0,5.0,2024-06-21,Friday
8518,8519,169,23.0,7.0,2024-06-09,Sunday
8519,8520,227,7.0,6.0,2024-06-23,Sunday
8520,8521,197,5.0,6.0,2024-06-09,Sunday
8521,8522,63,14.0,6.0,2024-06-11,Tuesday
8522,8523,7,13.0,4.0,2024-06-17,Monday
8523,8524,44,2.0,7.0,2024-06-19,Wednesday
8524,8525,95,9.0,10.0,2024-06-08,Saturday
8525,8526,89,17.0,6.0,2024-06-23,Sunday
8526,8527,146,15.0,8.0,2024-06-24,Monday
8527,8528,213,24.0,1.0,2024-06-18,Tuesday
8528,8529,24,12.0,4.0,2024-06-02,Sunday
8529,8530,52,14.0,6.0,2024-06-18,Tuesday
8530,8531,202,4.0,9.0,2024-06-18,Tuesday
8531,8532,4,17.0,6.0,2024-06-10,Monday
8532,8533,105,13.0,4.0,2024-06-05,Wednesday
8533,8534,92,5.0,8.0,2024-06-21,Friday
8534,8535,210,13.0,6.0,2024-06-08,Saturday
8535,8536,23,16.0,3.0,2024-06-06,Thursday
8536,8537,212,12.0,8.0,2024-06-15,Saturday
8537,8538,241,21.0,2.0,2024-06-06,Thursday
8538,8539,66,7.0,5.0,2024-06-09,Sunday
8539,8540,230,6.0,5.0,2024-06-03,Monday
8540,8541,95,14.0,2.0,2024-06-03,Monday
8541,8542,175,21.0,8.0,2024-06-18,Tuesday
8542,8543,9,16.0,1.0,2024-06-04,Tuesday
8543,8544,248,1.0,6.0,2024-06-27,Thursday
8544,8545,169,3.0,10.0,2024-06-13,Thursday
8545,8546,94,10.0,10.0,2024-06-14,Friday
8546,8547,22,7.0,1.0,2024-06-19,Wednesday
8547,8548,198,7.0,9.0,2024-06-09,Sunday
8548,8549,138,4.0,7.0,2024-06-21,Friday
8549,8550,2,13.0,4.0,2024-06-07,Friday
8550,8551,7,10.0,9.0,2024-06-01,Saturday
8551,8552,135,22.0,10.0,2024-06-12,Wednesday
8552,8553,28,6.0,5.0,2024-06-15,Saturday
8553,8554,73,15.0,10.0,2024-06-10,Monday
8554,8555,138,11.0,9.0,2024-06-20,Thursday
8555,8556,225,7.0,1.0,2024-06-20,Thursday
8556,8557,142,23.0,6.0,2024-06-17,Monday
8557,8558,206,14.0,4.0,2024-06-04,Tuesday
8558,8559,211,7.0,8.0,2024-06-03,Monday
8559,8560,102,18.0,6.0,2024-06-13,Thursday
8560,8561,230,2.0,1.0,2024-06-02,Sunday
8561,8562,105,4.0,7.0,2024-06-24,Monday
8562,8563,123,9.0,4.0,2024-06-03,Monday
8563,8564,166,16.0,5.0,2024-06-08,Saturday
8564,8565,195,17.0,3.0,2024-06-05,Wednesday
8565,8566,230,2.0,3.0,2024-06-10,Monday
8566,8567,120,4.0,1.0,2024-06-23,Sunday
8567,8568,296,13.0,1.0,2024-06-10,Monday
8568,8569,166,19.0,4.0,2024-06-16,Sunday
8569,8570,58,12.0,7.0,2024-06-14,Friday
8570,8571,41,8.0,3.0,2024-06-01,Saturday
8571,8572,82,14.0,9.0,2024-06-02,Sunday
8572,8573,22,7.0,6.0,2024-06-09,Sunday
8573,8574,75,17.0,10.0,2024-06-01,Saturday
8574,8575,284,11.0,2.0,2024-06-17,Monday
8575,8576,300,6.0,2.0,2024-06-26,Wednesday
8576,8577,282,12.0,9.0,2024-06-26,Wednesday
8577,8578,198,13.0,8.0,2024-06-17,Monday
8578,8579,14,24.0,8.0,2024-06-17,Monday
8579,8580,149,14.0,5.0,2024-06-01,Saturday
8580,8581,191,22.0,8.0,2024-06-24,Monday
8581,8582,130,6.0,9.0,2024-06-18,Tuesday
8582,8583,89,4.0,1.0,2024-06-18,Tuesday
8583,8584,145,22.0,8.0,2024-06-24,Monday
8584,8585,262,8.0,1.0,2024-06-27,Thursday
8585,8586,275,1.0,8.0,2024-06-08,Saturday
8586,8587,283,12.0,7.0,2024-06-14,Friday
8587,8588,130,6.0,8.0,2024-06-20,Thursday
8588,8589,172,10.0,9.0,2024-06-10,Monday
8590,8591,211,8.0,5.0,2024-06-03,Monday
8591,8592,254,17.0,1.0,2024-06-15,Saturday
8592,8593,284,2.0,6.0,2024-06-10,Monday
8593,8594,300,6.0,6.0,2024-06-19,Wednesday
8594,8595,286,15.0,5.0,2024-06-21,Friday
8595,8596,21,12.0,9.0,2024-06-17,Monday
8596,8597,132,13.0,2.0,2024-06-03,Monday
8597,8598,33,9.0,2.0,2024-06-22,Saturday
8598,8599,61,1.0,6.0,2024-06-05,Wednesday
8599,8600,142,14.0,4.0,2024-06-25,Tuesday
8600,8601,253,18.0,7.0,2024-06-16,Sunday
8601,8602,236,7.0,7.0,2024-06-05,Wednesday
8602,8603,86,9.0,6.0,2024-06-09,Sunday
8603,8604,260,10.0,5.0,2024-06-22,Saturday
8604,8605,211,17.0,4.0,2024-06-14,Friday
8605,8606,273,19.0,1.0,2024-06-16,Sunday
8606,8607,215,1.0,3.0,2024-06-17,Monday
8607,8608,229,23.0,4.0,2024-06-06,Thursday
8608,8609,251,11.0,9.0,2024-06-04,Tuesday
8609,8610,200,24.0,10.0,2024-06-15,Saturday
8610,8611,37,4.0,5.0,2024-06-15,Saturday
8611,8612,104,4.0,6.0,2024-06-02,Sunday
8612,8613,238,17.0,7.0,2024-06-17,Monday
8613,8614,85,18.0,4.0,2024-06-25,Tuesday
8614,8615,19,5.0,7.0,2024-06-22,Saturday
8615,8616,171,22.0,9.0,2024-06-19,Wednesday
8616,8617,109,12.0,5.0,2024-06-25,Tuesday
8617,8618,281,10.0,3.0,2024-06-25,Tuesday
8618,8619,92,17.0,8.0,2024-06-11,Tuesday
8619,8620,267,14.0,7.0,2024-06-11,Tuesday
8620,8621,67,22.0,5.0,2024-06-26,Wednesday
8621,8622,251,7.0,4.0,2024-06-22,Saturday
8622,8623,50,20.0,5.0,2024-06-02,Sunday
8623,8624,267,10.0,3.0,2024-06-20,Thursday
8624,8625,66,3.0,6.0,2024-06-14,Friday
8625,8626,142,23.0,9.0,2024-06-14,Friday
8626,8627,161,5.0,9.0,2024-06-19,Wednesday
8627,8628,81,10.0,7.0,2024-06-03,Monday
8628,8629,78,12.0,7.0,2024-06-15,Saturday
8629,8630,80,24.0,1.0,2024-06-09,Sunday
8630,8631,216,16.0,1.0,2024-06-02,Sunday
8631,8632,27,19.0,6.0,2024-06-16,Sunday
8632,8633,260,17.0,3.0,2024-06-15,Saturday
8633,8634,235,3.0,2.0,2024-06-27,Thursday
8634,8635,285,12.0,7.0,2024-06-23,Sunday
8635,8636,280,3.0,9.0,2024-06-26,Wednesday
8636,8637,282,19.0,2.0,2024-06-05,Wednesday
8637,8638,266,9.0,1.0,2024-06-19,Wednesday
8639,8640,36,19.0,5.0,2024-06-14,Friday
8640,8641,20,2.0,4.0,2024-06-18,Tuesday
8641,8642,33,10.0,7.0,2024-06-02,Sunday
8642,8643,151,6.0,4.0,2024-06-07,Friday
8643,8644,71,8.0,2.0,2024-06-16,Sunday
8644,8645,48,5.0,7.0,2024-06-14,Friday
8645,8646,81,20.0,3.0,2024-06-08,Saturday
8646,8647,49,8.0,5.0,2024-06-23,Sunday
8647,8648,118,1.0,3.0,2024-06-05,Wednesday
8648,8649,283,1.0,4.0,2024-06-17,Monday
8649,8650,36,7.0,6.0,2024-06-14,Friday
8650,8651,145,15.0,9.0,2024-06-17,Monday
8651,8652,64,20.0,9.0,2024-06-07,Friday
8652,8653,252,5.0,4.0,2024-06-06,Thursday
8653,8654,94,23.0,8.0,2024-06-07,Friday
8654,8655,191,11.0,5.0,2024-06-11,Tuesday
8655,8656,181,7.0,3.0,2024-06-07,Friday
8656,8657,21,16.0,1.0,2024-06-21,Friday
8657,8658,61,9.0,2.0,2024-06-04,Tuesday
8658,8659,264,19.0,7.0,2024-06-07,Friday
8659,8660,1,9.0,6.0,2024-06-16,Sunday
8660,8661,190,8.0,8.0,2024-06-13,Thursday
8661,8662,177,7.0,8.0,2024-06-19,Wednesday
8662,8663,62,6.0,3.0,2024-06-03,Monday
8663,8664,124,14.0,10.0,2024-06-02,Sunday
8664,8665,178,23.0,9.0,2024-06-24,Monday
8665,8666,249,1.0,9.0,2024-06-17,Monday
8666,8667,242,1.0,7.0,2024-06-07,Friday
8667,8668,284,19.0,7.0,2024-06-05,Wednesday
8668,8669,252,13.0,10.0,2024-06-01,Saturday
8669,8670,125,4.0,9.0,2024-06-10,Monday
8670,8671,14,11.0,1.0,2024-06-11,Tuesday
8671,8672,140,20.0,1.0,2024-06-11,Tuesday
8672,8673,83,15.0,1.0,2024-06-22,Saturday
8673,8674,51,16.0,2.0,2024-06-12,Wednesday
8674,8675,50,15.0,8.0,2024-06-18,Tuesday
8675,8676,243,19.0,8.0,2024-06-26,Wednesday
8676,8677,149,11.0,2.0,2024-06-08,Saturday
8677,8678,67,17.0,9.0,2024-06-27,Thursday
8678,8679,234,9.0,2.0,2024-06-14,Friday
8679,8680,283,22.0,8.0,2024-06-04,Tuesday
8680,8681,280,15.0,3.0,2024-06-02,Sunday
8681,8682,178,16.0,9.0,2024-06-13,Thursday
8682,8683,52,24.0,4.0,2024-06-28,Friday
8683,8684,85,1.0,7.0,2024-06-14,Friday
8684,8685,257,8.0,7.0,2024-06-10,Monday
8685,8686,15,6.0,9.0,2024-06-06,Thursday
8686,8687,262,22.0,1.0,2024-06-20,Thursday
8687,8688,287,2.0,4.0,2024-06-06,Thursday
8688,8689,270,3.0,8.0,2024-06-21,Friday
8689,8690,272,7.0,7.0,2024-06-04,Tuesday
8690,8691,113,5.0,6.0,2024-06-03,Monday
8691,8692,55,6.0,4.0,2024-06-17,Monday
8692,8693,288,22.0,1.0,2024-06-05,Wednesday
8693,8694,102,24.0,7.0,2024-06-27,Thursday
8694,8695,227,21.0,5.0,2024-06-02,Sunday
8695,8696,18,19.0,10.0,2024-06-24,Monday
8696,8697,15,17.0,6.0,2024-06-23,Sunday
8697,8698,166,1.0,5.0,2024-06-24,Monday
8698,8699,39,4.0,3.0,2024-06-25,Tuesday
8699,8700,267,6.0,7.0,2024-06-19,Wednesday
8700,8701,286,1.0,8.0,2024-06-20,Thursday
8701,8702,56,20.0,2.0,2024-06-10,Monday
8702,8703,276,17.0,2.0,2024-06-14,Friday
8703,8704,285,8.0,5.0,2024-06-20,Thursday
8704,8705,172,8.0,7.0,2024-06-28,Friday
8705,8706,29,12.0,3.0,2024-06-24,Monday
8706,8707,173,1.0,10.0,2024-06-18,Tuesday
8707,8708,99,21.0,7.0,2024-06-02,Sunday
8708,8709,189,17.0,6.0,2024-06-18,Tuesday
8709,8710,44,16.0,1.0,2024-06-16,Sunday
8710,8711,68,15.0,2.0,2024-06-13,Thursday
8711,8712,89,25.0,1.0,2024-06-23,Sunday
8712,8713,200,17.0,3.0,2024-06-20,Thursday
8713,8714,11,1.0,8.0,2024-06-18,Tuesday
8714,8715,220,20.0,1.0,2024-06-08,Saturday
8715,8716,162,2.0,8.0,2024-06-09,Sunday
8716,8717,135,9.0,7.0,2024-06-13,Thursday
8717,8718,177,4.0,10.0,2024-06-23,Sunday
8718,8719,120,7.0,5.0,2024-06-21,Friday
8719,8720,173,6.0,10.0,2024-06-06,Thursday
8720,8721,233,3.0,4.0,2024-06-27,Thursday
8721,8722,201,1.0,1.0,2024-06-08,Saturday
8722,8723,253,17.0,8.0,2024-06-16,Sunday
8723,8724,269,21.0,10.0,2024-06-02,Sunday
8724,8725,231,16.0,3.0,2024-06-02,Sunday
8725,8726,3,14.0,3.0,2024-06-25,Tuesday
8726,8727,203,1.0,6.0,2024-06-14,Friday
8727,8728,94,12.0,6.0,2024-06-17,Monday
8728,8729,102,15.0,9.0,2024-06-01,Saturday
8729,8730,14,6.0,5.0,2024-06-22,Saturday
8730,8731,230,5.0,4.0,2024-06-15,Saturday
8731,8732,8,11.0,4.0,2024-06-02,Sunday
8732,8733,169,4.0,9.0,2024-06-01,Saturday
8733,8734,163,2.0,3.0,2024-06-15,Saturday
8734,8735,151,23.0,5.0,2024-06-12,Wednesday
8735,8736,112,16.0,2.0,2024-06-01,Saturday
8736,8737,132,18.0,9.0,2024-06-14,Friday
8737,8738,42,5.0,1.0,2024-06-04,Tuesday
8738,8739,208,6.0,1.0,2024-06-25,Tuesday
8739,8740,187,23.0,8.0,2024-06-24,Monday
8740,8741,230,5.0,6.0,2024-06-28,Friday
8741,8742,176,17.0,8.0,2024-06-19,Wednesday
8743,8744,263,7.0,2.0,2024-06-15,Saturday
8744,8745,101,23.0,7.0,2024-06-14,Friday
8745,8746,44,17.0,9.0,2024-06-26,Wednesday
8746,8747,12,14.0,2.0,2024-06-05,Wednesday
8747,8748,29,15.0,6.0,2024-06-20,Thursday
8748,8749,275,6.0,7.0,2024-06-18,Tuesday
8749,8750,140,10.0,4.0,2024-06-17,Monday
8750,8751,161,19.0,10.0,2024-06-15,Saturday
8751,8752,224,13.0,4.0,2024-06-27,Thursday
8752,8753,36,18.0,7.0,2024-06-02,Sunday
8753,8754,105,18.0,7.0,2024-06-15,Saturday
8754,8755,63,5.0,7.0,2024-06-17,Monday
8755,8756,69,9.0,10.0,2024-06-20,Thursday
8756,8757,274,16.0,8.0,2024-06-04,Tuesday
8757,8758,274,14.0,3.0,2024-06-04,Tuesday
8758,8759,55,18.0,3.0,2024-06-06,Thursday
8759,8760,5,13.0,9.0,2024-06-28,Friday
8760,8761,214,12.0,9.0,2024-06-21,Friday
8761,8762,43,21.0,1.0,2024-06-19,Wednesday
8762,8763,154,12.0,7.0,2024-06-27,Thursday
8763,8764,283,24.0,8.0,2024-06-03,Monday
8764,8765,70,4.0,4.0,2024-06-23,Sunday
8765,8766,299,13.0,9.0,2024-06-28,Friday
8766,8767,257,6.0,10.0,2024-06-06,Thursday
8767,8768,44,25.0,2.0,2024-06-27,Thursday
8768,8769,209,14.0,9.0,2024-06-27,Thursday
8769,8770,254,18.0,4.0,2024-06-10,Monday
8770,8771,149,11.0,8.0,2024-06-11,Tuesday
8771,8772,290,25.0,7.0,2024-06-15,Saturday
8772,8773,36,24.0,3.0,2024-06-16,Sunday
8773,8774,300,19.0,5.0,2024-06-18,Tuesday
8774,8775,89,9.0,8.0,2024-06-06,Thursday
8775,8776,191,11.0,5.0,2024-06-04,Tuesday
8776,8777,119,3.0,7.0,2024-06-13,Thursday
8777,8778,73,8.0,10.0,2024-06-15,Saturday
8778,8779,164,7.0,3.0,2024-06-18,Tuesday
8779,8780,246,23.0,6.0,2024-06-17,Monday
8780,8781,299,25.0,5.0,2024-06-27,Thursday
8781,8782,60,3.0,9.0,2024-06-24,Monday
8782,8783,10,14.0,2.0,2024-06-18,Tuesday
8783,8784,262,3.0,1.0,2024-06-16,Sunday
8784,8785,225,6.0,2.0,2024-06-05,Wednesday
8785,8786,128,10.0,1.0,2024-06-20,Thursday
8786,8787,11,25.0,2.0,2024-06-27,Thursday
8787,8788,5,3.0,8.0,2024-06-19,Wednesday
8788,8789,281,4.0,5.0,2024-06-16,Sunday
8789,8790,185,8.0,4.0,2024-06-20,Thursday
8790,8791,123,19.0,3.0,2024-06-27,Thursday
8791,8792,42,21.0,9.0,2024-06-21,Friday
8792,8793,254,9.0,4.0,2024-06-18,Tuesday
8793,8794,109,6.0,4.0,2024-06-24,Monday
8794,8795,194,16.0,3.0,2024-06-05,Wednesday
8795,8796,71,6.0,7.0,2024-06-17,Monday
8796,8797,113,10.0,4.0,2024-06-25,Tuesday
8797,8798,112,6.0,3.0,2024-06-13,Thursday
8798,8799,182,17.0,4.0,2024-06-03,Monday
8799,8800,260,23.0,2.0,2024-06-03,Monday
8800,8801,74,10.0,3.0,2024-06-06,Thursday
8801,8802,183,20.0,8.0,2024-06-23,Sunday
8802,8803,113,19.0,8.0,2024-06-02,Sunday
8803,8804,91,20.0,4.0,2024-06-12,Wednesday
8804,8805,179,11.0,5.0,2024-06-10,Monday
8805,8806,238,8.0,8.0,2024-06-06,Thursday
8806,8807,130,18.0,4.0,2024-06-12,Wednesday
8807,8808,113,16.0,9.0,2024-06-20,Thursday
8808,8809,55,13.0,6.0,2024-06-14,Friday
8809,8810,194,15.0,6.0,2024-06-16,Sunday
8810,8811,48,12.0,10.0,2024-06-08,Saturday
8811,8812,116,8.0,6.0,2024-06-21,Friday
8812,8813,63,7.0,6.0,2024-06-25,Tuesday
8813,8814,125,24.0,5.0,2024-06-15,Saturday
8814,8815,13,22.0,3.0,2024-06-15,Saturday
8815,8816,90,5.0,7.0,2024-06-26,Wednesday
8817,8818,212,10.0,9.0,2024-06-08,Saturday
8818,8819,261,15.0,6.0,2024-06-04,Tuesday
8819,8820,170,19.0,2.0,2024-06-20,Thursday
8820,8821,107,17.0,4.0,2024-06-08,Saturday
8821,8822,98,5.0,10.0,2024-06-28,Friday
8822,8823,65,2.0,2.0,2024-06-25,Tuesday
8823,8824,203,11.0,4.0,2024-06-23,Sunday
8824,8825,37,4.0,9.0,2024-06-22,Saturday
8825,8826,174,3.0,7.0,2024-06-22,Saturday
8826,8827,171,20.0,3.0,2024-06-12,Wednesday
8827,8828,288,5.0,7.0,2024-06-01,Saturday
8828,8829,234,1.0,4.0,2024-06-24,Monday
8829,8830,271,17.0,9.0,2024-06-07,Friday
8830,8831,137,20.0,8.0,2024-06-27,Thursday
8831,8832,187,7.0,9.0,2024-06-20,Thursday
8832,8833,5,10.0,5.0,2024-06-27,Thursday
8833,8834,64,14.0,1.0,2024-06-20,Thursday
8834,8835,287,20.0,4.0,2024-06-05,Wednesday
8835,8836,49,2.0,2.0,2024-06-01,Saturday
8836,8837,251,17.0,5.0,2024-06-10,Monday
8837,8838,18,19.0,8.0,2024-06-27,Thursday
8838,8839,219,22.0,4.0,2024-06-20,Thursday
8839,8840,40,20.0,5.0,2024-06-13,Thursday
8840,8841,85,16.0,2.0,2024-06-25,Tuesday
8841,8842,178,1.0,8.0,2024-06-07,Friday
8842,8843,235,12.0,1.0,2024-06-10,Monday
8843,8844,264,8.0,2.0,2024-06-26,Wednesday
8845,8846,243,24.0,7.0,2024-06-16,Sunday
8846,8847,162,16.0,6.0,2024-06-13,Thursday
8847,8848,17,4.0,4.0,2024-06-18,Tuesday
8848,8849,165,15.0,9.0,2024-06-22,Saturday
8849,8850,173,17.0,7.0,2024-06-28,Friday
8850,8851,150,25.0,3.0,2024-06-01,Saturday
8851,8852,73,7.0,1.0,2024-06-26,Wednesday
8852,8853,216,1.0,7.0,2024-06-12,Wednesday
8853,8854,122,10.0,3.0,2024-06-08,Saturday
8854,8855,263,19.0,4.0,2024-06-08,Saturday
8855,8856,211,9.0,7.0,2024-06-25,Tuesday
8856,8857,201,22.0,9.0,2024-06-12,Wednesday
8857,8858,229,14.0,7.0,2024-06-26,Wednesday
8858,8859,283,11.0,10.0,2024-06-26,Wednesday
8859,8860,222,12.0,10.0,2024-06-02,Sunday
8860,8861,243,15.0,5.0,2024-06-09,Sunday
8861,8862,171,23.0,5.0,2024-06-08,Saturday
8862,8863,286,6.0,1.0,2024-06-22,Saturday
8863,8864,82,24.0,9.0,2024-06-22,Saturday
8864,8865,24,10.0,7.0,2024-06-11,Tuesday
8865,8866,32,11.0,8.0,2024-06-15,Saturday
8866,8867,23,2.0,3.0,2024-06-02,Sunday
8867,8868,249,15.0,10.0,2024-06-21,Friday
8868,8869,185,7.0,3.0,2024-06-02,Sunday
8869,8870,190,11.0,1.0,2024-06-06,Thursday
8870,8871,27,13.0,4.0,2024-06-10,Monday
8871,8872,222,13.0,8.0,2024-06-23,Sunday
8872,8873,17,22.0,7.0,2024-06-03,Monday
8873,8874,129,16.0,4.0,2024-06-26,Wednesday
8874,8875,62,12.0,3.0,2024-06-26,Wednesday
8876,8877,106,11.0,8.0,2024-06-17,Monday
8877,8878,100,11.0,5.0,2024-06-21,Friday
8878,8879,202,5.0,1.0,2024-06-02,Sunday
8879,8880,256,2.0,8.0,2024-06-13,Thursday
8880,8881,124,3.0,7.0,2024-06-14,Friday
8881,8882,8,9.0,7.0,2024-06-11,Tuesday
8882,8883,34,19.0,10.0,2024-06-09,Sunday
8883,8884,35,21.0,7.0,2024-06-06,Thursday
8884,8885,288,5.0,7.0,2024-06-11,Tuesday
8885,8886,156,25.0,2.0,2024-06-12,Wednesday
8886,8887,23,17.0,10.0,2024-06-08,Saturday
8887,8888,299,21.0,2.0,2024-06-03,Monday
8888,8889,64,8.0,4.0,2024-06-11,Tuesday
8889,8890,16,9.0,4.0,2024-06-13,Thursday
8890,8891,192,17.0,2.0,2024-06-09,Sunday
8891,8892,169,6.0,9.0,2024-06-20,Thursday
8892,8893,155,21.0,1.0,2024-06-19,Wednesday
8893,8894,15,14.0,1.0,2024-06-04,Tuesday
8894,8895,32,13.0,1.0,2024-06-24,Monday
8895,8896,282,19.0,8.0,2024-06-14,Friday
8896,8897,169,2.0,1.0,2024-06-06,Thursday
8897,8898,231,20.0,8.0,2024-06-14,Friday
8898,8899,4,21.0,5.0,2024-06-01,Saturday
8899,8900,36,5.0,5.0,2024-06-14,Friday
8900,8901,73,12.0,2.0,2024-06-05,Wednesday
8901,8902,90,13.0,2.0,2024-06-09,Sunday
8902,8903,270,22.0,5.0,2024-06-16,Sunday
8903,8904,108,14.0,9.0,2024-06-25,Tuesday
8904,8905,137,24.0,7.0,2024-06-18,Tuesday
8905,8906,69,15.0,3.0,2024-06-09,Sunday
8906,8907,93,20.0,1.0,2024-06-17,Monday
8907,8908,35,19.0,4.0,2024-06-24,Monday
8908,8909,108,3.0,4.0,2024-06-09,Sunday
8909,8910,36,24.0,9.0,2024-06-05,Wednesday
8910,8911,121,18.0,6.0,2024-06-20,Thursday
8911,8912,160,6.0,4.0,2024-06-10,Monday
8912,8913,232,21.0,1.0,2024-06-21,Friday
8913,8914,262,22.0,4.0,2024-06-06,Thursday
8914,8915,19,11.0,4.0,2024-06-10,Monday
8915,8916,264,9.0,6.0,2024-06-05,Wednesday
8916,8917,289,7.0,9.0,2024-06-17,Monday
8917,8918,225,10.0,10.0,2024-06-17,Monday
8919,8920,273,18.0,8.0,2024-06-21,Friday
8920,8921,279,7.0,3.0,2024-06-09,Sunday
8921,8922,89,17.0,1.0,2024-06-26,Wednesday
8922,8923,238,8.0,3.0,2024-06-19,Wednesday
8923,8924,17,15.0,8.0,2024-06-27,Thursday
8924,8925,221,14.0,6.0,2024-06-14,Friday
8925,8926,144,1.0,1.0,2024-06-16,Sunday
8926,8927,70,15.0,8.0,2024-06-28,Friday
8927,8928,108,22.0,2.0,2024-06-14,Friday
8928,8929,209,19.0,9.0,2024-06-23,Sunday
8929,8930,60,17.0,6.0,2024-06-08,Saturday
8930,8931,152,22.0,5.0,2024-06-19,Wednesday
8931,8932,283,20.0,8.0,2024-06-27,Thursday
8932,8933,275,12.0,8.0,2024-06-27,Thursday
8933,8934,294,6.0,1.0,2024-06-08,Saturday
8934,8935,224,13.0,6.0,2024-06-16,Sunday
8935,8936,170,16.0,3.0,2024-06-03,Monday
8936,8937,161,3.0,8.0,2024-06-22,Saturday
8937,8938,118,21.0,8.0,2024-06-12,Wednesday
8938,8939,15,13.0,4.0,2024-06-04,Tuesday
8939,8940,185,3.0,1.0,2024-06-20,Thursday
8940,8941,270,6.0,5.0,2024-06-04,Tuesday
8941,8942,1,7.0,6.0,2024-06-15,Saturday
8942,8943,48,6.0,1.0,2024-06-11,Tuesday
8943,8944,262,16.0,10.0,2024-06-13,Thursday
8944,8945,165,8.0,6.0,2024-06-18,Tuesday
8945,8946,197,6.0,4.0,2024-06-02,Sunday
8946,8947,228,8.0,7.0,2024-06-22,Saturday
8947,8948,19,17.0,2.0,2024-06-27,Thursday
8948,8949,234,16.0,9.0,2024-06-17,Monday
8949,8950,156,13.0,5.0,2024-06-12,Wednesday
8950,8951,35,2.0,1.0,2024-06-28,Friday
8951,8952,228,10.0,3.0,2024-06-03,Monday
8952,8953,33,6.0,6.0,2024-06-22,Saturday
8953,8954,254,19.0,5.0,2024-06-03,Monday
8954,8955,171,18.0,7.0,2024-06-28,Friday
8955,8956,88,15.0,3.0,2024-06-25,Tuesday
8956,8957,77,9.0,1.0,2024-06-02,Sunday
8957,8958,38,5.0,3.0,2024-06-10,Monday
8958,8959,161,2.0,2.0,2024-06-22,Saturday
8959,8960,159,22.0,3.0,2024-06-02,Sunday
8960,8961,63,15.0,8.0,2024-06-21,Friday
8961,8962,261,7.0,3.0,2024-06-04,Tuesday
8962,8963,219,23.0,8.0,2024-06-10,Monday
8963,8964,213,19.0,10.0,2024-06-15,Saturday
8964,8965,238,14.0,3.0,2024-06-24,Monday
8965,8966,107,1.0,8.0,2024-06-24,Monday
8966,8967,90,3.0,10.0,2024-06-16,Sunday
8967,8968,29,13.0,9.0,2024-06-13,Thursday
8968,8969,127,10.0,6.0,2024-06-07,Friday
8969,8970,236,7.0,2.0,2024-06-12,Wednesday
8970,8971,161,18.0,7.0,2024-06-26,Wednesday
8971,8972,115,4.0,4.0,2024-06-28,Friday
8972,8973,40,7.0,7.0,2024-06-08,Saturday
8974,8975,227,10.0,1.0,2024-06-25,Tuesday
8975,8976,24,25.0,2.0,2024-06-20,Thursday
8976,8977,250,20.0,1.0,2024-06-03,Monday
8977,8978,82,16.0,8.0,2024-06-24,Monday
8978,8979,8,15.0,4.0,2024-06-28,Friday
8979,8980,19,10.0,1.0,2024-06-27,Thursday
8980,8981,88,7.0,7.0,2024-06-04,Tuesday
8981,8982,298,15.0,10.0,2024-06-26,Wednesday
8982,8983,14,16.0,4.0,2024-06-26,Wednesday
8983,8984,208,15.0,2.0,2024-06-14,Friday
8984,8985,269,3.0,7.0,2024-06-04,Tuesday
8985,8986,280,6.0,7.0,2024-06-16,Sunday
8986,8987,228,7.0,3.0,2024-06-26,Wednesday
8987,8988,72,3.0,6.0,2024-06-15,Saturday
8988,8989,207,25.0,3.0,2024-06-14,Friday
8989,8990,291,20.0,3.0,2024-06-14,Friday
8991,8992,58,5.0,1.0,2024-06-13,Thursday
8992,8993,128,16.0,1.0,2024-06-22,Saturday
8993,8994,234,16.0,2.0,2024-06-17,Monday
8994,8995,65,25.0,8.0,2024-06-24,Monday
8995,8996,260,8.0,4.0,2024-06-19,Wednesday
8996,8997,297,7.0,7.0,2024-06-09,Sunday
8997,8998,42,24.0,3.0,2024-06-01,Saturday
8998,8999,70,17.0,3.0,2024-06-22,Saturday
8999,9000,291,18.0,4.0,2024-06-21,Friday
9000,9001,81,14.0,5.0,2024-06-22,Saturday
9001,9002,109,1.0,2.0,2024-06-07,Friday
9002,9003,138,8.0,5.0,2024-06-03,Monday
9003,9004,208,5.0,8.0,2024-06-17,Monday
9004,9005,268,14.0,1.0,2024-06-04,Tuesday
9005,9006,206,13.0,7.0,2024-06-05,Wednesday
9006,9007,74,20.0,5.0,2024-06-24,Monday
9007,9008,27,3.0,5.0,2024-06-18,Tuesday
9008,9009,174,19.0,6.0,2024-06-21,Friday
9009,9010,76,14.0,3.0,2024-06-01,Saturday
9010,9011,151,7.0,3.0,2024-06-01,Saturday
9011,9012,141,13.0,3.0,2024-06-23,Sunday
9012,9013,172,20.0,5.0,2024-06-28,Friday
9013,9014,110,25.0,1.0,2024-06-02,Sunday
9014,9015,22,24.0,1.0,2024-06-04,Tuesday
9015,9016,163,22.0,3.0,2024-06-18,Tuesday
9016,9017,51,11.0,6.0,2024-06-11,Tuesday
9017,9018,157,19.0,7.0,2024-06-19,Wednesday
9018,9019,62,19.0,7.0,2024-06-23,Sunday
9019,9020,101,13.0,6.0,2024-06-19,Wednesday
9020,9021,219,2.0,1.0,2024-06-05,Wednesday
9021,9022,170,23.0,7.0,2024-06-06,Thursday
9022,9023,118,9.0,2.0,2024-06-22,Saturday
9023,9024,22,18.0,10.0,2024-06-24,Monday
9024,9025,53,10.0,7.0,2024-06-27,Thursday
9025,9026,299,8.0,7.0,2024-06-16,Sunday
9026,9027,89,23.0,9.0,2024-06-22,Saturday
9027,9028,243,3.0,9.0,2024-06-03,Monday
9028,9029,131,2.0,9.0,2024-06-05,Wednesday
9029,9030,119,11.0,6.0,2024-06-06,Thursday
9030,9031,43,20.0,2.0,2024-06-03,Monday
9031,9032,299,11.0,4.0,2024-06-05,Wednesday
9032,9033,85,14.0,7.0,2024-06-22,Saturday
9033,9034,288,11.0,7.0,2024-06-25,Tuesday
9034,9035,2,23.0,3.0,2024-06-10,Monday
9035,9036,61,21.0,3.0,2024-06-05,Wednesday
9036,9037,172,12.0,5.0,2024-06-23,Sunday
9037,9038,140,3.0,1.0,2024-06-28,Friday
9038,9039,149,24.0,7.0,2024-06-26,Wednesday
9039,9040,130,20.0,6.0,2024-06-23,Sunday
9040,9041,257,12.0,5.0,2024-06-04,Tuesday
9041,9042,287,4.0,2.0,2024-06-10,Monday
9042,9043,118,14.0,7.0,2024-06-11,Tuesday
9043,9044,176,25.0,10.0,2024-06-25,Tuesday
9044,9045,169,6.0,7.0,2024-06-16,Sunday
9045,9046,30,12.0,7.0,2024-06-10,Monday
9046,9047,75,20.0,1.0,2024-06-03,Monday
9047,9048,211,6.0,10.0,2024-06-11,Tuesday
9048,9049,223,3.0,4.0,2024-06-04,Tuesday
9049,9050,4,7.0,8.0,2024-06-19,Wednesday
9050,9051,77,1.0,10.0,2024-06-17,Monday
9051,9052,255,15.0,6.0,2024-06-12,Wednesday
9052,9053,71,23.0,4.0,2024-06-14,Friday
9053,9054,33,24.0,5.0,2024-06-26,Wednesday
9054,9055,4,19.0,6.0,2024-06-27,Thursday
9055,9056,161,20.0,10.0,2024-06-13,Thursday
9056,9057,111,5.0,7.0,2024-06-25,Tuesday
9057,9058,175,24.0,2.0,2024-06-28,Friday
9059,9060,215,22.0,10.0,2024-06-18,Tuesday
9060,9061,3,14.0,5.0,2024-06-20,Thursday
9061,9062,241,21.0,3.0,2024-06-14,Friday
9062,9063,270,11.0,6.0,2024-06-15,Saturday
9063,9064,104,9.0,4.0,2024-06-03,Monday
9064,9065,26,2.0,4.0,2024-06-27,Thursday
9065,9066,172,18.0,4.0,2024-06-21,Friday
9066,9067,144,8.0,8.0,2024-06-14,Friday
9067,9068,173,7.0,10.0,2024-06-06,Thursday
9068,9069,193,19.0,4.0,2024-06-03,Monday
9069,9070,215,9.0,2.0,2024-06-02,Sunday
9070,9071,109,23.0,4.0,2024-06-10,Monday
9071,9072,292,14.0,6.0,2024-06-13,Thursday
9072,9073,234,5.0,6.0,2024-06-27,Thursday
9073,9074,19,2.0,10.0,2024-06-22,Saturday
9074,9075,38,3.0,8.0,2024-06-23,Sunday
9075,9076,124,4.0,8.0,2024-06-26,Wednesday
9076,9077,53,25.0,10.0,2024-06-14,Friday
9077,9078,215,1.0,10.0,2024-06-07,Friday
9078,9079,187,4.0,4.0,2024-06-21,Friday
9079,9080,278,17.0,7.0,2024-06-04,Tuesday
9080,9081,242,12.0,7.0,2024-06-08,Saturday
9081,9082,19,20.0,7.0,2024-06-12,Wednesday
9082,9083,187,3.0,7.0,2024-06-05,Wednesday
9083,9084,42,10.0,5.0,2024-06-03,Monday
9084,9085,30,8.0,3.0,2024-06-11,Tuesday
9085,9086,80,12.0,6.0,2024-06-16,Sunday
9086,9087,5,16.0,5.0,2024-06-10,Monday
9087,9088,250,17.0,4.0,2024-06-10,Monday
9088,9089,85,25.0,10.0,2024-06-14,Friday
9089,9090,138,23.0,1.0,2024-06-26,Wednesday
9090,9091,286,19.0,4.0,2024-06-15,Saturday
9091,9092,241,5.0,2.0,2024-06-18,Tuesday
9092,9093,239,25.0,5.0,2024-06-02,Sunday
9093,9094,128,21.0,2.0,2024-06-05,Wednesday
9094,9095,154,19.0,3.0,2024-06-10,Monday
9095,9096,184,2.0,4.0,2024-06-10,Monday
9096,9097,300,11.0,3.0,2024-06-28,Friday
9097,9098,244,21.0,5.0,2024-06-14,Friday
9098,9099,148,18.0,5.0,2024-06-10,Monday
9099,9100,208,5.0,7.0,2024-06-17,Monday
9100,9101,180,18.0,9.0,2024-06-04,Tuesday
9101,9102,272,19.0,1.0,2024-06-15,Saturday
9102,9103,296,12.0,9.0,2024-06-25,Tuesday
9103,9104,36,8.0,1.0,2024-06-05,Wednesday
9104,9105,96,4.0,7.0,2024-06-25,Tuesday
9105,9106,232,14.0,3.0,2024-06-26,Wednesday
9106,9107,52,21.0,1.0,2024-06-20,Thursday
9107,9108,112,4.0,3.0,2024-06-05,Wednesday
9108,9109,29,15.0,5.0,2024-06-20,Thursday
9109,9110,276,16.0,2.0,2024-06-17,Monday
9110,9111,126,18.0,1.0,2024-06-14,Friday
9111,9112,40,11.0,4.0,2024-06-13,Thursday
9112,9113,124,25.0,4.0,2024-06-13,Thursday
9113,9114,179,9.0,10.0,2024-06-12,Wednesday
9114,9115,74,1.0,6.0,2024-06-12,Wednesday
9115,9116,77,12.0,8.0,2024-06-22,Saturday
9116,9117,247,16.0,3.0,2024-06-06,Thursday
9117,9118,208,14.0,3.0,2024-06-05,Wednesday
9118,9119,6,3.0,3.0,2024-06-18,Tuesday
9119,9120,266,17.0,3.0,2024-06-22,Saturday
9120,9121,115,3.0,8.0,2024-06-16,Sunday
9121,9122,248,7.0,5.0,2024-06-18,Tuesday
9122,9123,207,15.0,8.0,2024-06-28,Friday
9123,9124,98,15.0,10.0,2024-06-27,Thursday
9124,9125,104,14.0,8.0,2024-06-19,Wednesday
9125,9126,207,24.0,6.0,2024-06-07,Friday
9126,9127,75,6.0,4.0,2024-06-20,Thursday
9127,9128,278,8.0,5.0,2024-06-05,Wednesday
9128,9129,203,10.0,5.0,2024-06-16,Sunday
9129,9130,151,11.0,10.0,2024-06-17,Monday
9130,9131,3,18.0,10.0,2024-06-17,Monday
9131,9132,99,6.0,1.0,2024-06-10,Monday
9132,9133,34,16.0,6.0,2024-06-05,Wednesday
9133,9134,118,20.0,2.0,2024-06-12,Wednesday
9134,9135,15,1.0,4.0,2024-06-26,Wednesday
9135,9136,244,14.0,1.0,2024-06-17,Monday
9136,9137,128,5.0,2.0,2024-06-17,Monday
9137,9138,107,2.0,4.0,2024-06-17,Monday
9138,9139,220,15.0,5.0,2024-06-01,Saturday
9139,9140,272,17.0,4.0,2024-06-18,Tuesday
9141,9142,238,3.0,9.0,2024-06-22,Saturday
9142,9143,177,3.0,4.0,2024-06-25,Tuesday
9143,9144,230,7.0,1.0,2024-06-26,Wednesday
9144,9145,105,18.0,7.0,2024-06-02,Sunday
9145,9146,281,23.0,2.0,2024-06-20,Thursday
9146,9147,218,11.0,6.0,2024-06-18,Tuesday
9147,9148,34,14.0,3.0,2024-06-04,Tuesday
9148,9149,268,25.0,6.0,2024-06-08,Saturday
9149,9150,122,4.0,7.0,2024-06-02,Sunday
9150,9151,158,21.0,8.0,2024-06-19,Wednesday
9151,9152,184,3.0,4.0,2024-06-12,Wednesday
9152,9153,5,7.0,6.0,2024-06-01,Saturday
9153,9154,18,18.0,4.0,2024-06-22,Saturday
9154,9155,2,7.0,1.0,2024-06-08,Saturday
9155,9156,210,9.0,3.0,2024-06-24,Monday
9156,9157,181,21.0,8.0,2024-06-22,Saturday
9157,9158,97,7.0,2.0,2024-06-27,Thursday
9158,9159,95,22.0,6.0,2024-06-03,Monday
9159,9160,12,6.0,2.0,2024-06-17,Monday
9160,9161,29,6.0,8.0,2024-06-16,Sunday
9161,9162,263,19.0,4.0,2024-06-12,Wednesday
9162,9163,106,22.0,2.0,2024-06-17,Monday
9163,9164,58,24.0,5.0,2024-06-12,Wednesday
9164,9165,12,16.0,7.0,2024-06-04,Tuesday
9165,9166,29,22.0,3.0,2024-06-01,Saturday
9166,9167,135,3.0,1.0,2024-06-10,Monday
9167,9168,96,1.0,1.0,2024-06-03,Monday
9168,9169,130,12.0,2.0,2024-06-10,Monday
9169,9170,238,1.0,10.0,2024-06-22,Saturday
9170,9171,121,6.0,4.0,2024-06-08,Saturday
9171,9172,226,1.0,10.0,2024-06-07,Friday
9172,9173,182,23.0,2.0,2024-06-26,Wednesday
9173,9174,47,22.0,3.0,2024-06-25,Tuesday
9174,9175,136,18.0,10.0,2024-06-25,Tuesday
9175,9176,7,25.0,2.0,2024-06-17,Monday
9176,9177,36,4.0,3.0,2024-06-05,Wednesday
9177,9178,3,14.0,2.0,2024-06-24,Monday
9178,9179,242,9.0,7.0,2024-06-15,Saturday
9179,9180,293,7.0,2.0,2024-06-20,Thursday
9180,9181,156,18.0,4.0,2024-06-19,Wednesday
9181,9182,175,15.0,5.0,2024-06-16,Sunday
9182,9183,210,10.0,9.0,2024-06-08,Saturday
9183,9184,201,19.0,7.0,2024-06-21,Friday
9184,9185,216,1.0,10.0,2024-06-21,Friday
9185,9186,129,7.0,1.0,2024-06-01,Saturday
9186,9187,129,1.0,2.0,2024-06-03,Monday
9187,9188,57,2.0,2.0,2024-06-15,Saturday
9188,9189,94,10.0,8.0,2024-06-11,Tuesday
9189,9190,300,20.0,10.0,2024-06-16,Sunday
9190,9191,31,7.0,2.0,2024-06-25,Tuesday
9191,9192,277,25.0,9.0,2024-06-09,Sunday
9192,9193,124,10.0,4.0,2024-06-26,Wednesday
9193,9194,230,23.0,4.0,2024-06-25,Tuesday
9194,9195,223,23.0,8.0,2024-06-20,Thursday
9195,9196,169,23.0,5.0,2024-06-05,Wednesday
9196,9197,21,20.0,6.0,2024-06-21,Friday
9197,9198,25,24.0,6.0,2024-06-18,Tuesday
9198,9199,27,18.0,10.0,2024-06-23,Sunday
9199,9200,279,6.0,1.0,2024-06-14,Friday
9200,9201,293,9.0,5.0,2024-06-12,Wednesday
9201,9202,56,5.0,8.0,2024-06-07,Friday
9202,9203,27,14.0,3.0,2024-06-09,Sunday
9203,9204,291,19.0,7.0,2024-06-15,Saturday
9204,9205,80,12.0,3.0,2024-06-26,Wednesday
9205,9206,228,11.0,8.0,2024-06-04,Tuesday
9206,9207,4,2.0,6.0,2024-06-11,Tuesday
9207,9208,130,1.0,8.0,2024-06-21,Friday
9208,9209,235,6.0,8.0,2024-06-12,Wednesday
9209,9210,181,20.0,3.0,2024-06-10,Monday
9210,9211,67,8.0,3.0,2024-06-24,Monday
9211,9212,104,16.0,9.0,2024-06-04,Tuesday
9212,9213,125,18.0,4.0,2024-06-24,Monday
9213,9214,142,21.0,6.0,2024-06-23,Sunday
9214,9215,146,2.0,4.0,2024-06-02,Sunday
9215,9216,272,15.0,1.0,2024-06-03,Monday
9216,9217,281,21.0,8.0,2024-06-07,Friday
9217,9218,169,2.0,10.0,2024-06-27,Thursday
9218,9219,187,24.0,10.0,2024-06-22,Saturday
9219,9220,279,8.0,4.0,2024-06-22,Saturday
9220,9221,118,11.0,9.0,2024-06-18,Tuesday
9221,9222,300,17.0,10.0,2024-06-17,Monday
9222,9223,275,1.0,6.0,2024-06-12,Wednesday
9223,9224,207,10.0,3.0,2024-06-15,Saturday
9224,9225,123,13.0,5.0,2024-06-17,Monday
9225,9226,72,17.0,1.0,2024-06-18,Tuesday
9226,9227,73,20.0,5.0,2024-06-14,Friday
9227,9228,234,16.0,10.0,2024-06-01,Saturday
9228,9229,21,4.0,4.0,2024-06-15,Saturday
9229,9230,139,19.0,2.0,2024-06-16,Sunday
9230,9231,170,15.0,10.0,2024-06-07,Friday
9231,9232,89,16.0,2.0,2024-06-06,Thursday
9232,9233,163,12.0,8.0,2024-06-19,Wednesday
9233,9234,77,5.0,3.0,2024-06-23,Sunday
9234,9235,35,18.0,7.0,2024-06-16,Sunday
9235,9236,158,3.0,10.0,2024-06-06,Thursday
9236,9237,211,18.0,6.0,2024-06-21,Friday
9237,9238,107,24.0,7.0,2024-06-22,Saturday
9239,9240,109,2.0,9.0,2024-06-24,Monday
9240,9241,119,9.0,6.0,2024-06-08,Saturday
9241,9242,241,22.0,3.0,2024-06-28,Friday
9242,9243,128,24.0,4.0,2024-06-24,Monday
9243,9244,226,18.0,1.0,2024-06-16,Sunday
9244,9245,72,15.0,4.0,2024-06-06,Thursday
9245,9246,103,25.0,9.0,2024-06-15,Saturday
9246,9247,99,25.0,9.0,2024-06-04,Tuesday
9247,9248,15,25.0,6.0,2024-06-11,Tuesday
9248,9249,161,15.0,9.0,2024-06-03,Monday
9249,9250,103,21.0,6.0,2024-06-03,Monday
9250,9251,12,2.0,6.0,2024-06-20,Thursday
9251,9252,175,6.0,3.0,2024-06-03,Monday
9252,9253,157,14.0,6.0,2024-06-12,Wednesday
9253,9254,92,21.0,1.0,2024-06-13,Thursday
9254,9255,97,6.0,1.0,2024-06-21,Friday
9255,9256,143,15.0,1.0,2024-06-10,Monday
9256,9257,39,7.0,7.0,2024-06-01,Saturday
9257,9258,28,1.0,9.0,2024-06-18,Tuesday
9258,9259,166,5.0,2.0,2024-06-13,Thursday
9259,9260,193,10.0,4.0,2024-06-04,Tuesday
9260,9261,14,19.0,8.0,2024-06-17,Monday
9261,9262,59,21.0,8.0,2024-06-05,Wednesday
9262,9263,89,15.0,10.0,2024-06-09,Sunday
9263,9264,130,17.0,1.0,2024-06-17,Monday
9264,9265,181,2.0,2.0,2024-06-15,Saturday
9265,9266,39,14.0,9.0,2024-06-14,Friday
9266,9267,214,18.0,1.0,2024-06-07,Friday
9267,9268,272,21.0,2.0,2024-06-02,Sunday
9268,9269,174,20.0,6.0,2024-06-02,Sunday
9269,9270,172,1.0,4.0,2024-06-26,Wednesday
9270,9271,48,18.0,1.0,2024-06-05,Wednesday
9271,9272,146,14.0,3.0,2024-06-16,Sunday
9272,9273,113,5.0,3.0,2024-06-08,Saturday
9273,9274,102,20.0,8.0,2024-06-21,Friday
9274,9275,260,4.0,6.0,2024-06-07,Friday
9275,9276,183,11.0,8.0,2024-06-27,Thursday
9276,9277,224,12.0,5.0,2024-06-27,Thursday
9277,9278,242,21.0,5.0,2024-06-19,Wednesday
9278,9279,2,6.0,3.0,2024-06-05,Wednesday
9279,9280,5,22.0,4.0,2024-06-23,Sunday
9280,9281,274,20.0,8.0,2024-06-22,Saturday
9281,9282,181,5.0,1.0,2024-06-01,Saturday
9282,9283,56,1.0,7.0,2024-06-23,Sunday
9283,9284,237,11.0,4.0,2024-06-13,Thursday
9284,9285,241,7.0,7.0,2024-06-15,Saturday
9285,9286,242,6.0,3.0,2024-06-01,Saturday
9286,9287,115,13.0,10.0,2024-06-10,Monday
9287,9288,109,18.0,1.0,2024-06-14,Friday
9288,9289,43,17.0,1.0,2024-06-16,Sunday
9289,9290,68,23.0,8.0,2024-06-16,Sunday
9290,9291,129,4.0,1.0,2024-06-28,Friday
9291,9292,194,10.0,2.0,2024-06-05,Wednesday
9292,9293,125,18.0,10.0,2024-06-22,Saturday
9293,9294,219,21.0,5.0,2024-06-14,Friday
9294,9295,217,17.0,9.0,2024-06-21,Friday
9295,9296,39,2.0,2.0,2024-06-09,Sunday
9296,9297,249,25.0,5.0,2024-06-01,Saturday
9297,9298,44,23.0,8.0,2024-06-16,Sunday
9298,9299,12,25.0,8.0,2024-06-17,Monday
9299,9300,248,8.0,7.0,2024-06-11,Tuesday
9300,9301,26,23.0,8.0,2024-06-27,Thursday
9301,9302,273,23.0,6.0,2024-06-06,Thursday
9302,9303,267,14.0,3.0,2024-06-13,Thursday
9303,9304,276,16.0,5.0,2024-06-24,Monday
9304,9305,103,9.0,3.0,2024-06-25,Tuesday
9306,9307,158,11.0,9.0,2024-06-20,Thursday
9307,9308,87,18.0,7.0,2024-06-25,Tuesday
9308,9309,13,16.0,4.0,2024-06-24,Monday
9309,9310,12,15.0,2.0,2024-06-12,Wednesday
9310,9311,219,10.0,8.0,2024-06-09,Sunday
9311,9312,79,2.0,3.0,2024-06-12,Wednesday
9312,9313,203,25.0,8.0,2024-06-07,Friday
9313,9314,139,15.0,8.0,2024-06-06,Thursday
9314,9315,292,13.0,7.0,2024-06-14,Friday
9315,9316,3,9.0,6.0,2024-06-25,Tuesday
9316,9317,130,2.0,5.0,2024-06-01,Saturday
9317,9318,86,12.0,2.0,2024-06-22,Saturday
9318,9319,192,14.0,6.0,2024-06-06,Thursday
9319,9320,285,4.0,4.0,2024-06-18,Tuesday
9320,9321,137,14.0,8.0,2024-06-07,Friday
9321,9322,28,5.0,8.0,2024-06-06,Thursday
9322,9323,56,9.0,2.0,2024-06-02,Sunday
9323,9324,231,17.0,6.0,2024-06-06,Thursday
9324,9325,35,3.0,10.0,2024-06-16,Sunday
9325,9326,164,6.0,4.0,2024-06-10,Monday
9326,9327,63,4.0,6.0,2024-06-19,Wednesday
9328,9329,73,3.0,3.0,2024-06-16,Sunday
9329,9330,268,13.0,2.0,2024-06-13,Thursday
9330,9331,265,7.0,8.0,2024-06-26,Wednesday
9331,9332,155,15.0,7.0,2024-06-02,Sunday
9332,9333,189,8.0,4.0,2024-06-09,Sunday
9333,9334,247,25.0,6.0,2024-06-18,Tuesday
9334,9335,72,2.0,10.0,2024-06-11,Tuesday
9335,9336,80,1.0,10.0,2024-06-12,Wednesday
9336,9337,205,16.0,1.0,2024-06-22,Saturday
9337,9338,51,5.0,9.0,2024-06-02,Sunday
9338,9339,62,13.0,4.0,2024-06-03,Monday
9339,9340,103,2.0,2.0,2024-06-22,Saturday
9340,9341,230,18.0,1.0,2024-06-14,Friday
9341,9342,209,7.0,9.0,2024-06-03,Monday
9342,9343,279,10.0,2.0,2024-06-15,Saturday
9343,9344,185,16.0,10.0,2024-06-24,Monday
9344,9345,293,11.0,8.0,2024-06-12,Wednesday
9345,9346,98,11.0,7.0,2024-06-20,Thursday
9346,9347,285,13.0,4.0,2024-06-06,Thursday
9347,9348,287,21.0,6.0,2024-06-28,Friday
9348,9349,233,23.0,4.0,2024-06-27,Thursday
9349,9350,267,2.0,9.0,2024-06-22,Saturday
9350,9351,74,4.0,7.0,2024-06-23,Sunday
9351,9352,244,18.0,7.0,2024-06-28,Friday
9352,9353,169,4.0,2.0,2024-06-05,Wednesday
9353,9354,156,4.0,1.0,2024-06-02,Sunday
9354,9355,297,11.0,8.0,2024-06-23,Sunday
9355,9356,193,6.0,8.0,2024-06-18,Tuesday
9356,9357,9,14.0,8.0,2024-06-01,Saturday
9357,9358,242,24.0,10.0,2024-06-04,Tuesday
9358,9359,276,23.0,1.0,2024-06-14,Friday
9359,9360,294,20.0,4.0,2024-06-24,Monday
9360,9361,123,13.0,6.0,2024-06-02,Sunday
9361,9362,245,7.0,2.0,2024-06-01,Saturday
9362,9363,238,6.0,3.0,2024-06-03,Monday
9363,9364,49,20.0,10.0,2024-06-19,Wednesday
9364,9365,115,9.0,1.0,2024-06-13,Thursday
9365,9366,300,6.0,4.0,2024-06-26,Wednesday
9366,9367,78,19.0,10.0,2024-06-13,Thursday
9367,9368,230,9.0,3.0,2024-06-07,Friday
9368,9369,44,6.0,3.0,2024-06-01,Saturday
9369,9370,242,2.0,7.0,2024-06-25,Tuesday
9370,9371,34,15.0,4.0,2024-06-04,Tuesday
9371,9372,104,18.0,2.0,2024-06-21,Friday
9372,9373,299,15.0,6.0,2024-06-22,Saturday
9373,9374,272,22.0,6.0,2024-06-12,Wednesday
9374,9375,196,15.0,2.0,2024-06-22,Saturday
9375,9376,9,19.0,1.0,2024-06-10,Monday
9376,9377,117,20.0,1.0,2024-06-28,Friday
9377,9378,172,18.0,4.0,2024-06-23,Sunday
9378,9379,185,2.0,10.0,2024-06-17,Monday
9379,9380,274,20.0,4.0,2024-06-20,Thursday
9380,9381,27,25.0,1.0,2024-06-26,Wednesday
9381,9382,104,10.0,7.0,2024-06-21,Friday
9382,9383,203,3.0,3.0,2024-06-27,Thursday
9383,9384,212,16.0,3.0,2024-06-14,Friday
9384,9385,226,16.0,3.0,2024-06-21,Friday
9385,9386,282,20.0,8.0,2024-06-07,Friday
9386,9387,65,4.0,9.0,2024-06-25,Tuesday
9387,9388,105,4.0,7.0,2024-06-05,Wednesday
9388,9389,103,24.0,8.0,2024-06-24,Monday
9389,9390,155,5.0,1.0,2024-06-01,Saturday
9390,9391,184,6.0,7.0,2024-06-12,Wednesday
9391,9392,277,1.0,6.0,2024-06-02,Sunday
9392,9393,5,1.0,5.0,2024-06-01,Saturday
9393,9394,2,1.0,2.0,2024-06-11,Tuesday
9394,9395,286,24.0,8.0,2024-06-14,Friday
9395,9396,234,12.0,3.0,2024-06-08,Saturday
9396,9397,171,9.0,2.0,2024-06-06,Thursday
9397,9398,95,9.0,8.0,2024-06-11,Tuesday
9398,9399,298,23.0,6.0,2024-06-25,Tuesday
9399,9400,46,19.0,9.0,2024-06-12,Wednesday
9400,9401,57,13.0,1.0,2024-06-18,Tuesday
9401,9402,133,22.0,9.0,2024-06-27,Thursday
9402,9403,253,5.0,7.0,2024-06-12,Wednesday
9403,9404,258,1.0,9.0,2024-06-10,Monday
9404,9405,20,22.0,3.0,2024-06-21,Friday
9405,9406,265,20.0,1.0,2024-06-19,Wednesday
9406,9407,245,18.0,3.0,2024-06-13,Thursday
9407,9408,300,15.0,9.0,2024-06-25,Tuesday
9408,9409,128,4.0,3.0,2024-06-17,Monday
9409,9410,274,23.0,9.0,2024-06-14,Friday
9410,9411,207,20.0,9.0,2024-06-05,Wednesday
9411,9412,117,17.0,5.0,2024-06-03,Monday
9412,9413,163,10.0,10.0,2024-06-15,Saturday
9413,9414,43,15.0,1.0,2024-06-21,Friday
9414,9415,37,12.0,4.0,2024-06-11,Tuesday
9415,9416,278,25.0,4.0,2024-06-05,Wednesday
9416,9417,57,23.0,7.0,2024-06-10,Monday
9417,9418,185,13.0,2.0,2024-06-16,Sunday
9418,9419,195,17.0,6.0,2024-06-10,Monday
9419,9420,30,21.0,7.0,2024-06-02,Sunday
9420,9421,148,10.0,6.0,2024-06-17,Monday
9421,9422,72,20.0,5.0,2024-06-20,Thursday
9422,9423,217,14.0,5.0,2024-06-06,Thursday
9423,9424,127,5.0,6.0,2024-06-10,Monday
9424,9425,56,25.0,4.0,2024-06-19,Wednesday
9425,9426,131,12.0,9.0,2024-06-18,Tuesday
9426,9427,58,13.0,10.0,2024-06-25,Tuesday
9427,9428,70,25.0,10.0,2024-06-21,Friday
9428,9429,17,16.0,3.0,2024-06-15,Saturday
9429,9430,98,3.0,6.0,2024-06-14,Friday
9430,9431,78,4.0,4.0,2024-06-14,Friday
9431,9432,142,9.0,8.0,2024-06-16,Sunday
9432,9433,250,13.0,10.0,2024-06-16,Sunday
9433,9434,147,17.0,10.0,2024-06-23,Sunday
9434,9435,108,20.0,10.0,2024-06-01,Saturday
9435,9436,140,16.0,2.0,2024-06-19,Wednesday
9436,9437,39,19.0,5.0,2024-06-20,Thursday
9437,9438,202,3.0,5.0,2024-06-28,Friday
9438,9439,44,17.0,5.0,2024-06-13,Thursday
9439,9440,127,12.0,3.0,2024-06-06,Thursday
9440,9441,249,7.0,1.0,2024-06-04,Tuesday
9441,9442,114,5.0,7.0,2024-06-03,Monday
9442,9443,294,19.0,4.0,2024-06-12,Wednesday
9443,9444,52,17.0,1.0,2024-06-28,Friday
9444,9445,213,25.0,9.0,2024-06-26,Wednesday
9445,9446,289,14.0,3.0,2024-06-14,Friday
9446,9447,201,9.0,1.0,2024-06-05,Wednesday
9447,9448,227,3.0,3.0,2024-06-06,Thursday
9448,9449,211,8.0,2.0,2024-06-25,Tuesday
9449,9450,192,10.0,1.0,2024-06-09,Sunday
9450,9451,272,24.0,2.0,2024-06-14,Friday
9451,9452,6,9.0,4.0,2024-06-05,Wednesday
9452,9453,58,25.0,8.0,2024-06-27,Thursday
9453,9454,247,18.0,10.0,2024-06-07,Friday
9454,9455,241,6.0,5.0,2024-06-26,Wednesday
9455,9456,196,11.0,1.0,2024-06-27,Thursday
9456,9457,190,7.0,2.0,2024-06-02,Sunday
9457,9458,135,18.0,9.0,2024-06-07,Friday
9458,9459,111,6.0,9.0,2024-06-27,Thursday
9459,9460,121,5.0,3.0,2024-06-21,Friday
9460,9461,19,18.0,3.0,2024-06-18,Tuesday
9461,9462,110,7.0,5.0,2024-06-12,Wednesday
9462,9463,127,7.0,7.0,2024-06-12,Wednesday
9463,9464,175,9.0,10.0,2024-06-16,Sunday
9464,9465,108,17.0,3.0,2024-06-04,Tuesday
9465,9466,209,23.0,8.0,2024-06-09,Sunday
9466,9467,128,8.0,6.0,2024-06-17,Monday
9468,9469,298,16.0,8.0,2024-06-18,Tuesday
9469,9470,297,17.0,6.0,2024-06-15,Saturday
9470,9471,72,7.0,7.0,2024-06-24,Monday
9471,9472,119,13.0,4.0,2024-06-12,Wednesday
9472,9473,67,3.0,5.0,2024-06-28,Friday
9473,9474,94,18.0,7.0,2024-06-22,Saturday
9474,9475,296,9.0,10.0,2024-06-24,Monday
9475,9476,61,18.0,6.0,2024-06-02,Sunday
9476,9477,109,3.0,6.0,2024-06-04,Tuesday
9477,9478,280,1.0,10.0,2024-06-10,Monday
9478,9479,58,18.0,5.0,2024-06-24,Monday
9479,9480,7,25.0,10.0,2024-06-16,Sunday
9480,9481,267,2.0,2.0,2024-06-10,Monday
9481,9482,94,22.0,5.0,2024-06-01,Saturday
9482,9483,1,13.0,6.0,2024-06-11,Tuesday
9483,9484,267,25.0,6.0,2024-06-23,Sunday
9484,9485,290,14.0,3.0,2024-06-08,Saturday
9485,9486,212,16.0,2.0,2024-06-03,Monday
9486,9487,232,10.0,4.0,2024-06-24,Monday
9487,9488,197,15.0,5.0,2024-06-04,Tuesday
9488,9489,154,15.0,7.0,2024-06-27,Thursday
9489,9490,293,13.0,1.0,2024-06-09,Sunday
9490,9491,28,18.0,5.0,2024-06-23,Sunday
9491,9492,178,13.0,3.0,2024-06-15,Saturday
9492,9493,265,17.0,2.0,2024-06-21,Friday
9493,9494,31,10.0,6.0,2024-06-02,Sunday
9494,9495,14,24.0,8.0,2024-06-25,Tuesday
9496,9497,257,3.0,9.0,2024-06-23,Sunday
9497,9498,221,17.0,5.0,2024-06-14,Friday
9498,9499,109,14.0,2.0,2024-06-08,Saturday
9499,9500,223,12.0,8.0,2024-06-16,Sunday
9500,9501,259,9.0,2.0,2024-06-13,Thursday
9501,9502,122,17.0,1.0,2024-06-16,Sunday
9502,9503,149,14.0,2.0,2024-06-16,Sunday
9503,9504,143,3.0,9.0,2024-06-02,Sunday
9504,9505,295,19.0,2.0,2024-06-08,Saturday
9505,9506,75,5.0,9.0,2024-06-06,Thursday
9506,9507,262,1.0,2.0,2024-06-05,Wednesday
9507,9508,290,14.0,8.0,2024-06-14,Friday
9508,9509,221,12.0,4.0,2024-06-15,Saturday
9509,9510,89,16.0,5.0,2024-06-10,Monday
9510,9511,227,22.0,6.0,2024-06-08,Saturday
9511,9512,99,7.0,7.0,2024-06-02,Sunday
9512,9513,251,4.0,6.0,2024-06-18,Tuesday
9513,9514,95,16.0,1.0,2024-06-06,Thursday
9514,9515,33,8.0,7.0,2024-06-15,Saturday
9515,9516,203,14.0,4.0,2024-06-18,Tuesday
9516,9517,255,11.0,9.0,2024-06-17,Monday
9517,9518,189,19.0,5.0,2024-06-06,Thursday
9518,9519,27,3.0,10.0,2024-06-15,Saturday
9519,9520,197,7.0,4.0,2024-06-23,Sunday
9520,9521,61,15.0,1.0,2024-06-04,Tuesday
9521,9522,57,15.0,1.0,2024-06-15,Saturday
9522,9523,84,10.0,3.0,2024-06-19,Wednesday
9523,9524,279,9.0,6.0,2024-06-21,Friday
9524,9525,143,9.0,8.0,2024-06-20,Thursday
9525,9526,299,23.0,3.0,2024-06-17,Monday
9526,9527,86,7.0,8.0,2024-06-06,Thursday
9527,9528,196,18.0,7.0,2024-06-13,Thursday
9528,9529,44,13.0,6.0,2024-06-13,Thursday
9529,9530,15,8.0,6.0,2024-06-26,Wednesday
9530,9531,27,14.0,7.0,2024-06-28,Friday
9531,9532,246,22.0,3.0,2024-06-14,Friday
9532,9533,276,9.0,4.0,2024-06-24,Monday
9533,9534,120,16.0,9.0,2024-06-08,Saturday
9534,9535,59,1.0,10.0,2024-06-16,Sunday
9535,9536,34,19.0,2.0,2024-06-01,Saturday
9536,9537,57,14.0,6.0,2024-06-01,Saturday
9537,9538,53,11.0,4.0,2024-06-02,Sunday
9538,9539,107,11.0,9.0,2024-06-02,Sunday
9539,9540,180,11.0,6.0,2024-06-24,Monday
9540,9541,297,1.0,1.0,2024-06-19,Wednesday
9541,9542,116,5.0,6.0,2024-06-26,Wednesday
9542,9543,88,22.0,4.0,2024-06-06,Thursday
9543,9544,4,5.0,6.0,2024-06-07,Friday
9544,9545,205,21.0,2.0,2024-06-16,Sunday
9545,9546,8,9.0,8.0,2024-06-16,Sunday
9546,9547,7,20.0,9.0,2024-06-27,Thursday
9547,9548,285,1.0,9.0,2024-06-16,Sunday
9548,9549,102,10.0,4.0,2024-06-25,Tuesday
9549,9550,234,2.0,2.0,2024-06-22,Saturday
9550,9551,102,24.0,7.0,2024-06-07,Friday
9551,9552,13,14.0,1.0,2024-06-24,Monday
9552,9553,58,13.0,4.0,2024-06-25,Tuesday
9553,9554,148,12.0,8.0,2024-06-26,Wednesday
9554,9555,124,1.0,4.0,2024-06-26,Wednesday
9555,9556,87,15.0,4.0,2024-06-20,Thursday
9556,9557,231,5.0,9.0,2024-06-20,Thursday
9557,9558,251,11.0,2.0,2024-06-25,Tuesday
9558,9559,136,1.0,10.0,2024-06-12,Wednesday
9559,9560,286,19.0,6.0,2024-06-24,Monday
9560,9561,269,22.0,2.0,2024-06-07,Friday
9561,9562,83,19.0,3.0,2024-06-06,Thursday
9562,9563,279,10.0,4.0,2024-06-08,Saturday
9563,9564,20,2.0,1.0,2024-06-20,Thursday
9564,9565,15,25.0,3.0,2024-06-19,Wednesday
9565,9566,94,1.0,3.0,2024-06-05,Wednesday
9566,9567,89,11.0,6.0,2024-06-17,Monday
9567,9568,83,8.0,2.0,2024-06-10,Monday
9568,9569,126,1.0,6.0,2024-06-14,Friday
9569,9570,121,1.0,1.0,2024-06-16,Sunday
9570,9571,96,11.0,3.0,2024-06-15,Saturday
9571,9572,133,18.0,9.0,2024-06-04,Tuesday
9572,9573,119,16.0,6.0,2024-06-10,Monday
9573,9574,36,10.0,1.0,2024-06-18,Tuesday
9574,9575,83,20.0,6.0,2024-06-24,Monday
9575,9576,131,25.0,3.0,2024-06-26,Wednesday
9576,9577,260,12.0,7.0,2024-06-06,Thursday
9577,9578,77,3.0,3.0,2024-06-10,Monday
9578,9579,284,23.0,6.0,2024-06-12,Wednesday
9579,9580,134,18.0,8.0,2024-06-27,Thursday
9580,9581,238,1.0,4.0,2024-06-24,Monday
9581,9582,282,18.0,9.0,2024-06-22,Saturday
9582,9583,5,5.0,2.0,2024-06-02,Sunday
9583,9584,117,11.0,7.0,2024-06-13,Thursday
9584,9585,148,14.0,3.0,2024-06-14,Friday
9585,9586,231,5.0,4.0,2024-06-03,Monday
9586,9587,144,23.0,9.0,2024-06-22,Saturday
9587,9588,181,19.0,10.0,2024-06-09,Sunday
9588,9589,162,8.0,7.0,2024-06-10,Monday
9589,9590,2,14.0,8.0,2024-06-03,Monday
9590,9591,79,21.0,9.0,2024-06-01,Saturday
9591,9592,34,4.0,1.0,2024-06-02,Sunday
9592,9593,100,5.0,6.0,2024-06-19,Wednesday
9593,9594,262,1.0,1.0,2024-06-28,Friday
9594,9595,154,18.0,10.0,2024-06-27,Thursday
9595,9596,35,6.0,5.0,2024-06-05,Wednesday
9596,9597,31,14.0,10.0,2024-06-06,Thursday
9597,9598,82,24.0,10.0,2024-06-03,Monday
9598,9599,265,5.0,4.0,2024-06-14,Friday
9599,9600,233,14.0,6.0,2024-06-18,Tuesday
9600,9601,242,21.0,9.0,2024-06-15,Saturday
9601,9602,42,25.0,9.0,2024-06-05,Wednesday
9602,9603,59,17.0,8.0,2024-06-07,Friday
9603,9604,234,9.0,8.0,2024-06-25,Tuesday
9604,9605,198,24.0,9.0,2024-06-11,Tuesday
9605,9606,114,13.0,5.0,2024-06-05,Wednesday
9606,9607,91,22.0,9.0,2024-06-01,Saturday
9607,9608,165,23.0,10.0,2024-06-09,Sunday
9608,9609,74,9.0,6.0,2024-06-24,Monday
9609,9610,38,10.0,2.0,2024-06-12,Wednesday
9610,9611,131,25.0,6.0,2024-06-04,Tuesday
9611,9612,278,5.0,6.0,2024-06-24,Monday
9612,9613,65,2.0,6.0,2024-06-23,Sunday
9613,9614,156,25.0,10.0,2024-06-05,Wednesday
9614,9615,145,19.0,5.0,2024-06-27,Thursday
9615,9616,70,15.0,1.0,2024-06-21,Friday
9616,9617,246,13.0,5.0,2024-06-20,Thursday
9617,9618,24,8.0,3.0,2024-06-10,Monday
9618,9619,235,19.0,3.0,2024-06-22,Saturday
9619,9620,187,6.0,5.0,2024-06-01,Saturday
9620,9621,242,4.0,8.0,2024-06-22,Saturday
9621,9622,81,15.0,1.0,2024-06-07,Friday
9622,9623,60,3.0,10.0,2024-06-16,Sunday
9623,9624,214,24.0,3.0,2024-06-13,Thursday
9624,9625,209,8.0,7.0,2024-06-09,Sunday
9625,9626,174,21.0,1.0,2024-06-19,Wednesday
9626,9627,213,6.0,9.0,2024-06-27,Thursday
9627,9628,250,10.0,10.0,2024-06-03,Monday
9628,9629,241,3.0,2.0,2024-06-23,Sunday
9629,9630,148,7.0,2.0,2024-06-03,Monday
9630,9631,251,24.0,1.0,2024-06-11,Tuesday
9631,9632,271,7.0,10.0,2024-06-01,Saturday
9632,9633,46,1.0,4.0,2024-06-27,Thursday
9634,9635,220,9.0,5.0,2024-06-25,Tuesday
9635,9636,164,16.0,8.0,2024-06-03,Monday
9636,9637,300,24.0,3.0,2024-06-10,Monday
9637,9638,178,16.0,5.0,2024-06-28,Friday
9638,9639,158,9.0,5.0,2024-06-25,Tuesday
9639,9640,67,11.0,9.0,2024-06-25,Tuesday
9640,9641,201,8.0,8.0,2024-06-02,Sunday
9641,9642,52,16.0,8.0,2024-06-02,Sunday
9642,9643,274,23.0,2.0,2024-06-07,Friday
9643,9644,181,1.0,8.0,2024-06-01,Saturday
9644,9645,260,15.0,2.0,2024-06-02,Sunday
9645,9646,116,18.0,3.0,2024-06-06,Thursday
9646,9647,60,9.0,10.0,2024-06-04,Tuesday
9647,9648,12,19.0,9.0,2024-06-20,Thursday
9648,9649,113,22.0,7.0,2024-06-13,Thursday
9649,9650,216,21.0,2.0,2024-06-08,Saturday
9650,9651,80,25.0,3.0,2024-06-21,Friday
9651,9652,192,7.0,8.0,2024-06-05,Wednesday
9652,9653,68,25.0,6.0,2024-06-18,Tuesday
9653,9654,275,15.0,3.0,2024-06-12,Wednesday
9654,9655,226,16.0,7.0,2024-06-15,Saturday
9655,9656,242,4.0,4.0,2024-06-09,Sunday
9656,9657,255,5.0,1.0,2024-06-14,Friday
9657,9658,219,17.0,10.0,2024-06-15,Saturday
9658,9659,125,13.0,8.0,2024-06-14,Friday
9660,9661,29,9.0,4.0,2024-06-03,Monday
9661,9662,181,1.0,1.0,2024-06-07,Friday
9662,9663,278,11.0,9.0,2024-06-11,Tuesday
9663,9664,33,24.0,8.0,2024-06-28,Friday
9664,9665,51,25.0,9.0,2024-06-25,Tuesday
9665,9666,262,4.0,7.0,2024-06-25,Tuesday
9666,9667,77,9.0,7.0,2024-06-25,Tuesday
9667,9668,95,11.0,10.0,2024-06-24,Monday
9668,9669,4,3.0,10.0,2024-06-26,Wednesday
9669,9670,295,17.0,2.0,2024-06-10,Monday
9670,9671,158,12.0,8.0,2024-06-10,Monday
9671,9672,182,21.0,2.0,2024-06-13,Thursday
9672,9673,300,25.0,4.0,2024-06-28,Friday
9673,9674,26,14.0,3.0,2024-06-12,Wednesday
9674,9675,21,23.0,8.0,2024-06-03,Monday
9675,9676,181,15.0,1.0,2024-06-26,Wednesday
9676,9677,261,5.0,3.0,2024-06-01,Saturday
9677,9678,167,17.0,9.0,2024-06-27,Thursday
9678,9679,113,20.0,8.0,2024-06-13,Thursday
9679,9680,184,12.0,1.0,2024-06-06,Thursday
9680,9681,57,9.0,4.0,2024-06-26,Wednesday
9681,9682,164,14.0,10.0,2024-06-06,Thursday
9682,9683,127,14.0,8.0,2024-06-17,Monday
9683,9684,100,13.0,4.0,2024-06-12,Wednesday
9684,9685,248,7.0,8.0,2024-06-03,Monday
9685,9686,280,16.0,9.0,2024-06-05,Wednesday
9686,9687,146,10.0,1.0,2024-06-06,Thursday
9687,9688,265,15.0,9.0,2024-06-07,Friday
9688,9689,12,6.0,3.0,2024-06-08,Saturday
9689,9690,178,10.0,1.0,2024-06-08,Saturday
9690,9691,1,4.0,7.0,2024-06-22,Saturday
9691,9692,32,23.0,7.0,2024-06-24,Monday
9692,9693,275,13.0,6.0,2024-06-01,Saturday
9693,9694,36,24.0,5.0,2024-06-04,Tuesday
9694,9695,106,6.0,3.0,2024-06-26,Wednesday
9695,9696,181,6.0,6.0,2024-06-26,Wednesday
9696,9697,262,23.0,8.0,2024-06-10,Monday
9697,9698,6,13.0,3.0,2024-06-02,Sunday
9698,9699,253,11.0,10.0,2024-06-26,Wednesday
9699,9700,92,7.0,10.0,2024-06-01,Saturday
9700,9701,249,1.0,8.0,2024-06-01,Saturday
9701,9702,184,16.0,10.0,2024-06-16,Sunday
9702,9703,286,8.0,2.0,2024-06-28,Friday
9703,9704,82,5.0,2.0,2024-06-15,Saturday
9704,9705,80,22.0,5.0,2024-06-03,Monday
9705,9706,43,7.0,8.0,2024-06-27,Thursday
9706,9707,244,17.0,6.0,2024-06-02,Sunday
9707,9708,234,21.0,5.0,2024-06-20,Thursday
9708,9709,289,4.0,7.0,2024-06-09,Sunday
9709,9710,69,2.0,10.0,2024-06-24,Monday
9710,9711,257,21.0,7.0,2024-06-02,Sunday
9711,9712,98,7.0,4.0,2024-06-02,Sunday
9712,9713,96,5.0,1.0,2024-06-17,Monday
9713,9714,285,4.0,4.0,2024-06-11,Tuesday
9714,9715,164,5.0,4.0,2024-06-02,Sunday
9715,9716,61,17.0,7.0,2024-06-26,Wednesday
9716,9717,191,11.0,2.0,2024-06-25,Tuesday
9717,9718,89,20.0,5.0,2024-06-14,Friday
9718,9719,252,1.0,8.0,2024-06-13,Thursday
9719,9720,170,5.0,8.0,2024-06-28,Friday
9720,9721,53,19.0,6.0,2024-06-19,Wednesday
9721,9722,291,24.0,1.0,2024-06-19,Wednesday
9722,9723,165,10.0,8.0,2024-06-20,Thursday
9723,9724,257,17.0,7.0,2024-06-28,Friday
9724,9725,228,2.0,1.0,2024-06-25,Tuesday
9725,9726,7,14.0,2.0,2024-06-02,Sunday
9726,9727,190,14.0,8.0,2024-06-06,Thursday
9727,9728,101,12.0,10.0,2024-06-09,Sunday
9728,9729,182,1.0,8.0,2024-06-15,Saturday
9729,9730,296,4.0,6.0,2024-06-20,Thursday
9730,9731,186,22.0,2.0,2024-06-23,Sunday
9732,9733,110,14.0,1.0,2024-06-06,Thursday
9733,9734,68,25.0,10.0,2024-06-21,Friday
9734,9735,52,16.0,10.0,2024-06-08,Saturday
9735,9736,248,3.0,9.0,2024-06-20,Thursday
9736,9737,170,4.0,5.0,2024-06-07,Friday
9737,9738,127,19.0,4.0,2024-06-26,Wednesday
9738,9739,27,22.0,8.0,2024-06-27,Thursday
9739,9740,251,14.0,3.0,2024-06-14,Friday
9740,9741,120,1.0,2.0,2024-06-17,Monday
9741,9742,111,17.0,8.0,2024-06-09,Sunday
9742,9743,145,1.0,6.0,2024-06-12,Wednesday
9743,9744,206,20.0,9.0,2024-06-06,Thursday
9744,9745,281,3.0,3.0,2024-06-20,Thursday
9745,9746,289,3.0,8.0,2024-06-19,Wednesday
9746,9747,250,15.0,2.0,2024-06-16,Sunday
9747,9748,288,15.0,7.0,2024-06-23,Sunday
9748,9749,145,24.0,5.0,2024-06-13,Thursday
9749,9750,247,11.0,10.0,2024-06-18,Tuesday
9750,9751,276,4.0,9.0,2024-06-06,Thursday
9751,9752,258,9.0,5.0,2024-06-11,Tuesday
9752,9753,229,4.0,5.0,2024-06-03,Monday
9753,9754,221,24.0,6.0,2024-06-24,Monday
9754,9755,165,9.0,4.0,2024-06-02,Sunday
9755,9756,217,11.0,2.0,2024-06-15,Saturday
9756,9757,208,25.0,4.0,2024-06-21,Friday
9757,9758,179,4.0,2.0,2024-06-28,Friday
9758,9759,95,5.0,3.0,2024-06-14,Friday
9759,9760,78,12.0,2.0,2024-06-25,Tuesday
9760,9761,93,6.0,4.0,2024-06-07,Friday
9761,9762,112,6.0,10.0,2024-06-07,Friday
9762,9763,227,4.0,9.0,2024-06-12,Wednesday
9763,9764,75,21.0,8.0,2024-06-28,Friday
9764,9765,238,7.0,2.0,2024-06-25,Tuesday
9765,9766,222,10.0,3.0,2024-06-21,Friday
9766,9767,163,4.0,10.0,2024-06-23,Sunday
9767,9768,277,13.0,10.0,2024-06-10,Monday
9768,9769,28,8.0,10.0,2024-06-02,Sunday
9769,9770,55,4.0,8.0,2024-06-23,Sunday
9770,9771,241,8.0,8.0,2024-06-05,Wednesday
9771,9772,2,5.0,1.0,2024-06-28,Friday
9772,9773,41,14.0,4.0,2024-06-19,Wednesday
9773,9774,27,15.0,8.0,2024-06-16,Sunday
9774,9775,132,3.0,7.0,2024-06-13,Thursday
9775,9776,282,22.0,9.0,2024-06-21,Friday
9776,9777,70,10.0,6.0,2024-06-20,Thursday
9777,9778,150,12.0,4.0,2024-06-24,Monday
9778,9779,214,11.0,3.0,2024-06-15,Saturday
9779,9780,56,11.0,6.0,2024-06-03,Monday
9780,9781,109,6.0,2.0,2024-06-18,Tuesday
9781,9782,265,12.0,1.0,2024-06-10,Monday
9782,9783,175,14.0,10.0,2024-06-01,Saturday
9783,9784,193,17.0,9.0,2024-06-08,Saturday
9784,9785,94,7.0,6.0,2024-06-17,Monday
9785,9786,9,11.0,3.0,2024-06-13,Thursday
9786,9787,91,11.0,9.0,2024-06-17,Monday
9787,9788,132,1.0,9.0,2024-06-17,Monday
9788,9789,59,12.0,5.0,2024-06-03,Monday
9789,9790,65,16.0,6.0,2024-06-23,Sunday
9790,9791,216,4.0,2.0,2024-06-26,Wednesday
9791,9792,177,5.0,10.0,2024-06-25,Tuesday
9792,9793,277,1.0,3.0,2024-06-21,Friday
9793,9794,164,17.0,5.0,2024-06-08,Saturday
9794,9795,265,10.0,7.0,2024-06-03,Monday
9795,9796,268,4.0,6.0,2024-06-07,Friday
9796,9797,27,22.0,5.0,2024-06-25,Tuesday
9797,9798,149,6.0,5.0,2024-06-18,Tuesday
9798,9799,298,7.0,4.0,2024-06-16,Sunday
9799,9800,281,23.0,6.0,2024-06-28,Friday
9800,9801,139,1.0,9.0,2024-06-15,Saturday
9801,9802,232,5.0,9.0,2024-06-16,Sunday
9802,9803,38,10.0,1.0,2024-06-22,Saturday
9803,9804,132,2.0,9.0,2024-06-16,Sunday
9804,9805,269,11.0,8.0,2024-06-12,Wednesday
9805,9806,150,6.0,1.0,2024-06-04,Tuesday
9806,9807,87,25.0,10.0,2024-06-21,Friday
9807,9808,42,21.0,3.0,2024-06-12,Wednesday
9808,9809,217,8.0,4.0,2024-06-24,Monday
9809,9810,275,9.0,3.0,2024-06-19,Wednesday
9810,9811,240,1.0,7.0,2024-06-26,Wednesday
9811,9812,101,15.0,1.0,2024-06-08,Saturday
9812,9813,268,23.0,7.0,2024-06-09,Sunday
9813,9814,111,14.0,5.0,2024-06-23,Sunday
9814,9815,160,23.0,6.0,2024-06-26,Wednesday
9815,9816,64,6.0,6.0,2024-06-09,Sunday
9816,9817,254,14.0,1.0,2024-06-26,Wednesday
9817,9818,169,9.0,7.0,2024-06-19,Wednesday
9818,9819,242,14.0,9.0,2024-06-09,Sunday
9819,9820,78,11.0,6.0,2024-06-09,Sunday
9820,9821,291,11.0,5.0,2024-06-05,Wednesday
9821,9822,227,14.0,5.0,2024-06-23,Sunday
9822,9823,192,23.0,10.0,2024-06-22,Saturday
9823,9824,66,7.0,4.0,2024-06-27,Thursday
9824,9825,148,8.0,8.0,2024-06-06,Thursday
9825,9826,214,17.0,6.0,2024-06-20,Thursday
9826,9827,54,7.0,10.0,2024-06-20,Thursday
9827,9828,201,13.0,2.0,2024-06-17,Monday
9828,9829,62,15.0,3.0,2024-06-04,Tuesday
9829,9830,157,17.0,2.0,2024-06-06,Thursday
9830,9831,194,8.0,10.0,2024-06-01,Saturday
9832,9833,203,2.0,1.0,2024-06-24,Monday
9833,9834,110,11.0,1.0,2024-06-15,Saturday
9834,9835,262,5.0,1.0,2024-06-08,Saturday
9835,9836,174,15.0,10.0,2024-06-04,Tuesday
9837,9838,43,11.0,10.0,2024-06-11,Tuesday
9838,9839,34,5.0,5.0,2024-06-01,Saturday
9839,9840,148,1.0,5.0,2024-06-28,Friday
9840,9841,192,17.0,8.0,2024-06-14,Friday
9841,9842,212,23.0,4.0,2024-06-26,Wednesday
9842,9843,104,2.0,1.0,2024-06-19,Wednesday
9843,9844,290,4.0,9.0,2024-06-04,Tuesday
9844,9845,71,20.0,10.0,2024-06-23,Sunday
9845,9846,171,10.0,9.0,2024-06-27,Thursday
9846,9847,113,12.0,3.0,2024-06-02,Sunday
9847,9848,87,10.0,8.0,2024-06-17,Monday
9848,9849,291,5.0,8.0,2024-06-24,Monday
9849,9850,107,23.0,6.0,2024-06-15,Saturday
9850,9851,278,24.0,1.0,2024-06-10,Monday
9851,9852,215,16.0,10.0,2024-06-25,Tuesday
9852,9853,113,19.0,5.0,2024-06-19,Wednesday
9853,9854,95,1.0,3.0,2024-06-06,Thursday
9854,9855,50,4.0,5.0,2024-06-03,Monday
9855,9856,117,8.0,2.0,2024-06-22,Saturday
9856,9857,295,5.0,4.0,2024-06-23,Sunday
9857,9858,101,16.0,2.0,2024-06-15,Saturday
9858,9859,285,11.0,2.0,2024-06-01,Saturday
9859,9860,37,14.0,5.0,2024-06-01,Saturday
9860,9861,240,25.0,7.0,2024-06-18,Tuesday
9861,9862,19,9.0,4.0,2024-06-03,Monday
9862,9863,76,3.0,10.0,2024-06-06,Thursday
9863,9864,76,9.0,5.0,2024-06-01,Saturday
9864,9865,215,24.0,5.0,2024-06-27,Thursday
9865,9866,189,16.0,6.0,2024-06-03,Monday
9866,9867,40,11.0,4.0,2024-06-27,Thursday
9867,9868,69,24.0,9.0,2024-06-07,Friday
9868,9869,206,8.0,5.0,2024-06-06,Thursday
9869,9870,139,15.0,2.0,2024-06-08,Saturday
9870,9871,86,15.0,8.0,2024-06-01,Saturday
9871,9872,130,1.0,4.0,2024-06-02,Sunday
9872,9873,85,22.0,6.0,2024-06-01,Saturday
9873,9874,196,22.0,8.0,2024-06-16,Sunday
9874,9875,161,25.0,4.0,2024-06-05,Wednesday
9875,9876,171,14.0,5.0,2024-06-07,Friday
9876,9877,38,24.0,6.0,2024-06-18,Tuesday
9877,9878,122,2.0,10.0,2024-06-17,Monday
9878,9879,198,9.0,5.0,2024-06-01,Saturday
9879,9880,23,13.0,7.0,2024-06-24,Monday
9880,9881,10,13.0,7.0,2024-06-14,Friday
9881,9882,238,4.0,8.0,2024-06-08,Saturday
9882,9883,71,17.0,9.0,2024-06-19,Wednesday
9883,9884,275,9.0,5.0,2024-06-02,Sunday
9884,9885,88,20.0,9.0,2024-06-07,Friday
9885,9886,141,9.0,1.0,2024-06-01,Saturday
9886,9887,272,19.0,8.0,2024-06-24,Monday
9887,9888,193,10.0,5.0,2024-06-27,Thursday
9888,9889,299,14.0,9.0,2024-06-17,Monday
9889,9890,233,19.0,4.0,2024-06-11,Tuesday
9890,9891,97,12.0,8.0,2024-06-22,Saturday
9891,9892,65,25.0,7.0,2024-06-15,Saturday
9892,9893,161,15.0,6.0,2024-06-02,Sunday
9893,9894,158,15.0,6.0,2024-06-12,Wednesday
9894,9895,292,23.0,9.0,2024-06-23,Sunday
9895,9896,115,6.0,9.0,2024-06-02,Sunday
9896,9897,296,13.0,2.0,2024-06-25,Tuesday
9897,9898,69,12.0,1.0,2024-06-12,Wednesday
9898,9899,118,6.0,3.0,2024-06-23,Sunday
9899,9900,47,15.0,6.0,2024-06-24,Monday
9900,9901,106,6.0,1.0,2024-06-27,Thursday
9901,9902,77,7.0,5.0,2024-06-21,Friday
9902,9903,215,3.0,9.0,2024-06-23,Sunday
9903,9904,262,12.0,8.0,2024-06-23,Sunday
9904,9905,149,18.0,5.0,2024-06-09,Sunday
9905,9906,25,20.0,3.0,2024-06-02,Sunday
9906,9907,81,16.0,5.0,2024-06-07,Friday
9907,9908,148,21.0,8.0,2024-06-03,Monday
9908,9909,185,21.0,8.0,2024-06-25,Tuesday
9909,9910,43,12.0,1.0,2024-06-09,Sunday
9910,9911,72,3.0,10.0,2024-06-16,Sunday
9911,9912,262,14.0,2.0,2024-06-18,Tuesday
9912,9913,115,2.0,4.0,2024-06-12,Wednesday
9913,9914,185,7.0,10.0,2024-06-23,Sunday
9914,9915,212,1.0,1.0,2024-06-10,Monday
9915,9916,89,5.0,6.0,2024-06-20,Thursday
9916,9917,25,15.0,2.0,2024-06-01,Saturday
9918,9919,82,8.0,6.0,2024-06-23,Sunday
9919,9920,164,7.0,7.0,2024-06-02,Sunday
9920,9921,160,4.0,3.0,2024-06-17,Monday
9921,9922,196,6.0,3.0,2024-06-20,Thursday
9922,9923,276,9.0,4.0,2024-06-23,Sunday
9923,9924,195,23.0,1.0,2024-06-19,Wednesday
9924,9925,49,12.0,1.0,2024-06-28,Friday
9925,9926,40,14.0,6.0,2024-06-19,Wednesday
9926,9927,33,25.0,6.0,2024-06-28,Friday
9927,9928,88,18.0,4.0,2024-06-05,Wednesday
9928,9929,170,1.0,2.0,2024-06-23,Sunday
9929,9930,8,2.0,7.0,2024-06-14,Friday
9930,9931,229,22.0,8.0,2024-06-28,Friday
9931,9932,205,23.0,5.0,2024-06-17,Monday
9932,9933,271,20.0,10.0,2024-06-04,Tuesday
9933,9934,292,24.0,10.0,2024-06-11,Tuesday
9934,9935,87,24.0,5.0,2024-06-24,Monday
9935,9936,47,17.0,4.0,2024-06-27,Thursday
9936,9937,34,16.0,9.0,2024-06-20,Thursday
9937,9938,123,14.0,10.0,2024-06-14,Friday
9938,9939,67,19.0,7.0,2024-06-28,Friday
9939,9940,93,9.0,1.0,2024-06-24,Monday
9941,9942,245,16.0,10.0,2024-06-01,Saturday
9942,9943,140,5.0,1.0,2024-06-14,Friday
9943,9944,253,24.0,9.0,2024-06-19,Wednesday
9944,9945,39,5.0,3.0,2024-06-11,Tuesday
9945,9946,102,4.0,9.0,2024-06-21,Friday
9946,9947,21,20.0,9.0,2024-06-03,Monday
9947,9948,192,20.0,4.0,2024-06-01,Saturday
9948,9949,267,10.0,1.0,2024-06-19,Wednesday
9949,9950,41,14.0,3.0,2024-06-05,Wednesday
9950,9951,262,16.0,5.0,2024-06-05,Wednesday
9951,9952,108,5.0,3.0,2024-06-28,Friday
9952,9953,64,19.0,2.0,2024-06-26,Wednesday
9953,9954,199,9.0,4.0,2024-06-26,Wednesday
9954,9955,298,17.0,7.0,2024-06-04,Tuesday
9955,9956,261,8.0,1.0,2024-06-01,Saturday
9956,9957,193,7.0,6.0,2024-06-24,Monday
9957,9958,173,20.0,4.0,2024-06-08,Saturday
9958,9959,132,21.0,1.0,2024-06-11,Tuesday
9959,9960,125,7.0,3.0,2024-06-24,Monday
9960,9961,168,1.0,7.0,2024-06-10,Monday
9961,9962,265,20.0,1.0,2024-06-16,Sunday
9963,9964,187,21.0,7.0,2024-06-23,Sunday
9964,9965,88,13.0,9.0,2024-06-05,Wednesday
9965,9966,49,4.0,9.0,2024-06-13,Thursday
9966,9967,255,1.0,6.0,2024-06-23,Sunday
9967,9968,46,9.0,3.0,2024-06-18,Tuesday
9968,9969,162,1.0,10.0,2024-06-21,Friday
9969,9970,182,25.0,9.0,2024-06-03,Monday
9970,9971,63,19.0,1.0,2024-06-24,Monday
9971,9972,278,4.0,7.0,2024-06-23,Sunday
9972,9973,271,4.0,1.0,2024-06-08,Saturday
9973,9974,297,16.0,3.0,2024-06-09,Sunday
9974,9975,283,6.0,5.0,2024-06-23,Sunday
9975,9976,274,9.0,6.0,2024-06-02,Sunday
9976,9977,44,13.0,1.0,2024-06-17,Monday
9977,9978,244,15.0,8.0,2024-06-06,Thursday
9978,9979,297,15.0,7.0,2024-06-12,Wednesday
9979,9980,227,20.0,5.0,2024-06-22,Saturday
9980,9981,196,15.0,2.0,2024-06-12,Wednesday
9981,9982,117,25.0,9.0,2024-06-19,Wednesday
9982,9983,300,7.0,8.0,2024-06-21,Friday
9983,9984,182,4.0,4.0,2024-06-11,Tuesday
9984,9985,12,16.0,2.0,2024-06-19,Wednesday
9985,9986,239,22.0,9.0,2024-06-02,Sunday
9986,9987,177,8.0,10.0,2024-06-06,Thursday
9987,9988,154,14.0,3.0,2024-06-02,Sunday
9988,9989,80,24.0,1.0,2024-06-09,Sunday
9989,9990,175,12.0,1.0,2024-06-04,Tuesday
9990,9991,1,11.0,6.0,2024-06-28,Friday
9991,9992,33,5.0,4.0,2024-06-18,Tuesday
9992,9993,251,13.0,9.0,2024-06-20,Thursday
9993,9994,297,21.0,10.0,2024-06-16,Sunday
9994,9995,130,24.0,2.0,2024-06-10,Monday
9995,9996,202,4.0,6.0,2024-06-14,Friday
9996,9997,285,1.0,5.0,2024-07-24,Wednesday
9997,9998,55,1.0,1.0,2024-07-02,Tuesday
9998,9999,222,1.0,4.0,2024-07-25,Thursday
9999,10000,17,21.0,8.0,2024-07-12,Friday
10000,10001,79,24.0,2.0,2024-07-08,Monday
10001,10002,152,8.0,9.0,2024-07-28,Sunday
10002,10003,181,25.0,4.0,2024-07-06,Saturday
10003,10004,83,14.0,8.0,2024-07-17,Wednesday
10004,10005,292,21.0,5.0,2024-07-05,Friday
10005,10006,274,15.0,9.0,2024-07-01,Monday
10006,10007,74,12.0,4.0,2024-07-26,Friday
10007,10008,161,7.0,9.0,2024-07-08,Monday
10008,10009,181,4.0,6.0,2024-07-27,Saturday
10009,10010,174,23.0,5.0,2024-07-20,Saturday
10010,10011,148,10.0,2.0,2024-07-15,Monday
10011,10012,107,17.0,4.0,2024-07-03,Wednesday
10012,10013,149,15.0,7.0,2024-07-23,Tuesday
10014,10015,146,25.0,9.0,2024-07-07,Sunday
10015,10016,95,4.0,10.0,2024-07-16,Tuesday
10016,10017,216,10.0,2.0,2024-07-06,Saturday
10017,10018,179,18.0,9.0,2024-07-06,Saturday
10019,10020,299,22.0,1.0,2024-07-04,Thursday
10020,10021,120,19.0,5.0,2024-07-10,Wednesday
10022,10023,34,18.0,8.0,2024-07-16,Tuesday
10023,10024,134,11.0,1.0,2024-07-27,Saturday
10024,10025,87,22.0,1.0,2024-07-13,Saturday
10025,10026,107,20.0,8.0,2024-07-16,Tuesday
10026,10027,262,8.0,1.0,2024-07-04,Thursday
10027,10028,83,7.0,4.0,2024-07-02,Tuesday
10028,10029,282,25.0,7.0,2024-07-25,Thursday
10029,10030,89,8.0,6.0,2024-07-28,Sunday
10030,10031,145,16.0,6.0,2024-07-18,Thursday
10031,10032,174,7.0,2.0,2024-07-21,Sunday
10032,10033,158,23.0,7.0,2024-07-17,Wednesday
10033,10034,146,16.0,2.0,2024-07-21,Sunday
10034,10035,242,15.0,2.0,2024-07-14,Sunday
10035,10036,134,2.0,7.0,2024-07-05,Friday
10036,10037,156,25.0,2.0,2024-07-15,Monday
10037,10038,74,3.0,1.0,2024-07-24,Wednesday
10038,10039,227,4.0,9.0,2024-07-27,Saturday
10039,10040,298,19.0,3.0,2024-07-02,Tuesday
10040,10041,22,15.0,8.0,2024-07-22,Monday
10041,10042,166,20.0,10.0,2024-07-17,Wednesday
10042,10043,61,25.0,8.0,2024-07-19,Friday
10043,10044,117,18.0,4.0,2024-07-17,Wednesday
10044,10045,217,3.0,7.0,2024-07-02,Tuesday
10045,10046,173,1.0,4.0,2024-07-27,Saturday
10046,10047,7,21.0,8.0,2024-07-28,Sunday
10047,10048,131,1.0,8.0,2024-07-10,Wednesday
10048,10049,18,17.0,3.0,2024-07-10,Wednesday
10049,10050,193,5.0,3.0,2024-07-21,Sunday
10050,10051,86,3.0,10.0,2024-07-08,Monday
10051,10052,111,24.0,6.0,2024-07-13,Saturday
10052,10053,227,2.0,8.0,2024-07-12,Friday
10053,10054,235,3.0,5.0,2024-07-28,Sunday
10054,10055,234,11.0,7.0,2024-07-04,Thursday
10055,10056,64,15.0,7.0,2024-07-06,Saturday
10056,10057,68,14.0,2.0,2024-07-20,Saturday
10058,10059,63,2.0,1.0,2024-07-11,Thursday
10059,10060,57,21.0,8.0,2024-07-03,Wednesday
10060,10061,257,4.0,2.0,2024-07-16,Tuesday
10061,10062,47,7.0,7.0,2024-07-17,Wednesday
10062,10063,227,20.0,3.0,2024-07-08,Monday
10063,10064,280,5.0,5.0,2024-07-25,Thursday
10064,10065,253,4.0,4.0,2024-07-24,Wednesday
10065,10066,26,18.0,5.0,2024-07-06,Saturday
10066,10067,82,4.0,9.0,2024-07-18,Thursday
10067,10068,49,9.0,6.0,2024-07-02,Tuesday
10068,10069,145,8.0,4.0,2024-07-19,Friday
10069,10070,151,7.0,3.0,2024-07-23,Tuesday
10070,10071,90,2.0,8.0,2024-07-04,Thursday
10071,10072,16,18.0,10.0,2024-07-23,Tuesday
10072,10073,277,23.0,2.0,2024-07-06,Saturday
10073,10074,110,13.0,10.0,2024-07-02,Tuesday
10074,10075,33,11.0,4.0,2024-07-14,Sunday
10075,10076,147,3.0,6.0,2024-07-20,Saturday
10076,10077,142,12.0,6.0,2024-07-18,Thursday
10077,10078,249,4.0,6.0,2024-07-01,Monday
10078,10079,97,10.0,1.0,2024-07-04,Thursday
10079,10080,294,6.0,7.0,2024-07-26,Friday
10080,10081,57,18.0,2.0,2024-07-15,Monday
10081,10082,68,7.0,8.0,2024-07-02,Tuesday
10082,10083,16,21.0,5.0,2024-07-07,Sunday
10083,10084,125,7.0,6.0,2024-07-06,Saturday
10084,10085,26,4.0,2.0,2024-07-20,Saturday
10085,10086,182,22.0,9.0,2024-07-05,Friday
10086,10087,43,25.0,6.0,2024-07-18,Thursday
10087,10088,278,19.0,6.0,2024-07-26,Friday
10088,10089,116,11.0,7.0,2024-07-28,Sunday
10089,10090,51,10.0,6.0,2024-07-26,Friday
10090,10091,275,19.0,3.0,2024-07-10,Wednesday
10091,10092,247,9.0,10.0,2024-07-05,Friday
10092,10093,136,22.0,10.0,2024-07-13,Saturday
10093,10094,194,1.0,1.0,2024-07-03,Wednesday
10094,10095,286,15.0,1.0,2024-07-05,Friday
10095,10096,214,8.0,6.0,2024-07-27,Saturday
10096,10097,270,21.0,6.0,2024-07-11,Thursday
10097,10098,177,21.0,10.0,2024-07-22,Monday
10098,10099,207,8.0,3.0,2024-07-07,Sunday
10099,10100,275,21.0,6.0,2024-07-15,Monday
10100,10101,52,13.0,3.0,2024-07-17,Wednesday
10102,10103,100,5.0,2.0,2024-07-13,Saturday
10103,10104,272,5.0,6.0,2024-07-25,Thursday
10104,10105,47,23.0,10.0,2024-07-26,Friday
10105,10106,289,4.0,1.0,2024-07-16,Tuesday
10106,10107,273,19.0,10.0,2024-07-21,Sunday
10107,10108,128,3.0,10.0,2024-07-18,Thursday
10108,10109,163,17.0,5.0,2024-07-17,Wednesday
10109,10110,65,2.0,8.0,2024-07-13,Saturday
10110,10111,182,25.0,7.0,2024-07-17,Wednesday
10111,10112,199,19.0,1.0,2024-07-28,Sunday
10112,10113,257,12.0,6.0,2024-07-15,Monday
10113,10114,285,9.0,1.0,2024-07-27,Saturday
10114,10115,271,5.0,8.0,2024-07-27,Saturday
10115,10116,174,16.0,7.0,2024-07-20,Saturday
10116,10117,241,5.0,9.0,2024-07-04,Thursday
10117,10118,237,17.0,7.0,2024-07-06,Saturday
10118,10119,83,11.0,10.0,2024-07-23,Tuesday
10119,10120,184,10.0,2.0,2024-07-16,Tuesday
10120,10121,195,15.0,3.0,2024-07-05,Friday
10121,10122,179,11.0,6.0,2024-07-12,Friday
10122,10123,34,9.0,4.0,2024-07-20,Saturday
10123,10124,53,18.0,10.0,2024-07-28,Sunday
10124,10125,128,2.0,6.0,2024-07-13,Saturday
10125,10126,279,7.0,4.0,2024-07-14,Sunday
10126,10127,253,10.0,3.0,2024-07-28,Sunday
10127,10128,169,22.0,7.0,2024-07-16,Tuesday
10128,10129,232,21.0,6.0,2024-07-28,Sunday
10129,10130,234,23.0,6.0,2024-07-26,Friday
10130,10131,289,8.0,5.0,2024-07-22,Monday
10131,10132,22,2.0,5.0,2024-07-28,Sunday
10133,10134,158,8.0,7.0,2024-07-13,Saturday
10134,10135,164,18.0,9.0,2024-07-26,Friday
10135,10136,132,18.0,7.0,2024-07-18,Thursday
10136,10137,244,1.0,8.0,2024-07-28,Sunday
10137,10138,45,9.0,2.0,2024-07-13,Saturday
10138,10139,23,25.0,7.0,2024-07-24,Wednesday
10139,10140,215,9.0,7.0,2024-07-11,Thursday
10140,10141,87,1.0,6.0,2024-07-02,Tuesday
10143,10144,21,19.0,1.0,2024-07-05,Friday
10144,10145,212,8.0,5.0,2024-07-02,Tuesday
10145,10146,18,23.0,8.0,2024-07-05,Friday
10146,10147,73,5.0,1.0,2024-07-20,Saturday
10147,10148,67,1.0,8.0,2024-07-22,Monday
10148,10149,111,5.0,6.0,2024-07-21,Sunday
10149,10150,104,23.0,8.0,2024-07-15,Monday
10150,10151,160,3.0,7.0,2024-07-04,Thursday
10151,10152,289,17.0,5.0,2024-07-23,Tuesday
10152,10153,246,21.0,2.0,2024-07-19,Friday
10153,10154,51,16.0,6.0,2024-07-22,Monday
10154,10155,33,25.0,5.0,2024-07-11,Thursday
10155,10156,152,11.0,8.0,2024-07-01,Monday
10156,10157,98,21.0,4.0,2024-07-03,Wednesday
10157,10158,216,23.0,2.0,2024-07-17,Wednesday
10158,10159,169,15.0,1.0,2024-07-14,Sunday
10159,10160,190,19.0,5.0,2024-07-08,Monday
10160,10161,185,8.0,8.0,2024-07-01,Monday
10161,10162,300,19.0,6.0,2024-07-09,Tuesday
10162,10163,7,24.0,10.0,2024-07-05,Friday
10163,10164,60,21.0,6.0,2024-07-19,Friday
10164,10165,219,7.0,1.0,2024-07-23,Tuesday
10165,10166,174,4.0,9.0,2024-07-18,Thursday
10166,10167,125,10.0,10.0,2024-07-06,Saturday
10167,10168,280,24.0,7.0,2024-07-10,Wednesday
10168,10169,249,1.0,8.0,2024-07-12,Friday
10169,10170,88,5.0,4.0,2024-07-19,Friday
10170,10171,258,23.0,10.0,2024-07-28,Sunday
10171,10172,270,5.0,7.0,2024-07-06,Saturday
10172,10173,266,15.0,7.0,2024-07-19,Friday
10173,10174,183,4.0,4.0,2024-07-27,Saturday
10174,10175,113,7.0,9.0,2024-07-09,Tuesday
10175,10176,115,13.0,4.0,2024-07-11,Thursday
10176,10177,279,3.0,2.0,2024-07-12,Friday
10177,10178,236,8.0,9.0,2024-07-17,Wednesday
10178,10179,25,23.0,8.0,2024-07-11,Thursday
10179,10180,39,17.0,8.0,2024-07-01,Monday
10180,10181,102,1.0,1.0,2024-07-28,Sunday
10181,10182,51,15.0,3.0,2024-07-09,Tuesday
10182,10183,282,16.0,9.0,2024-07-14,Sunday
10183,10184,22,5.0,10.0,2024-07-23,Tuesday
10184,10185,279,6.0,9.0,2024-07-21,Sunday
10185,10186,86,16.0,1.0,2024-07-07,Sunday
10186,10187,65,4.0,8.0,2024-07-08,Monday
10187,10188,195,14.0,9.0,2024-07-09,Tuesday
10188,10189,300,10.0,10.0,2024-07-07,Sunday
10189,10190,209,6.0,5.0,2024-07-15,Monday
10190,10191,146,7.0,6.0,2024-07-13,Saturday
10191,10192,66,17.0,8.0,2024-07-23,Tuesday
10192,10193,149,5.0,1.0,2024-07-06,Saturday
10193,10194,3,12.0,1.0,2024-07-28,Sunday
10194,10195,30,7.0,8.0,2024-07-20,Saturday
10195,10196,197,25.0,10.0,2024-07-22,Monday
10196,10197,219,3.0,8.0,2024-07-09,Tuesday
10197,10198,70,23.0,3.0,2024-07-02,Tuesday
10198,10199,112,14.0,2.0,2024-07-26,Friday
10199,10200,111,19.0,9.0,2024-07-09,Tuesday
10200,10201,149,11.0,2.0,2024-07-05,Friday
10202,10203,148,21.0,3.0,2024-07-02,Tuesday
10203,10204,190,22.0,10.0,2024-07-08,Monday
10204,10205,299,17.0,6.0,2024-07-14,Sunday
10205,10206,2,12.0,5.0,2024-07-04,Thursday
10206,10207,72,12.0,8.0,2024-07-20,Saturday
10207,10208,206,23.0,8.0,2024-07-11,Thursday
10208,10209,232,11.0,2.0,2024-07-05,Friday
10209,10210,164,22.0,1.0,2024-07-25,Thursday
10210,10211,157,19.0,5.0,2024-07-12,Friday
10211,10212,152,14.0,6.0,2024-07-11,Thursday
10212,10213,78,25.0,9.0,2024-07-23,Tuesday
10213,10214,292,16.0,5.0,2024-07-11,Thursday
10214,10215,284,15.0,4.0,2024-07-06,Saturday
10215,10216,267,18.0,10.0,2024-07-03,Wednesday
10216,10217,229,14.0,4.0,2024-07-17,Wednesday
10217,10218,177,8.0,6.0,2024-07-03,Wednesday
10218,10219,282,12.0,8.0,2024-07-15,Monday
10219,10220,205,18.0,9.0,2024-07-23,Tuesday
10220,10221,177,4.0,1.0,2024-07-08,Monday
10221,10222,225,8.0,1.0,2024-07-01,Monday
10222,10223,271,3.0,3.0,2024-07-05,Friday
10223,10224,221,1.0,1.0,2024-07-12,Friday
10224,10225,213,8.0,2.0,2024-07-01,Monday
10225,10226,137,18.0,6.0,2024-07-21,Sunday
10226,10227,115,17.0,2.0,2024-07-04,Thursday
10227,10228,198,19.0,7.0,2024-07-03,Wednesday
10228,10229,14,4.0,5.0,2024-07-15,Monday
10229,10230,104,24.0,1.0,2024-07-04,Thursday
10231,10232,211,23.0,2.0,2024-07-23,Tuesday
10232,10233,251,4.0,8.0,2024-07-04,Thursday
10233,10234,31,3.0,7.0,2024-07-11,Thursday
10234,10235,138,15.0,10.0,2024-07-24,Wednesday
10235,10236,100,16.0,3.0,2024-07-27,Saturday
10236,10237,274,20.0,9.0,2024-07-11,Thursday
10237,10238,157,18.0,2.0,2024-07-06,Saturday
10238,10239,123,13.0,5.0,2024-07-23,Tuesday
10239,10240,23,12.0,3.0,2024-07-22,Monday
10240,10241,159,7.0,6.0,2024-07-22,Monday
10241,10242,221,22.0,1.0,2024-07-19,Friday
10242,10243,264,17.0,4.0,2024-07-25,Thursday
10243,10244,207,13.0,6.0,2024-07-10,Wednesday
10244,10245,116,6.0,4.0,2024-07-17,Wednesday
10245,10246,290,4.0,5.0,2024-07-05,Friday
10246,10247,289,4.0,6.0,2024-07-10,Wednesday
10247,10248,78,16.0,4.0,2024-07-09,Tuesday
10248,10249,103,20.0,5.0,2024-07-28,Sunday
10249,10250,269,19.0,1.0,2024-07-16,Tuesday
10250,10251,270,23.0,8.0,2024-07-09,Tuesday
10251,10252,66,18.0,4.0,2024-07-02,Tuesday
10252,10253,296,6.0,8.0,2024-07-05,Friday
10253,10254,92,11.0,8.0,2024-07-13,Saturday
10254,10255,278,6.0,6.0,2024-07-26,Friday
10255,10256,63,16.0,6.0,2024-07-20,Saturday
10256,10257,22,8.0,7.0,2024-07-28,Sunday
10257,10258,210,18.0,3.0,2024-07-21,Sunday
10258,10259,299,3.0,10.0,2024-07-18,Thursday
10259,10260,27,23.0,4.0,2024-07-10,Wednesday
10260,10261,207,18.0,10.0,2024-07-10,Wednesday
10261,10262,280,15.0,6.0,2024-07-07,Sunday
10262,10263,50,18.0,4.0,2024-07-24,Wednesday
10263,10264,168,23.0,8.0,2024-07-05,Friday
10264,10265,108,23.0,7.0,2024-07-13,Saturday
10265,10266,241,19.0,5.0,2024-07-03,Wednesday
10266,10267,66,2.0,5.0,2024-07-04,Thursday
10267,10268,89,18.0,9.0,2024-07-12,Friday
10268,10269,53,12.0,9.0,2024-07-25,Thursday
10269,10270,213,12.0,3.0,2024-07-28,Sunday
10270,10271,209,14.0,10.0,2024-07-05,Friday
10271,10272,108,19.0,10.0,2024-07-06,Saturday
10272,10273,105,15.0,5.0,2024-07-26,Friday
10273,10274,37,22.0,8.0,2024-07-16,Tuesday
10274,10275,24,22.0,9.0,2024-07-01,Monday
10275,10276,113,1.0,2.0,2024-07-22,Monday
10276,10277,229,9.0,9.0,2024-07-04,Thursday
10277,10278,111,12.0,7.0,2024-07-22,Monday
10278,10279,10,4.0,5.0,2024-07-09,Tuesday
10279,10280,89,6.0,1.0,2024-07-18,Thursday
10280,10281,54,12.0,2.0,2024-07-18,Thursday
10281,10282,210,5.0,3.0,2024-07-14,Sunday
10282,10283,141,8.0,9.0,2024-07-12,Friday
10283,10284,267,25.0,3.0,2024-07-02,Tuesday
10284,10285,293,21.0,1.0,2024-07-25,Thursday
10285,10286,186,3.0,8.0,2024-07-25,Thursday
10286,10287,145,7.0,7.0,2024-07-15,Monday
10287,10288,150,21.0,7.0,2024-07-01,Monday
10288,10289,137,13.0,9.0,2024-07-27,Saturday
10289,10290,230,13.0,6.0,2024-07-02,Tuesday
10290,10291,186,23.0,9.0,2024-07-26,Friday
10291,10292,213,8.0,3.0,2024-07-20,Saturday
10292,10293,173,23.0,8.0,2024-07-09,Tuesday
10293,10294,298,25.0,8.0,2024-07-08,Monday
10294,10295,115,15.0,8.0,2024-07-04,Thursday
10295,10296,274,24.0,1.0,2024-07-18,Thursday
10296,10297,211,13.0,10.0,2024-07-09,Tuesday
10297,10298,175,13.0,8.0,2024-07-05,Friday
10298,10299,68,2.0,8.0,2024-07-17,Wednesday
10299,10300,237,4.0,8.0,2024-07-15,Monday
10300,10301,205,10.0,9.0,2024-07-24,Wednesday
10301,10302,114,14.0,5.0,2024-07-08,Monday
10302,10303,237,11.0,10.0,2024-07-17,Wednesday
10303,10304,7,2.0,3.0,2024-07-18,Thursday
10304,10305,202,2.0,3.0,2024-07-08,Monday
10305,10306,59,1.0,3.0,2024-07-19,Friday
10306,10307,294,5.0,3.0,2024-07-20,Saturday
10307,10308,250,6.0,7.0,2024-07-07,Sunday
10308,10309,27,1.0,3.0,2024-07-23,Tuesday
10309,10310,138,1.0,1.0,2024-07-09,Tuesday
10310,10311,271,13.0,1.0,2024-07-28,Sunday
10311,10312,81,9.0,8.0,2024-07-21,Sunday
10312,10313,8,24.0,3.0,2024-07-20,Saturday
10313,10314,138,11.0,1.0,2024-07-01,Monday
10314,10315,222,24.0,10.0,2024-07-27,Saturday
10315,10316,170,7.0,10.0,2024-07-16,Tuesday
10316,10317,137,2.0,2.0,2024-07-09,Tuesday
10317,10318,275,12.0,7.0,2024-07-01,Monday
10318,10319,117,4.0,3.0,2024-07-25,Thursday
10319,10320,91,15.0,10.0,2024-07-11,Thursday
10320,10321,156,11.0,8.0,2024-07-24,Wednesday
10321,10322,70,8.0,7.0,2024-07-14,Sunday
10322,10323,115,2.0,9.0,2024-07-07,Sunday
10323,10324,135,20.0,5.0,2024-07-09,Tuesday
10324,10325,75,21.0,1.0,2024-07-16,Tuesday
10325,10326,262,20.0,1.0,2024-07-24,Wednesday
10326,10327,281,25.0,8.0,2024-07-26,Friday
10327,10328,149,23.0,1.0,2024-07-06,Saturday
10328,10329,82,23.0,7.0,2024-07-18,Thursday
10329,10330,53,6.0,8.0,2024-07-28,Sunday
10330,10331,82,16.0,4.0,2024-07-08,Monday
10331,10332,31,2.0,1.0,2024-07-01,Monday
10332,10333,287,2.0,1.0,2024-07-18,Thursday
10333,10334,2,7.0,9.0,2024-07-17,Wednesday
10334,10335,149,4.0,8.0,2024-07-14,Sunday
10335,10336,41,13.0,3.0,2024-07-20,Saturday
10336,10337,188,12.0,4.0,2024-07-16,Tuesday
10337,10338,155,6.0,3.0,2024-07-02,Tuesday
10338,10339,71,23.0,9.0,2024-07-12,Friday
10339,10340,169,10.0,5.0,2024-07-06,Saturday
10340,10341,150,13.0,7.0,2024-07-20,Saturday
10341,10342,95,1.0,10.0,2024-07-10,Wednesday
10342,10343,21,3.0,7.0,2024-07-24,Wednesday
10343,10344,221,15.0,1.0,2024-07-06,Saturday
10344,10345,111,12.0,1.0,2024-07-12,Friday
10345,10346,113,25.0,6.0,2024-07-04,Thursday
10346,10347,63,25.0,4.0,2024-07-06,Saturday
10347,10348,58,12.0,2.0,2024-07-28,Sunday
10348,10349,295,1.0,6.0,2024-07-21,Sunday
10349,10350,55,23.0,6.0,2024-07-16,Tuesday
10350,10351,199,18.0,5.0,2024-07-25,Thursday
10351,10352,285,6.0,7.0,2024-07-28,Sunday
10352,10353,150,22.0,2.0,2024-07-22,Monday
10353,10354,294,11.0,10.0,2024-07-10,Wednesday
10354,10355,15,11.0,6.0,2024-07-08,Monday
10356,10357,72,14.0,9.0,2024-07-02,Tuesday
10357,10358,154,10.0,8.0,2024-07-16,Tuesday
10358,10359,299,17.0,10.0,2024-07-17,Wednesday
10359,10360,112,8.0,4.0,2024-07-18,Thursday
10360,10361,267,11.0,3.0,2024-07-17,Wednesday
10361,10362,204,23.0,3.0,2024-07-24,Wednesday
10362,10363,127,23.0,2.0,2024-07-24,Wednesday
10363,10364,100,3.0,4.0,2024-07-10,Wednesday
10364,10365,248,11.0,2.0,2024-07-26,Friday
10365,10366,95,21.0,7.0,2024-07-15,Monday
10366,10367,54,10.0,6.0,2024-07-12,Friday
10369,10370,173,6.0,6.0,2024-07-13,Saturday
10370,10371,169,2.0,9.0,2024-07-02,Tuesday
10371,10372,276,1.0,4.0,2024-07-12,Friday
10372,10373,164,15.0,9.0,2024-07-08,Monday
10373,10374,57,3.0,10.0,2024-07-23,Tuesday
10374,10375,102,14.0,7.0,2024-07-01,Monday
10375,10376,242,20.0,9.0,2024-07-19,Friday
10376,10377,173,14.0,1.0,2024-07-11,Thursday
10377,10378,291,4.0,6.0,2024-07-06,Saturday
10378,10379,31,20.0,1.0,2024-07-04,Thursday
10379,10380,201,9.0,5.0,2024-07-13,Saturday
10380,10381,14,8.0,1.0,2024-07-25,Thursday
10382,10383,263,22.0,9.0,2024-07-03,Wednesday
10383,10384,102,23.0,9.0,2024-07-09,Tuesday
10384,10385,34,22.0,3.0,2024-07-03,Wednesday
10385,10386,76,5.0,2.0,2024-07-10,Wednesday
10386,10387,2,7.0,3.0,2024-07-07,Sunday
10387,10388,59,11.0,5.0,2024-07-23,Tuesday
10388,10389,300,23.0,9.0,2024-07-02,Tuesday
10389,10390,7,3.0,3.0,2024-07-05,Friday
10390,10391,4,23.0,3.0,2024-07-06,Saturday
10391,10392,232,4.0,3.0,2024-07-20,Saturday
10392,10393,170,10.0,1.0,2024-07-13,Saturday
10393,10394,277,14.0,10.0,2024-07-07,Sunday
10394,10395,210,12.0,7.0,2024-07-24,Wednesday
10395,10396,20,8.0,9.0,2024-07-11,Thursday
10396,10397,231,13.0,2.0,2024-07-05,Friday
10397,10398,139,8.0,1.0,2024-07-10,Wednesday
10398,10399,6,12.0,2.0,2024-07-12,Friday
10399,10400,292,4.0,7.0,2024-07-03,Wednesday
10400,10401,76,11.0,7.0,2024-07-13,Saturday
10401,10402,69,21.0,7.0,2024-07-12,Friday
10402,10403,245,5.0,8.0,2024-07-01,Monday
10403,10404,6,17.0,5.0,2024-07-01,Monday
10404,10405,210,20.0,5.0,2024-07-10,Wednesday
10405,10406,258,21.0,3.0,2024-07-16,Tuesday
10406,10407,258,3.0,3.0,2024-07-23,Tuesday
10407,10408,35,21.0,3.0,2024-07-19,Friday
10408,10409,27,14.0,3.0,2024-07-05,Friday
10409,10410,89,1.0,4.0,2024-07-16,Tuesday
10410,10411,75,18.0,8.0,2024-07-22,Monday
10411,10412,287,25.0,1.0,2024-07-26,Friday
10412,10413,289,10.0,8.0,2024-07-26,Friday
10413,10414,91,11.0,5.0,2024-07-18,Thursday
10414,10415,285,1.0,5.0,2024-07-19,Friday
10415,10416,81,12.0,9.0,2024-07-16,Tuesday
10416,10417,247,22.0,3.0,2024-07-27,Saturday
10417,10418,187,20.0,1.0,2024-07-09,Tuesday
10418,10419,45,21.0,10.0,2024-07-13,Saturday
10420,10421,32,15.0,4.0,2024-07-07,Sunday
10422,10423,267,14.0,9.0,2024-07-17,Wednesday
10423,10424,131,23.0,7.0,2024-07-13,Saturday
10424,10425,119,19.0,2.0,2024-07-02,Tuesday
10425,10426,1,16.0,4.0,2024-07-17,Wednesday
10426,10427,182,4.0,5.0,2024-07-16,Tuesday
10427,10428,270,13.0,1.0,2024-07-15,Monday
10428,10429,149,12.0,1.0,2024-07-12,Friday
10429,10430,219,18.0,1.0,2024-07-23,Tuesday
10430,10431,30,3.0,4.0,2024-07-12,Friday
10431,10432,236,3.0,10.0,2024-07-08,Monday
10432,10433,250,2.0,6.0,2024-07-13,Saturday
10433,10434,133,22.0,8.0,2024-07-19,Friday
10434,10435,71,13.0,10.0,2024-07-22,Monday
10435,10436,66,19.0,6.0,2024-07-21,Sunday
10436,10437,179,24.0,5.0,2024-07-05,Friday
10437,10438,124,3.0,7.0,2024-07-18,Thursday
10438,10439,131,1.0,4.0,2024-07-24,Wednesday
10439,10440,277,3.0,7.0,2024-07-27,Saturday
10440,10441,96,13.0,3.0,2024-07-22,Monday
10441,10442,137,16.0,3.0,2024-07-12,Friday
10442,10443,54,19.0,9.0,2024-07-05,Friday
10443,10444,275,3.0,8.0,2024-07-16,Tuesday
10444,10445,66,2.0,5.0,2024-07-18,Thursday
10445,10446,31,16.0,3.0,2024-07-19,Friday
10446,10447,293,23.0,10.0,2024-07-02,Tuesday
10447,10448,265,20.0,9.0,2024-07-14,Sunday
10448,10449,295,8.0,7.0,2024-07-21,Sunday
10449,10450,20,1.0,3.0,2024-07-11,Thursday
10450,10451,252,1.0,4.0,2024-07-07,Sunday
10451,10452,139,4.0,8.0,2024-07-23,Tuesday
10452,10453,125,14.0,9.0,2024-07-20,Saturday
10453,10454,272,10.0,7.0,2024-07-10,Wednesday
10454,10455,54,12.0,5.0,2024-07-07,Sunday
10455,10456,153,23.0,2.0,2024-07-18,Thursday
10456,10457,92,19.0,2.0,2024-07-09,Tuesday
10457,10458,28,15.0,5.0,2024-07-12,Friday
10458,10459,178,13.0,6.0,2024-07-03,Wednesday
10459,10460,282,1.0,8.0,2024-07-02,Tuesday
10460,10461,3,17.0,4.0,2024-07-17,Wednesday
10461,10462,5,14.0,10.0,2024-07-25,Thursday
10462,10463,260,16.0,9.0,2024-07-20,Saturday
10463,10464,227,5.0,4.0,2024-07-06,Saturday
10464,10465,183,4.0,4.0,2024-07-06,Saturday
10465,10466,13,1.0,3.0,2024-07-26,Friday
10466,10467,9,9.0,4.0,2024-07-26,Friday
10467,10468,209,7.0,9.0,2024-07-25,Thursday
10468,10469,227,22.0,2.0,2024-07-09,Tuesday
10469,10470,40,4.0,2.0,2024-07-18,Thursday
10470,10471,5,24.0,9.0,2024-07-21,Sunday
10471,10472,56,23.0,2.0,2024-07-16,Tuesday
10472,10473,152,2.0,2.0,2024-07-27,Saturday
10473,10474,104,7.0,6.0,2024-07-19,Friday
10474,10475,236,2.0,6.0,2024-07-14,Sunday
10475,10476,229,3.0,9.0,2024-07-18,Thursday
10476,10477,228,16.0,7.0,2024-07-22,Monday
10477,10478,246,22.0,5.0,2024-07-12,Friday
10478,10479,214,18.0,3.0,2024-07-02,Tuesday
10479,10480,288,25.0,1.0,2024-07-21,Sunday
10480,10481,112,2.0,4.0,2024-07-07,Sunday
10481,10482,18,6.0,9.0,2024-07-07,Sunday
10483,10484,253,7.0,2.0,2024-07-15,Monday
10484,10485,77,8.0,2.0,2024-07-23,Tuesday
10485,10486,149,12.0,10.0,2024-07-08,Monday
10486,10487,85,1.0,8.0,2024-07-03,Wednesday
10487,10488,257,4.0,2.0,2024-07-05,Friday
10488,10489,170,21.0,8.0,2024-07-25,Thursday
10489,10490,163,18.0,5.0,2024-07-04,Thursday
10490,10491,98,12.0,9.0,2024-07-05,Friday
10492,10493,87,22.0,4.0,2024-07-03,Wednesday
10493,10494,128,24.0,6.0,2024-07-18,Thursday
10494,10495,176,11.0,3.0,2024-07-15,Monday
10495,10496,27,17.0,9.0,2024-07-07,Sunday
10496,10497,246,5.0,10.0,2024-07-18,Thursday
10497,10498,157,3.0,4.0,2024-07-28,Sunday
10498,10499,50,6.0,8.0,2024-07-08,Monday
10499,10500,172,21.0,9.0,2024-07-14,Sunday
10500,10501,40,14.0,1.0,2024-07-28,Sunday
10501,10502,87,5.0,2.0,2024-07-26,Friday
10502,10503,79,8.0,9.0,2024-07-28,Sunday
10503,10504,117,25.0,7.0,2024-07-23,Tuesday
10504,10505,24,19.0,2.0,2024-07-24,Wednesday
10505,10506,47,7.0,8.0,2024-07-27,Saturday
10506,10507,163,25.0,8.0,2024-07-05,Friday
10507,10508,137,13.0,1.0,2024-07-19,Friday
10508,10509,13,22.0,5.0,2024-07-16,Tuesday
10509,10510,56,23.0,5.0,2024-07-10,Wednesday
10510,10511,32,3.0,4.0,2024-07-14,Sunday
10511,10512,157,22.0,6.0,2024-07-09,Tuesday
10512,10513,113,11.0,6.0,2024-07-05,Friday
10513,10514,2,12.0,6.0,2024-07-04,Thursday
10514,10515,250,21.0,2.0,2024-07-27,Saturday
10515,10516,100,10.0,7.0,2024-07-06,Saturday
10516,10517,284,8.0,6.0,2024-07-20,Saturday
10517,10518,221,7.0,5.0,2024-07-27,Saturday
10518,10519,80,8.0,1.0,2024-07-06,Saturday
10519,10520,234,25.0,9.0,2024-07-13,Saturday
10520,10521,263,11.0,10.0,2024-07-05,Friday
10521,10522,113,10.0,2.0,2024-07-08,Monday
10522,10523,9,4.0,4.0,2024-07-03,Wednesday
10523,10524,124,8.0,10.0,2024-07-10,Wednesday
10524,10525,272,13.0,8.0,2024-07-24,Wednesday
10525,10526,123,19.0,2.0,2024-07-03,Wednesday
10526,10527,206,2.0,6.0,2024-07-25,Thursday
10527,10528,156,23.0,5.0,2024-07-22,Monday
10528,10529,134,10.0,3.0,2024-07-01,Monday
10529,10530,23,12.0,4.0,2024-07-06,Saturday
10530,10531,46,11.0,2.0,2024-07-04,Thursday
10531,10532,11,22.0,5.0,2024-07-25,Thursday
10532,10533,206,8.0,9.0,2024-07-05,Friday
10533,10534,34,10.0,5.0,2024-07-16,Tuesday
10534,10535,174,21.0,8.0,2024-07-17,Wednesday
10535,10536,138,4.0,7.0,2024-07-23,Tuesday
10536,10537,183,2.0,1.0,2024-07-27,Saturday
10537,10538,53,11.0,4.0,2024-07-01,Monday
10538,10539,214,23.0,8.0,2024-07-25,Thursday
10539,10540,64,25.0,8.0,2024-07-23,Tuesday
10540,10541,120,2.0,4.0,2024-07-12,Friday
10541,10542,262,4.0,4.0,2024-07-27,Saturday
10542,10543,300,23.0,5.0,2024-07-15,Monday
10543,10544,131,4.0,1.0,2024-07-14,Sunday
10544,10545,51,23.0,9.0,2024-07-11,Thursday
10545,10546,30,14.0,8.0,2024-07-28,Sunday
10546,10547,4,6.0,6.0,2024-07-28,Sunday
10547,10548,241,16.0,4.0,2024-07-18,Thursday
10548,10549,254,18.0,2.0,2024-07-05,Friday
10549,10550,210,22.0,9.0,2024-07-03,Wednesday
10550,10551,183,12.0,3.0,2024-07-13,Saturday
10551,10552,2,11.0,5.0,2024-07-03,Wednesday
10552,10553,195,20.0,2.0,2024-07-10,Wednesday
10553,10554,163,5.0,5.0,2024-07-20,Saturday
10554,10555,300,14.0,10.0,2024-07-17,Wednesday
10555,10556,6,2.0,8.0,2024-07-04,Thursday
10556,10557,134,4.0,4.0,2024-07-21,Sunday
10557,10558,149,19.0,8.0,2024-07-10,Wednesday
10558,10559,52,3.0,6.0,2024-07-28,Sunday
10559,10560,114,1.0,8.0,2024-07-01,Monday
10560,10561,178,13.0,1.0,2024-07-10,Wednesday
10561,10562,13,4.0,4.0,2024-07-27,Saturday
10562,10563,292,25.0,4.0,2024-07-08,Monday
10563,10564,102,25.0,9.0,2024-07-16,Tuesday
10564,10565,38,5.0,2.0,2024-07-23,Tuesday
10565,10566,246,8.0,6.0,2024-07-10,Wednesday
10566,10567,198,14.0,1.0,2024-07-14,Sunday
10567,10568,140,7.0,5.0,2024-07-27,Saturday
10568,10569,270,11.0,5.0,2024-07-22,Monday
10569,10570,268,2.0,1.0,2024-07-05,Friday
10570,10571,122,13.0,1.0,2024-07-24,Wednesday
10571,10572,267,21.0,3.0,2024-07-02,Tuesday
10572,10573,256,18.0,4.0,2024-07-08,Monday
10573,10574,193,18.0,4.0,2024-07-03,Wednesday
10574,10575,29,13.0,6.0,2024-07-07,Sunday
10575,10576,88,6.0,7.0,2024-07-13,Saturday
10576,10577,118,9.0,10.0,2024-07-02,Tuesday
10577,10578,155,18.0,9.0,2024-07-13,Saturday
10578,10579,40,24.0,4.0,2024-07-03,Wednesday
10579,10580,146,2.0,10.0,2024-07-15,Monday
10580,10581,71,20.0,10.0,2024-07-01,Monday
10581,10582,201,14.0,2.0,2024-07-23,Tuesday
10582,10583,219,4.0,9.0,2024-07-03,Wednesday
10584,10585,123,13.0,5.0,2024-07-22,Monday
10585,10586,183,13.0,9.0,2024-07-23,Tuesday
10586,10587,272,11.0,4.0,2024-07-27,Saturday
10587,10588,49,21.0,10.0,2024-07-28,Sunday
10588,10589,99,5.0,6.0,2024-07-12,Friday
10589,10590,135,21.0,4.0,2024-07-11,Thursday
10590,10591,19,6.0,6.0,2024-07-12,Friday
10591,10592,224,20.0,2.0,2024-07-12,Friday
10592,10593,260,9.0,7.0,2024-07-16,Tuesday
10593,10594,44,5.0,8.0,2024-07-05,Friday
10594,10595,44,20.0,9.0,2024-07-07,Sunday
10595,10596,29,14.0,6.0,2024-07-26,Friday
10596,10597,36,8.0,6.0,2024-07-01,Monday
10597,10598,67,15.0,10.0,2024-07-15,Monday
10598,10599,45,6.0,9.0,2024-07-24,Wednesday
10599,10600,35,15.0,3.0,2024-07-18,Thursday
10600,10601,114,23.0,2.0,2024-07-14,Sunday
10601,10602,18,12.0,3.0,2024-07-26,Friday
10602,10603,198,1.0,6.0,2024-07-05,Friday
10603,10604,262,18.0,10.0,2024-07-19,Friday
10605,10606,88,5.0,10.0,2024-07-25,Thursday
10606,10607,126,17.0,7.0,2024-07-05,Friday
10607,10608,266,23.0,5.0,2024-07-09,Tuesday
10608,10609,142,14.0,3.0,2024-07-28,Sunday
10609,10610,256,21.0,10.0,2024-07-25,Thursday
10610,10611,84,23.0,2.0,2024-07-17,Wednesday
10611,10612,82,22.0,10.0,2024-07-02,Tuesday
10612,10613,176,25.0,8.0,2024-07-08,Monday
10613,10614,221,11.0,2.0,2024-07-12,Friday
10614,10615,234,8.0,4.0,2024-07-15,Monday
10615,10616,240,22.0,9.0,2024-07-24,Wednesday
10616,10617,251,8.0,3.0,2024-07-22,Monday
10617,10618,19,12.0,1.0,2024-07-04,Thursday
10618,10619,190,17.0,4.0,2024-07-06,Saturday
10619,10620,25,21.0,3.0,2024-07-27,Saturday
10620,10621,190,21.0,3.0,2024-07-09,Tuesday
10621,10622,121,10.0,5.0,2024-07-06,Saturday
10623,10624,155,10.0,9.0,2024-07-01,Monday
10624,10625,148,9.0,7.0,2024-07-06,Saturday
10625,10626,69,17.0,2.0,2024-07-09,Tuesday
10626,10627,240,15.0,3.0,2024-07-18,Thursday
10627,10628,123,16.0,7.0,2024-07-18,Thursday
10628,10629,189,19.0,10.0,2024-07-18,Thursday
10629,10630,255,12.0,10.0,2024-07-18,Thursday
10630,10631,296,9.0,2.0,2024-07-01,Monday
10631,10632,225,3.0,1.0,2024-07-25,Thursday
10632,10633,289,7.0,2.0,2024-07-09,Tuesday
10633,10634,142,25.0,7.0,2024-07-28,Sunday
10634,10635,197,22.0,6.0,2024-07-06,Saturday
10635,10636,73,9.0,6.0,2024-07-24,Wednesday
10636,10637,73,15.0,4.0,2024-07-11,Thursday
10637,10638,159,20.0,5.0,2024-07-23,Tuesday
10638,10639,142,19.0,6.0,2024-07-12,Friday
10639,10640,140,20.0,5.0,2024-07-10,Wednesday
10640,10641,7,6.0,3.0,2024-07-03,Wednesday
10641,10642,288,20.0,8.0,2024-07-03,Wednesday
10642,10643,3,23.0,9.0,2024-07-02,Tuesday
10643,10644,289,4.0,6.0,2024-07-01,Monday
10644,10645,219,25.0,10.0,2024-07-28,Sunday
10645,10646,255,24.0,9.0,2024-07-01,Monday
10646,10647,122,10.0,3.0,2024-07-20,Saturday
10647,10648,235,11.0,3.0,2024-07-12,Friday
10648,10649,96,21.0,5.0,2024-07-16,Tuesday
10649,10650,70,2.0,5.0,2024-07-02,Tuesday
10650,10651,118,24.0,8.0,2024-07-25,Thursday
10651,10652,94,19.0,9.0,2024-07-12,Friday
10652,10653,235,14.0,1.0,2024-07-28,Sunday
10653,10654,295,16.0,6.0,2024-07-06,Saturday
10654,10655,43,18.0,9.0,2024-07-22,Monday
10655,10656,177,9.0,9.0,2024-07-24,Wednesday
10656,10657,42,23.0,9.0,2024-07-17,Wednesday
10657,10658,102,2.0,8.0,2024-07-22,Monday
10658,10659,129,5.0,7.0,2024-07-09,Tuesday
10659,10660,248,23.0,4.0,2024-07-20,Saturday
10660,10661,135,8.0,7.0,2024-07-10,Wednesday
10661,10662,12,3.0,4.0,2024-07-26,Friday
10662,10663,163,24.0,1.0,2024-07-24,Wednesday
10663,10664,256,24.0,2.0,2024-07-22,Monday
10664,10665,261,21.0,1.0,2024-07-04,Thursday
10665,10666,74,12.0,9.0,2024-07-14,Sunday
10666,10667,202,1.0,3.0,2024-07-20,Saturday
10667,10668,64,4.0,10.0,2024-07-06,Saturday
10668,10669,265,25.0,3.0,2024-07-13,Saturday
10669,10670,289,5.0,8.0,2024-07-01,Monday
10670,10671,57,18.0,4.0,2024-07-01,Monday
10671,10672,140,19.0,6.0,2024-07-02,Tuesday
10672,10673,109,12.0,2.0,2024-07-17,Wednesday
10673,10674,109,9.0,6.0,2024-07-10,Wednesday
10674,10675,233,20.0,3.0,2024-07-24,Wednesday
10675,10676,208,21.0,2.0,2024-07-13,Saturday
10676,10677,111,6.0,7.0,2024-07-24,Wednesday
10677,10678,226,17.0,8.0,2024-07-05,Friday
10678,10679,156,17.0,6.0,2024-07-06,Saturday
10679,10680,176,15.0,6.0,2024-07-10,Wednesday
10680,10681,178,9.0,2.0,2024-07-25,Thursday
10681,10682,92,4.0,5.0,2024-07-26,Friday
10682,10683,81,15.0,1.0,2024-07-09,Tuesday
10683,10684,249,10.0,2.0,2024-07-09,Tuesday
10684,10685,170,17.0,10.0,2024-07-24,Wednesday
10685,10686,134,21.0,3.0,2024-07-22,Monday
10686,10687,126,13.0,8.0,2024-07-21,Sunday
10687,10688,276,11.0,3.0,2024-07-17,Wednesday
10688,10689,49,5.0,1.0,2024-07-06,Saturday
10689,10690,204,17.0,6.0,2024-07-13,Saturday
10690,10691,45,16.0,8.0,2024-07-01,Monday
10691,10692,257,4.0,1.0,2024-07-07,Sunday
10692,10693,28,13.0,5.0,2024-07-16,Tuesday
10693,10694,43,10.0,10.0,2024-07-25,Thursday
10695,10696,7,5.0,2.0,2024-07-11,Thursday
10696,10697,221,23.0,1.0,2024-07-17,Wednesday
10697,10698,47,8.0,6.0,2024-07-25,Thursday
10698,10699,47,22.0,2.0,2024-07-16,Tuesday
10699,10700,100,8.0,2.0,2024-07-03,Wednesday
10700,10701,60,4.0,6.0,2024-07-20,Saturday
10701,10702,156,20.0,2.0,2024-07-02,Tuesday
10702,10703,176,16.0,7.0,2024-07-23,Tuesday
10703,10704,57,14.0,5.0,2024-07-07,Sunday
10704,10705,28,24.0,5.0,2024-07-15,Monday
10705,10706,65,20.0,9.0,2024-07-23,Tuesday
10706,10707,290,25.0,1.0,2024-07-11,Thursday
10707,10708,244,21.0,1.0,2024-07-16,Tuesday
10708,10709,235,22.0,9.0,2024-07-16,Tuesday
10709,10710,233,17.0,3.0,2024-07-02,Tuesday
10710,10711,88,7.0,6.0,2024-07-24,Wednesday
10711,10712,81,11.0,4.0,2024-07-18,Thursday
10712,10713,111,19.0,6.0,2024-07-11,Thursday
10713,10714,80,7.0,10.0,2024-07-04,Thursday
10714,10715,41,2.0,6.0,2024-07-11,Thursday
10715,10716,248,19.0,8.0,2024-07-04,Thursday
10716,10717,286,19.0,2.0,2024-07-01,Monday
10717,10718,171,2.0,1.0,2024-07-18,Thursday
10718,10719,52,24.0,4.0,2024-07-13,Saturday
10719,10720,203,1.0,4.0,2024-07-13,Saturday
10720,10721,206,19.0,1.0,2024-07-17,Wednesday
10721,10722,128,23.0,5.0,2024-07-14,Sunday
10722,10723,297,4.0,1.0,2024-07-25,Thursday
10723,10724,259,2.0,5.0,2024-07-01,Monday
10724,10725,42,20.0,5.0,2024-07-20,Saturday
10725,10726,31,6.0,8.0,2024-07-26,Friday
10726,10727,296,25.0,10.0,2024-07-11,Thursday
10728,10729,15,12.0,2.0,2024-07-16,Tuesday
10729,10730,102,12.0,5.0,2024-07-08,Monday
10730,10731,246,12.0,6.0,2024-07-05,Friday
10731,10732,159,6.0,5.0,2024-07-17,Wednesday
10732,10733,59,17.0,10.0,2024-07-21,Sunday
10733,10734,226,8.0,10.0,2024-07-08,Monday
10734,10735,219,4.0,3.0,2024-07-05,Friday
10735,10736,264,3.0,2.0,2024-07-01,Monday
10736,10737,291,5.0,4.0,2024-07-16,Tuesday
10737,10738,238,11.0,4.0,2024-07-11,Thursday
10738,10739,182,15.0,1.0,2024-07-27,Saturday
10739,10740,227,23.0,7.0,2024-07-19,Friday
10741,10742,130,6.0,1.0,2024-07-03,Wednesday
10742,10743,261,10.0,3.0,2024-07-20,Saturday
10743,10744,152,5.0,7.0,2024-07-07,Sunday
10744,10745,183,14.0,3.0,2024-07-15,Monday
10745,10746,160,1.0,6.0,2024-07-22,Monday
10746,10747,240,15.0,3.0,2024-07-22,Monday
10747,10748,113,9.0,10.0,2024-07-10,Wednesday
10748,10749,258,6.0,1.0,2024-07-28,Sunday
10749,10750,77,2.0,8.0,2024-07-26,Friday
10750,10751,141,18.0,4.0,2024-07-28,Sunday
10751,10752,108,25.0,1.0,2024-07-22,Monday
10752,10753,143,17.0,2.0,2024-07-15,Monday
10753,10754,75,4.0,9.0,2024-07-19,Friday
10754,10755,152,22.0,8.0,2024-07-04,Thursday
10755,10756,42,14.0,5.0,2024-07-24,Wednesday
10756,10757,56,11.0,8.0,2024-07-04,Thursday
10757,10758,62,22.0,5.0,2024-07-06,Saturday
10758,10759,281,6.0,1.0,2024-07-14,Sunday
10759,10760,128,22.0,6.0,2024-07-24,Wednesday
10760,10761,80,23.0,9.0,2024-07-23,Tuesday
10761,10762,112,6.0,6.0,2024-07-19,Friday
10762,10763,296,23.0,4.0,2024-07-16,Tuesday
10763,10764,260,20.0,4.0,2024-07-24,Wednesday
10764,10765,51,20.0,5.0,2024-07-12,Friday
10765,10766,12,23.0,2.0,2024-07-10,Wednesday
10766,10767,290,24.0,6.0,2024-07-27,Saturday
10767,10768,221,22.0,1.0,2024-07-06,Saturday
10768,10769,146,23.0,1.0,2024-07-28,Sunday
10769,10770,212,12.0,3.0,2024-07-28,Sunday
10770,10771,276,20.0,6.0,2024-07-09,Tuesday
10771,10772,262,19.0,10.0,2024-07-01,Monday
10772,10773,1,9.0,7.0,2024-07-28,Sunday
10773,10774,186,22.0,3.0,2024-07-24,Wednesday
10774,10775,70,10.0,8.0,2024-07-01,Monday
10775,10776,138,23.0,1.0,2024-07-03,Wednesday
10776,10777,231,24.0,1.0,2024-07-11,Thursday
10777,10778,55,23.0,1.0,2024-07-03,Wednesday
10778,10779,15,19.0,2.0,2024-07-04,Thursday
10779,10780,268,7.0,4.0,2024-07-15,Monday
10780,10781,150,20.0,9.0,2024-07-08,Monday
10781,10782,110,13.0,2.0,2024-07-05,Friday
10782,10783,253,11.0,3.0,2024-07-26,Friday
10783,10784,93,13.0,5.0,2024-07-22,Monday
10784,10785,252,24.0,6.0,2024-07-04,Thursday
10785,10786,61,14.0,9.0,2024-07-23,Tuesday
10786,10787,88,24.0,7.0,2024-07-10,Wednesday
10787,10788,161,20.0,1.0,2024-07-15,Monday
10788,10789,139,19.0,10.0,2024-07-11,Thursday
10789,10790,131,4.0,1.0,2024-07-24,Wednesday
10790,10791,86,13.0,10.0,2024-07-20,Saturday
10791,10792,103,16.0,4.0,2024-07-27,Saturday
10792,10793,192,25.0,10.0,2024-07-07,Sunday
10793,10794,98,19.0,5.0,2024-07-04,Thursday
10794,10795,169,9.0,10.0,2024-07-12,Friday
10795,10796,254,14.0,8.0,2024-07-05,Friday
10796,10797,49,14.0,1.0,2024-07-03,Wednesday
10797,10798,185,2.0,5.0,2024-07-18,Thursday
10798,10799,198,22.0,7.0,2024-07-21,Sunday
10799,10800,153,2.0,9.0,2024-07-15,Monday
10800,10801,227,21.0,5.0,2024-07-10,Wednesday
10801,10802,273,17.0,8.0,2024-07-19,Friday
10802,10803,12,16.0,4.0,2024-07-16,Tuesday
10803,10804,273,16.0,10.0,2024-07-05,Friday
10804,10805,16,2.0,10.0,2024-07-07,Sunday
10805,10806,1,16.0,6.0,2024-07-12,Friday
10807,10808,153,15.0,3.0,2024-07-23,Tuesday
10808,10809,54,11.0,3.0,2024-07-19,Friday
10809,10810,232,21.0,1.0,2024-07-27,Saturday
10810,10811,58,18.0,9.0,2024-07-26,Friday
10811,10812,8,22.0,10.0,2024-07-12,Friday
10812,10813,153,14.0,4.0,2024-07-10,Wednesday
10813,10814,147,1.0,10.0,2024-07-07,Sunday
10814,10815,293,10.0,4.0,2024-07-14,Sunday
10815,10816,20,11.0,5.0,2024-07-19,Friday
10816,10817,24,14.0,10.0,2024-07-16,Tuesday
10817,10818,258,1.0,3.0,2024-07-17,Wednesday
10818,10819,69,24.0,5.0,2024-07-14,Sunday
10819,10820,190,23.0,2.0,2024-07-28,Sunday
10820,10821,74,3.0,4.0,2024-07-05,Friday
10821,10822,105,5.0,9.0,2024-07-02,Tuesday
10822,10823,154,1.0,9.0,2024-07-09,Tuesday
10823,10824,105,9.0,7.0,2024-07-15,Monday
10824,10825,58,10.0,1.0,2024-07-20,Saturday
10825,10826,90,24.0,1.0,2024-07-27,Saturday
10826,10827,41,25.0,9.0,2024-07-05,Friday
10827,10828,277,25.0,5.0,2024-07-05,Friday
10828,10829,105,21.0,2.0,2024-07-03,Wednesday
10829,10830,124,2.0,10.0,2024-07-22,Monday
10830,10831,257,23.0,7.0,2024-07-04,Thursday
10831,10832,144,3.0,3.0,2024-07-27,Saturday
10832,10833,213,19.0,9.0,2024-07-03,Wednesday
10833,10834,142,12.0,7.0,2024-07-18,Thursday
10834,10835,111,3.0,5.0,2024-07-16,Tuesday
10835,10836,41,4.0,6.0,2024-07-19,Friday
10836,10837,70,25.0,2.0,2024-07-04,Thursday
10837,10838,202,9.0,9.0,2024-07-15,Monday
10838,10839,26,16.0,1.0,2024-07-01,Monday
10839,10840,86,6.0,3.0,2024-07-01,Monday
10840,10841,180,5.0,4.0,2024-07-10,Wednesday
10841,10842,56,19.0,4.0,2024-07-11,Thursday
10842,10843,232,20.0,2.0,2024-07-10,Wednesday
10843,10844,255,8.0,3.0,2024-07-16,Tuesday
10844,10845,149,19.0,9.0,2024-07-15,Monday
10845,10846,136,25.0,5.0,2024-07-14,Sunday
10846,10847,223,22.0,4.0,2024-07-23,Tuesday
10847,10848,89,20.0,10.0,2024-07-24,Wednesday
10848,10849,253,25.0,9.0,2024-07-02,Tuesday
10849,10850,220,15.0,2.0,2024-07-13,Saturday
10850,10851,168,14.0,9.0,2024-07-03,Wednesday
10851,10852,252,25.0,4.0,2024-07-20,Saturday
10852,10853,142,12.0,1.0,2024-07-05,Friday
10853,10854,102,2.0,6.0,2024-07-24,Wednesday
10854,10855,105,16.0,1.0,2024-07-09,Tuesday
10855,10856,275,17.0,5.0,2024-07-07,Sunday
10856,10857,220,1.0,5.0,2024-07-22,Monday
10858,10859,71,20.0,3.0,2024-07-10,Wednesday
10859,10860,76,23.0,9.0,2024-07-18,Thursday
10860,10861,263,2.0,3.0,2024-07-20,Saturday
10861,10862,263,19.0,4.0,2024-07-12,Friday
10862,10863,216,14.0,5.0,2024-07-23,Tuesday
10863,10864,190,3.0,9.0,2024-07-11,Thursday
10864,10865,144,12.0,4.0,2024-07-27,Saturday
10865,10866,87,4.0,5.0,2024-07-23,Tuesday
10866,10867,189,12.0,10.0,2024-07-24,Wednesday
10867,10868,127,9.0,2.0,2024-07-14,Sunday
10868,10869,276,20.0,4.0,2024-07-12,Friday
10869,10870,183,23.0,7.0,2024-07-13,Saturday
10870,10871,99,19.0,10.0,2024-07-03,Wednesday
10873,10874,193,7.0,8.0,2024-07-25,Thursday
10874,10875,15,19.0,2.0,2024-07-23,Tuesday
10875,10876,57,16.0,4.0,2024-07-16,Tuesday
10876,10877,13,6.0,8.0,2024-07-07,Sunday
10877,10878,75,14.0,10.0,2024-07-21,Sunday
10878,10879,255,13.0,3.0,2024-07-02,Tuesday
10879,10880,20,6.0,2.0,2024-07-22,Monday
10880,10881,207,21.0,5.0,2024-07-15,Monday
10881,10882,267,18.0,3.0,2024-07-05,Friday
10882,10883,134,18.0,5.0,2024-07-09,Tuesday
10883,10884,7,25.0,4.0,2024-07-12,Friday
10884,10885,268,1.0,7.0,2024-07-16,Tuesday
10885,10886,123,24.0,7.0,2024-07-16,Tuesday
10886,10887,146,9.0,10.0,2024-07-10,Wednesday
10887,10888,127,24.0,7.0,2024-07-28,Sunday
10888,10889,3,11.0,10.0,2024-07-17,Wednesday
10889,10890,164,4.0,7.0,2024-07-28,Sunday
10890,10891,13,14.0,9.0,2024-07-23,Tuesday
10891,10892,72,17.0,6.0,2024-07-03,Wednesday
10892,10893,19,16.0,1.0,2024-07-12,Friday
10893,10894,187,23.0,9.0,2024-07-28,Sunday
10894,10895,20,1.0,9.0,2024-07-03,Wednesday
10895,10896,300,3.0,2.0,2024-07-25,Thursday
10896,10897,236,20.0,9.0,2024-07-21,Sunday
10897,10898,120,9.0,6.0,2024-07-17,Wednesday
10898,10899,281,19.0,9.0,2024-07-19,Friday
10899,10900,30,18.0,6.0,2024-07-25,Thursday
10900,10901,8,7.0,2.0,2024-07-02,Tuesday
10901,10902,122,7.0,6.0,2024-07-11,Thursday
10902,10903,178,3.0,3.0,2024-07-06,Saturday
10903,10904,104,16.0,7.0,2024-07-10,Wednesday
10904,10905,282,5.0,5.0,2024-07-23,Tuesday
10905,10906,229,3.0,1.0,2024-07-12,Friday
10906,10907,51,17.0,1.0,2024-07-23,Tuesday
10907,10908,143,10.0,10.0,2024-07-28,Sunday
10908,10909,17,22.0,8.0,2024-07-07,Sunday
10909,10910,46,25.0,1.0,2024-07-18,Thursday
10910,10911,153,9.0,1.0,2024-07-15,Monday
10911,10912,109,14.0,7.0,2024-07-23,Tuesday
10912,10913,89,24.0,9.0,2024-07-14,Sunday
10913,10914,194,20.0,8.0,2024-07-03,Wednesday
10914,10915,150,3.0,4.0,2024-07-12,Friday
10915,10916,117,1.0,1.0,2024-07-11,Thursday
10916,10917,58,4.0,5.0,2024-07-10,Wednesday
10917,10918,71,9.0,10.0,2024-07-11,Thursday
10918,10919,185,10.0,7.0,2024-07-15,Monday
10919,10920,173,14.0,6.0,2024-07-27,Saturday
10920,10921,48,6.0,10.0,2024-07-19,Friday
10921,10922,22,3.0,3.0,2024-07-10,Wednesday
10922,10923,253,12.0,1.0,2024-07-22,Monday
10923,10924,34,15.0,5.0,2024-07-23,Tuesday
10924,10925,240,12.0,8.0,2024-07-15,Monday
10925,10926,87,3.0,9.0,2024-07-07,Sunday
10926,10927,195,11.0,7.0,2024-07-06,Saturday
10927,10928,162,3.0,7.0,2024-07-20,Saturday
10928,10929,278,25.0,3.0,2024-07-26,Friday
10929,10930,28,6.0,2.0,2024-07-05,Friday
10930,10931,268,5.0,4.0,2024-07-05,Friday
10931,10932,101,10.0,5.0,2024-07-22,Monday
10932,10933,90,5.0,4.0,2024-07-07,Sunday
10933,10934,241,5.0,4.0,2024-07-18,Thursday
10934,10935,132,9.0,1.0,2024-07-22,Monday
10935,10936,279,18.0,8.0,2024-07-26,Friday
10936,10937,184,15.0,3.0,2024-07-27,Saturday
10937,10938,157,20.0,4.0,2024-07-19,Friday
10938,10939,102,7.0,3.0,2024-07-22,Monday
10939,10940,94,25.0,4.0,2024-07-03,Wednesday
10940,10941,193,6.0,7.0,2024-07-13,Saturday
10941,10942,235,17.0,8.0,2024-07-03,Wednesday
10942,10943,284,10.0,8.0,2024-07-02,Tuesday
10943,10944,250,9.0,10.0,2024-07-02,Tuesday
10944,10945,263,22.0,3.0,2024-07-24,Wednesday
10945,10946,116,13.0,4.0,2024-07-26,Friday
10946,10947,121,15.0,1.0,2024-07-18,Thursday
10947,10948,214,1.0,4.0,2024-07-28,Sunday
10948,10949,177,19.0,10.0,2024-07-26,Friday
10949,10950,8,5.0,4.0,2024-07-25,Thursday
10950,10951,51,1.0,6.0,2024-07-04,Thursday
10951,10952,91,5.0,10.0,2024-07-06,Saturday
10952,10953,294,17.0,7.0,2024-07-03,Wednesday
10953,10954,44,17.0,2.0,2024-07-26,Friday
10954,10955,206,2.0,7.0,2024-07-14,Sunday
10955,10956,106,22.0,9.0,2024-07-09,Tuesday
10956,10957,195,16.0,8.0,2024-07-28,Sunday
10957,10958,300,8.0,4.0,2024-07-01,Monday
10958,10959,204,6.0,6.0,2024-07-13,Saturday
10959,10960,78,18.0,6.0,2024-07-13,Saturday
10960,10961,279,21.0,3.0,2024-07-01,Monday
10961,10962,220,14.0,8.0,2024-07-02,Tuesday
10962,10963,245,8.0,4.0,2024-07-25,Thursday
10963,10964,105,3.0,6.0,2024-07-24,Wednesday
10964,10965,146,21.0,9.0,2024-07-11,Thursday
10965,10966,117,21.0,3.0,2024-07-10,Wednesday
10966,10967,240,23.0,3.0,2024-07-25,Thursday
10967,10968,111,19.0,10.0,2024-07-03,Wednesday
10968,10969,257,23.0,7.0,2024-07-28,Sunday
10969,10970,220,10.0,9.0,2024-07-02,Tuesday
10970,10971,239,22.0,3.0,2024-07-17,Wednesday
10971,10972,204,22.0,10.0,2024-07-19,Friday
10972,10973,15,8.0,9.0,2024-07-04,Thursday
10973,10974,132,21.0,5.0,2024-07-02,Tuesday
10974,10975,293,19.0,6.0,2024-07-05,Friday
10975,10976,24,7.0,4.0,2024-07-03,Wednesday
10976,10977,22,14.0,9.0,2024-07-02,Tuesday
10977,10978,198,7.0,10.0,2024-07-08,Monday
10978,10979,157,19.0,3.0,2024-07-03,Wednesday
10979,10980,26,7.0,5.0,2024-07-19,Friday
10980,10981,284,22.0,3.0,2024-07-12,Friday
10981,10982,174,1.0,10.0,2024-07-14,Sunday
10982,10983,185,12.0,7.0,2024-07-07,Sunday
10983,10984,180,9.0,6.0,2024-07-16,Tuesday
10984,10985,246,12.0,7.0,2024-07-16,Tuesday
10985,10986,299,20.0,10.0,2024-07-28,Sunday
10986,10987,217,4.0,2.0,2024-07-15,Monday
10987,10988,110,16.0,10.0,2024-07-18,Thursday
10988,10989,237,5.0,5.0,2024-07-15,Monday
10989,10990,226,18.0,3.0,2024-07-04,Thursday
10990,10991,58,22.0,7.0,2024-07-24,Wednesday
10991,10992,116,15.0,6.0,2024-07-26,Friday
10992,10993,157,5.0,6.0,2024-07-03,Wednesday
10993,10994,280,16.0,9.0,2024-07-13,Saturday
10994,10995,134,22.0,8.0,2024-07-27,Saturday
10995,10996,76,22.0,8.0,2024-07-24,Wednesday
10996,10997,190,12.0,2.0,2024-07-08,Monday
10997,10998,77,14.0,3.0,2024-07-26,Friday
10998,10999,208,18.0,1.0,2024-07-10,Wednesday
10999,11000,188,11.0,5.0,2024-07-04,Thursday
11000,11001,176,11.0,10.0,2024-07-19,Friday
11001,11002,48,12.0,8.0,2024-07-21,Sunday
11002,11003,71,23.0,10.0,2024-07-06,Saturday
11003,11004,168,11.0,5.0,2024-07-24,Wednesday
11004,11005,144,19.0,4.0,2024-07-26,Friday
11005,11006,286,17.0,8.0,2024-07-23,Tuesday
11006,11007,105,17.0,5.0,2024-07-19,Friday
11007,11008,225,23.0,7.0,2024-07-18,Thursday
11008,11009,16,13.0,4.0,2024-07-22,Monday
11009,11010,269,14.0,3.0,2024-07-15,Monday
11010,11011,282,2.0,10.0,2024-07-28,Sunday
11011,11012,214,4.0,8.0,2024-07-21,Sunday
11012,11013,117,23.0,2.0,2024-07-06,Saturday
11013,11014,47,25.0,5.0,2024-07-25,Thursday
11014,11015,153,10.0,1.0,2024-07-02,Tuesday
11015,11016,67,10.0,8.0,2024-07-10,Wednesday
11016,11017,214,22.0,1.0,2024-07-18,Thursday
11017,11018,30,1.0,7.0,2024-07-22,Monday
11018,11019,297,11.0,6.0,2024-07-06,Saturday
11019,11020,273,4.0,8.0,2024-07-15,Monday
11020,11021,48,19.0,1.0,2024-07-09,Tuesday
11021,11022,154,19.0,1.0,2024-07-17,Wednesday
11022,11023,260,5.0,6.0,2024-07-03,Wednesday
11023,11024,30,25.0,3.0,2024-07-26,Friday
11024,11025,38,9.0,2.0,2024-07-02,Tuesday
11025,11026,227,7.0,2.0,2024-07-03,Wednesday
11026,11027,239,9.0,3.0,2024-07-15,Monday
11027,11028,23,6.0,4.0,2024-07-23,Tuesday
11028,11029,229,17.0,1.0,2024-07-27,Saturday
11029,11030,299,10.0,8.0,2024-07-05,Friday
11030,11031,238,12.0,1.0,2024-07-20,Saturday
11031,11032,204,19.0,9.0,2024-07-04,Thursday
11032,11033,24,20.0,9.0,2024-07-26,Friday
11033,11034,129,8.0,7.0,2024-07-11,Thursday
11034,11035,54,17.0,6.0,2024-07-05,Friday
11035,11036,202,9.0,3.0,2024-07-27,Saturday
11036,11037,204,22.0,2.0,2024-07-18,Thursday
11037,11038,290,17.0,7.0,2024-07-14,Sunday
11038,11039,44,6.0,5.0,2024-07-25,Thursday
11039,11040,79,13.0,9.0,2024-07-22,Monday
11040,11041,122,16.0,6.0,2024-07-23,Tuesday
11041,11042,147,2.0,4.0,2024-07-19,Friday
11042,11043,20,1.0,10.0,2024-07-12,Friday
11043,11044,154,18.0,4.0,2024-07-10,Wednesday
11044,11045,159,11.0,4.0,2024-07-28,Sunday
11045,11046,168,14.0,10.0,2024-07-01,Monday
11046,11047,174,20.0,9.0,2024-07-26,Friday
11047,11048,147,17.0,1.0,2024-07-12,Friday
11048,11049,79,18.0,3.0,2024-07-21,Sunday
11049,11050,115,14.0,3.0,2024-07-21,Sunday
11050,11051,170,21.0,6.0,2024-07-09,Tuesday
11051,11052,193,17.0,5.0,2024-07-25,Thursday
11052,11053,146,15.0,2.0,2024-07-05,Friday
11053,11054,56,3.0,2.0,2024-07-24,Wednesday
11054,11055,96,23.0,1.0,2024-07-13,Saturday
11055,11056,299,21.0,1.0,2024-07-19,Friday
11056,11057,234,1.0,10.0,2024-07-25,Thursday
11057,11058,154,20.0,3.0,2024-07-28,Sunday
11058,11059,35,22.0,3.0,2024-07-19,Friday
11059,11060,86,12.0,5.0,2024-07-18,Thursday
11060,11061,149,9.0,8.0,2024-07-05,Friday
11061,11062,68,1.0,9.0,2024-07-12,Friday
11062,11063,299,19.0,1.0,2024-07-10,Wednesday
11063,11064,278,10.0,8.0,2024-07-09,Tuesday
11064,11065,118,13.0,2.0,2024-07-10,Wednesday
11065,11066,14,4.0,3.0,2024-07-06,Saturday
11066,11067,53,16.0,7.0,2024-07-22,Monday
11067,11068,207,8.0,6.0,2024-07-18,Thursday
11068,11069,192,11.0,3.0,2024-07-02,Tuesday
11069,11070,35,14.0,10.0,2024-07-02,Tuesday
11070,11071,118,18.0,8.0,2024-07-12,Friday
11071,11072,99,22.0,5.0,2024-07-03,Wednesday
11072,11073,230,13.0,5.0,2024-07-21,Sunday
11073,11074,193,1.0,4.0,2024-07-06,Saturday
11074,11075,231,10.0,10.0,2024-07-17,Wednesday
11075,11076,260,6.0,8.0,2024-07-09,Tuesday
11076,11077,145,14.0,3.0,2024-07-19,Friday
11077,11078,219,17.0,7.0,2024-07-27,Saturday
11078,11079,248,5.0,9.0,2024-07-17,Wednesday
11079,11080,88,7.0,4.0,2024-07-20,Saturday
11080,11081,215,5.0,8.0,2024-07-01,Monday
11081,11082,281,25.0,10.0,2024-07-23,Tuesday
11082,11083,98,3.0,10.0,2024-07-20,Saturday
11083,11084,124,2.0,7.0,2024-07-28,Sunday
11084,11085,230,10.0,10.0,2024-07-13,Saturday
11085,11086,252,4.0,10.0,2024-07-10,Wednesday
11086,11087,191,3.0,7.0,2024-07-06,Saturday
11087,11088,126,19.0,5.0,2024-07-07,Sunday
11088,11089,104,13.0,2.0,2024-07-21,Sunday
11089,11090,273,24.0,7.0,2024-07-03,Wednesday
11090,11091,246,8.0,1.0,2024-07-03,Wednesday
11091,11092,198,6.0,10.0,2024-07-20,Saturday
11092,11093,143,5.0,8.0,2024-07-24,Wednesday
11093,11094,188,9.0,1.0,2024-07-26,Friday
11094,11095,128,14.0,4.0,2024-07-08,Monday
11095,11096,140,23.0,6.0,2024-07-14,Sunday
11096,11097,41,10.0,10.0,2024-07-09,Tuesday
11097,11098,55,16.0,2.0,2024-07-04,Thursday
11098,11099,252,4.0,2.0,2024-07-24,Wednesday
11099,11100,289,2.0,7.0,2024-07-14,Sunday
11100,11101,93,4.0,3.0,2024-07-17,Wednesday
11101,11102,195,17.0,4.0,2024-07-03,Wednesday
11102,11103,98,10.0,7.0,2024-07-05,Friday
11103,11104,99,2.0,10.0,2024-07-21,Sunday
11104,11105,73,5.0,9.0,2024-07-01,Monday
11105,11106,114,10.0,9.0,2024-07-19,Friday
11106,11107,217,3.0,7.0,2024-07-22,Monday
11107,11108,292,2.0,9.0,2024-07-25,Thursday
11108,11109,14,7.0,1.0,2024-07-15,Monday
11109,11110,103,21.0,7.0,2024-07-12,Friday
11110,11111,132,6.0,1.0,2024-07-18,Thursday
11112,11113,196,15.0,1.0,2024-07-05,Friday
11113,11114,283,17.0,6.0,2024-07-22,Monday
11114,11115,184,17.0,5.0,2024-07-10,Wednesday
11115,11116,195,1.0,6.0,2024-07-08,Monday
11116,11117,290,24.0,9.0,2024-07-07,Sunday
11117,11118,106,17.0,10.0,2024-07-23,Tuesday
11118,11119,31,1.0,10.0,2024-07-28,Sunday
11119,11120,42,18.0,5.0,2024-07-06,Saturday
11120,11121,3,16.0,5.0,2024-07-10,Wednesday
11121,11122,97,9.0,1.0,2024-07-15,Monday
11122,11123,25,5.0,6.0,2024-07-22,Monday
11123,11124,84,18.0,1.0,2024-07-15,Monday
11124,11125,128,5.0,6.0,2024-07-19,Friday
11125,11126,132,6.0,8.0,2024-07-03,Wednesday
11126,11127,81,8.0,10.0,2024-07-27,Saturday
11127,11128,289,17.0,1.0,2024-07-12,Friday
11128,11129,288,12.0,4.0,2024-07-18,Thursday
11129,11130,231,7.0,1.0,2024-07-22,Monday
11130,11131,190,7.0,7.0,2024-07-16,Tuesday
11131,11132,94,14.0,9.0,2024-07-03,Wednesday
11132,11133,264,25.0,9.0,2024-07-05,Friday
11133,11134,216,1.0,3.0,2024-07-20,Saturday
11134,11135,285,17.0,8.0,2024-07-27,Saturday
11135,11136,102,12.0,10.0,2024-07-10,Wednesday
11136,11137,139,6.0,9.0,2024-07-12,Friday
11137,11138,219,5.0,1.0,2024-07-11,Thursday
11138,11139,195,11.0,6.0,2024-07-02,Tuesday
11139,11140,256,23.0,7.0,2024-07-13,Saturday
11140,11141,64,11.0,7.0,2024-07-01,Monday
11141,11142,187,19.0,3.0,2024-07-20,Saturday
11142,11143,197,13.0,9.0,2024-07-26,Friday
11143,11144,10,6.0,8.0,2024-07-04,Thursday
11144,11145,215,25.0,6.0,2024-07-11,Thursday
11145,11146,297,5.0,6.0,2024-07-21,Sunday
11146,11147,44,4.0,10.0,2024-07-13,Saturday
11147,11148,219,20.0,8.0,2024-07-09,Tuesday
11148,11149,239,10.0,10.0,2024-07-27,Saturday
11149,11150,20,7.0,2.0,2024-07-28,Sunday
11150,11151,90,4.0,10.0,2024-07-24,Wednesday
11151,11152,238,3.0,1.0,2024-07-19,Friday
11152,11153,127,18.0,1.0,2024-07-05,Friday
11153,11154,279,4.0,8.0,2024-07-22,Monday
11154,11155,222,19.0,1.0,2024-07-01,Monday
11155,11156,227,20.0,10.0,2024-07-14,Sunday
11156,11157,199,3.0,4.0,2024-07-04,Thursday
11157,11158,63,4.0,1.0,2024-07-12,Friday
11158,11159,253,17.0,5.0,2024-07-15,Monday
11159,11160,190,22.0,4.0,2024-07-07,Sunday
11160,11161,279,15.0,8.0,2024-07-24,Wednesday
11161,11162,199,16.0,10.0,2024-07-17,Wednesday
11162,11163,223,18.0,5.0,2024-07-23,Tuesday
11163,11164,231,6.0,4.0,2024-07-28,Sunday
11164,11165,262,19.0,2.0,2024-07-02,Tuesday
11165,11166,31,7.0,8.0,2024-07-04,Thursday
11166,11167,232,9.0,8.0,2024-07-07,Sunday
11167,11168,129,18.0,8.0,2024-07-08,Monday
11168,11169,280,15.0,2.0,2024-07-25,Thursday
11169,11170,115,3.0,3.0,2024-07-07,Sunday
11170,11171,66,18.0,2.0,2024-07-09,Tuesday
11171,11172,49,24.0,3.0,2024-07-23,Tuesday
11172,11173,199,7.0,10.0,2024-07-11,Thursday
11173,11174,280,11.0,9.0,2024-07-25,Thursday
11174,11175,265,3.0,8.0,2024-07-04,Thursday
11175,11176,168,20.0,9.0,2024-07-17,Wednesday
11176,11177,28,23.0,7.0,2024-07-13,Saturday
11177,11178,121,19.0,9.0,2024-07-07,Sunday
11178,11179,256,20.0,7.0,2024-07-20,Saturday
11179,11180,141,7.0,8.0,2024-07-23,Tuesday
11180,11181,239,11.0,3.0,2024-07-26,Friday
11181,11182,240,4.0,1.0,2024-07-17,Wednesday
11182,11183,227,7.0,4.0,2024-07-03,Wednesday
11183,11184,5,18.0,6.0,2024-07-19,Friday
11184,11185,108,2.0,8.0,2024-07-28,Sunday
11185,11186,194,22.0,4.0,2024-07-27,Saturday
11186,11187,263,9.0,9.0,2024-07-23,Tuesday
11187,11188,111,12.0,4.0,2024-07-07,Sunday
11188,11189,86,24.0,10.0,2024-07-08,Monday
11189,11190,37,5.0,5.0,2024-07-02,Tuesday
11190,11191,25,8.0,9.0,2024-07-08,Monday
11191,11192,230,20.0,8.0,2024-07-11,Thursday
11192,11193,220,22.0,10.0,2024-07-06,Saturday
11193,11194,261,6.0,4.0,2024-07-15,Monday
11194,11195,46,8.0,1.0,2024-07-16,Tuesday
11195,11196,250,18.0,7.0,2024-07-27,Saturday
11196,11197,220,24.0,5.0,2024-07-10,Wednesday
11197,11198,228,8.0,10.0,2024-07-22,Monday
11198,11199,49,9.0,10.0,2024-07-23,Tuesday
11199,11200,84,24.0,10.0,2024-07-05,Friday
11200,11201,179,20.0,1.0,2024-07-04,Thursday
11201,11202,177,13.0,4.0,2024-07-23,Tuesday
11202,11203,261,23.0,9.0,2024-07-17,Wednesday
11203,11204,73,22.0,5.0,2024-07-17,Wednesday
11204,11205,129,20.0,1.0,2024-07-03,Wednesday
11205,11206,79,22.0,6.0,2024-07-23,Tuesday
11206,11207,124,21.0,5.0,2024-07-11,Thursday
11207,11208,179,16.0,1.0,2024-07-22,Monday
11208,11209,181,7.0,10.0,2024-07-23,Tuesday
11209,11210,173,23.0,8.0,2024-07-09,Tuesday
11210,11211,274,13.0,5.0,2024-07-25,Thursday
11211,11212,85,19.0,1.0,2024-07-22,Monday
11212,11213,228,19.0,7.0,2024-07-13,Saturday
11213,11214,69,1.0,6.0,2024-07-20,Saturday
11214,11215,271,6.0,2.0,2024-07-18,Thursday
11215,11216,14,25.0,3.0,2024-07-03,Wednesday
11216,11217,69,18.0,4.0,2024-07-18,Thursday
11217,11218,249,18.0,7.0,2024-07-07,Sunday
11218,11219,118,12.0,10.0,2024-07-13,Saturday
11219,11220,29,1.0,1.0,2024-07-17,Wednesday
11220,11221,156,4.0,6.0,2024-07-06,Saturday
11221,11222,109,24.0,4.0,2024-07-04,Thursday
11222,11223,25,19.0,3.0,2024-07-02,Tuesday
11223,11224,51,12.0,3.0,2024-07-04,Thursday
11224,11225,142,1.0,2.0,2024-07-25,Thursday
11225,11226,214,9.0,3.0,2024-07-11,Thursday
11226,11227,253,3.0,10.0,2024-07-27,Saturday
11227,11228,78,6.0,2.0,2024-07-05,Friday
11228,11229,13,16.0,7.0,2024-07-24,Wednesday
11229,11230,220,22.0,6.0,2024-07-21,Sunday
11230,11231,76,25.0,2.0,2024-07-27,Saturday
11231,11232,79,17.0,2.0,2024-07-02,Tuesday
11232,11233,263,7.0,6.0,2024-07-15,Monday
11233,11234,66,10.0,1.0,2024-07-06,Saturday
11234,11235,264,8.0,4.0,2024-07-22,Monday
11236,11237,186,6.0,9.0,2024-07-08,Monday
11237,11238,118,23.0,4.0,2024-07-20,Saturday
11238,11239,35,3.0,8.0,2024-07-08,Monday
11239,11240,44,23.0,10.0,2024-07-22,Monday
11240,11241,22,15.0,7.0,2024-07-17,Wednesday
11241,11242,57,6.0,4.0,2024-07-03,Wednesday
11242,11243,116,2.0,3.0,2024-07-01,Monday
11243,11244,88,24.0,7.0,2024-07-12,Friday
11244,11245,148,17.0,4.0,2024-07-13,Saturday
11245,11246,139,4.0,3.0,2024-07-11,Thursday
11246,11247,113,25.0,3.0,2024-07-03,Wednesday
11247,11248,119,14.0,5.0,2024-07-28,Sunday
11248,11249,134,13.0,9.0,2024-07-11,Thursday
11249,11250,244,20.0,6.0,2024-07-02,Tuesday
11250,11251,194,13.0,1.0,2024-07-18,Thursday
11251,11252,14,16.0,6.0,2024-07-07,Sunday
11252,11253,116,7.0,9.0,2024-07-28,Sunday
11253,11254,37,15.0,10.0,2024-07-01,Monday
11254,11255,190,14.0,7.0,2024-07-23,Tuesday
11255,11256,282,1.0,3.0,2024-07-16,Tuesday
11256,11257,147,13.0,4.0,2024-07-04,Thursday
11257,11258,234,10.0,8.0,2024-07-07,Sunday
11258,11259,206,22.0,2.0,2024-07-09,Tuesday
11259,11260,208,5.0,5.0,2024-07-28,Sunday
11260,11261,296,15.0,5.0,2024-07-12,Friday
11261,11262,290,13.0,1.0,2024-07-07,Sunday
11262,11263,58,17.0,3.0,2024-07-27,Saturday
11263,11264,153,17.0,6.0,2024-07-28,Sunday
11264,11265,219,8.0,5.0,2024-07-09,Tuesday
11265,11266,20,24.0,9.0,2024-07-22,Monday
11266,11267,73,6.0,10.0,2024-07-07,Sunday
11267,11268,297,20.0,2.0,2024-07-22,Monday
11268,11269,104,24.0,10.0,2024-07-26,Friday
11269,11270,263,12.0,6.0,2024-07-16,Tuesday
11270,11271,183,12.0,1.0,2024-07-15,Monday
11271,11272,196,5.0,5.0,2024-07-14,Sunday
11272,11273,4,11.0,4.0,2024-07-16,Tuesday
11273,11274,149,11.0,2.0,2024-07-12,Friday
11274,11275,185,12.0,5.0,2024-07-05,Friday
11275,11276,234,19.0,2.0,2024-07-01,Monday
11276,11277,198,9.0,4.0,2024-07-03,Wednesday
11277,11278,75,20.0,8.0,2024-07-05,Friday
11278,11279,69,19.0,5.0,2024-07-10,Wednesday
11279,11280,89,14.0,2.0,2024-07-17,Wednesday
11280,11281,52,24.0,8.0,2024-07-07,Sunday
11281,11282,35,22.0,3.0,2024-07-19,Friday
11282,11283,179,25.0,6.0,2024-07-16,Tuesday
11283,11284,120,17.0,3.0,2024-07-11,Thursday
11284,11285,222,13.0,4.0,2024-07-17,Wednesday
11285,11286,141,21.0,3.0,2024-07-20,Saturday
11286,11287,126,24.0,6.0,2024-07-28,Sunday
11287,11288,260,1.0,9.0,2024-07-22,Monday
11288,11289,141,16.0,7.0,2024-07-16,Tuesday
11289,11290,135,18.0,9.0,2024-07-28,Sunday
11290,11291,210,19.0,4.0,2024-07-21,Sunday
11291,11292,43,9.0,4.0,2024-07-20,Saturday
11292,11293,241,14.0,9.0,2024-07-05,Friday
11293,11294,46,20.0,5.0,2024-07-06,Saturday
11294,11295,147,15.0,1.0,2024-07-27,Saturday
11295,11296,45,19.0,3.0,2024-07-27,Saturday
11296,11297,284,25.0,10.0,2024-07-06,Saturday
11297,11298,147,20.0,5.0,2024-07-27,Saturday
11298,11299,294,5.0,2.0,2024-07-13,Saturday
11299,11300,16,2.0,2.0,2024-07-15,Monday
11300,11301,8,19.0,5.0,2024-07-12,Friday
11301,11302,250,12.0,1.0,2024-07-09,Tuesday
11302,11303,69,22.0,3.0,2024-07-03,Wednesday
11303,11304,219,23.0,5.0,2024-07-27,Saturday
11304,11305,208,25.0,2.0,2024-07-15,Monday
11305,11306,194,19.0,4.0,2024-07-20,Saturday
11306,11307,279,7.0,10.0,2024-07-07,Sunday
11307,11308,112,24.0,7.0,2024-07-02,Tuesday
11308,11309,1,9.0,8.0,2024-07-27,Saturday
11309,11310,269,8.0,8.0,2024-07-01,Monday
11310,11311,251,4.0,4.0,2024-07-26,Friday
11311,11312,29,14.0,2.0,2024-07-12,Friday
11312,11313,297,23.0,5.0,2024-07-01,Monday
11313,11314,81,8.0,6.0,2024-07-02,Tuesday
11315,11316,75,4.0,5.0,2024-07-17,Wednesday
11316,11317,96,23.0,5.0,2024-07-04,Thursday
11317,11318,263,10.0,7.0,2024-07-19,Friday
11318,11319,161,19.0,10.0,2024-07-25,Thursday
11319,11320,262,18.0,9.0,2024-07-21,Sunday
11320,11321,61,17.0,9.0,2024-07-26,Friday
11321,11322,265,11.0,1.0,2024-07-23,Tuesday
11322,11323,178,25.0,9.0,2024-07-12,Friday
11323,11324,223,7.0,4.0,2024-07-21,Sunday
11324,11325,269,3.0,2.0,2024-07-23,Tuesday
11325,11326,49,3.0,9.0,2024-07-07,Sunday
11326,11327,172,2.0,4.0,2024-07-25,Thursday
11327,11328,173,21.0,6.0,2024-07-18,Thursday
11328,11329,68,7.0,9.0,2024-07-10,Wednesday
11329,11330,208,14.0,4.0,2024-07-05,Friday
11330,11331,224,1.0,3.0,2024-07-16,Tuesday
11331,11332,298,9.0,6.0,2024-07-26,Friday
11332,11333,181,6.0,3.0,2024-07-24,Wednesday
11333,11334,199,15.0,10.0,2024-07-01,Monday
11334,11335,290,6.0,8.0,2024-07-25,Thursday
11335,11336,124,22.0,8.0,2024-07-27,Saturday
11336,11337,86,19.0,2.0,2024-07-25,Thursday
11337,11338,260,2.0,9.0,2024-07-24,Wednesday
11338,11339,165,11.0,1.0,2024-07-14,Sunday
11339,11340,163,10.0,1.0,2024-07-04,Thursday
11340,11341,237,1.0,6.0,2024-07-25,Thursday
11341,11342,85,15.0,3.0,2024-07-14,Sunday
11342,11343,167,15.0,9.0,2024-07-25,Thursday
11343,11344,147,10.0,6.0,2024-07-11,Thursday
11345,11346,55,23.0,10.0,2024-07-24,Wednesday
11346,11347,252,4.0,3.0,2024-07-16,Tuesday
11347,11348,30,4.0,7.0,2024-07-17,Wednesday
11348,11349,276,5.0,2.0,2024-07-15,Monday
11349,11350,236,11.0,6.0,2024-07-24,Wednesday
11350,11351,253,8.0,4.0,2024-07-06,Saturday
11351,11352,283,10.0,9.0,2024-07-22,Monday
11352,11353,15,17.0,9.0,2024-07-25,Thursday
11353,11354,142,25.0,3.0,2024-07-15,Monday
11354,11355,114,6.0,6.0,2024-07-26,Friday
11355,11356,53,16.0,3.0,2024-07-26,Friday
11356,11357,171,14.0,8.0,2024-07-05,Friday
11357,11358,134,17.0,5.0,2024-07-03,Wednesday
11358,11359,155,25.0,4.0,2024-07-18,Thursday
11359,11360,280,7.0,2.0,2024-07-19,Friday
11360,11361,101,22.0,8.0,2024-07-20,Saturday
11361,11362,296,22.0,2.0,2024-07-01,Monday
11362,11363,252,9.0,9.0,2024-07-17,Wednesday
11363,11364,204,21.0,5.0,2024-07-07,Sunday
11364,11365,3,20.0,2.0,2024-07-01,Monday
11365,11366,23,20.0,2.0,2024-07-16,Tuesday
11366,11367,24,11.0,7.0,2024-07-23,Tuesday
11367,11368,17,14.0,7.0,2024-07-24,Wednesday
11368,11369,191,7.0,5.0,2024-07-13,Saturday
11369,11370,218,16.0,2.0,2024-07-24,Wednesday
11370,11371,139,1.0,5.0,2024-07-06,Saturday
11371,11372,263,7.0,8.0,2024-07-19,Friday
11372,11373,287,2.0,5.0,2024-07-17,Wednesday
11373,11374,103,18.0,6.0,2024-07-10,Wednesday
11374,11375,281,2.0,1.0,2024-07-11,Thursday
11375,11376,18,11.0,4.0,2024-07-04,Thursday
11376,11377,197,7.0,7.0,2024-07-23,Tuesday
11377,11378,179,23.0,2.0,2024-07-03,Wednesday
11378,11379,141,11.0,3.0,2024-07-03,Wednesday
11379,11380,258,20.0,7.0,2024-07-02,Tuesday
11380,11381,96,15.0,6.0,2024-07-23,Tuesday
11381,11382,248,12.0,7.0,2024-07-28,Sunday
11382,11383,112,13.0,4.0,2024-07-26,Friday
11383,11384,74,23.0,5.0,2024-07-17,Wednesday
11384,11385,116,23.0,3.0,2024-07-16,Tuesday
11385,11386,41,17.0,8.0,2024-07-28,Sunday
11386,11387,239,17.0,5.0,2024-07-15,Monday
11387,11388,159,8.0,7.0,2024-07-16,Tuesday
11388,11389,58,3.0,5.0,2024-07-25,Thursday
11389,11390,231,5.0,7.0,2024-07-08,Monday
11391,11392,218,8.0,7.0,2024-07-04,Thursday
11392,11393,19,1.0,2.0,2024-07-11,Thursday
11393,11394,125,5.0,3.0,2024-07-28,Sunday
11394,11395,75,8.0,2.0,2024-07-01,Monday
11395,11396,294,2.0,2.0,2024-07-01,Monday
11396,11397,26,12.0,1.0,2024-07-08,Monday
11397,11398,5,10.0,5.0,2024-07-26,Friday
11398,11399,169,20.0,4.0,2024-07-13,Saturday
11399,11400,166,25.0,3.0,2024-07-22,Monday
11400,11401,161,19.0,6.0,2024-07-14,Sunday
11401,11402,33,17.0,4.0,2024-07-26,Friday
11402,11403,14,18.0,2.0,2024-07-20,Saturday
11403,11404,167,6.0,8.0,2024-07-23,Tuesday
11404,11405,275,1.0,3.0,2024-07-16,Tuesday
11405,11406,270,9.0,3.0,2024-07-11,Thursday
11406,11407,263,4.0,5.0,2024-07-22,Monday
11407,11408,43,18.0,6.0,2024-07-20,Saturday
11408,11409,115,16.0,3.0,2024-07-15,Monday
11409,11410,283,12.0,6.0,2024-07-22,Monday
11410,11411,30,13.0,4.0,2024-07-11,Thursday
11411,11412,241,15.0,3.0,2024-07-25,Thursday
11412,11413,291,16.0,9.0,2024-07-20,Saturday
11413,11414,154,11.0,6.0,2024-07-25,Thursday
11414,11415,79,2.0,1.0,2024-07-23,Tuesday
11416,11417,36,17.0,9.0,2024-07-18,Thursday
11417,11418,76,15.0,10.0,2024-07-05,Friday
11418,11419,48,14.0,6.0,2024-07-20,Saturday
11419,11420,30,20.0,8.0,2024-07-21,Sunday
11420,11421,78,17.0,2.0,2024-07-26,Friday
11421,11422,45,8.0,9.0,2024-07-21,Sunday
11422,11423,175,16.0,3.0,2024-07-10,Wednesday
11423,11424,275,19.0,1.0,2024-07-27,Saturday
11424,11425,235,10.0,5.0,2024-07-24,Wednesday
11425,11426,133,8.0,10.0,2024-07-06,Saturday
11426,11427,229,11.0,2.0,2024-07-23,Tuesday
11428,11429,102,17.0,10.0,2024-07-05,Friday
11429,11430,193,4.0,10.0,2024-07-19,Friday
11430,11431,38,24.0,7.0,2024-07-16,Tuesday
11431,11432,61,3.0,9.0,2024-07-13,Saturday
11432,11433,133,19.0,5.0,2024-07-03,Wednesday
11433,11434,41,25.0,1.0,2024-07-14,Sunday
11434,11435,126,25.0,1.0,2024-07-25,Thursday
11435,11436,184,16.0,4.0,2024-07-05,Friday
11436,11437,52,7.0,5.0,2024-07-11,Thursday
11437,11438,149,14.0,8.0,2024-07-26,Friday
11438,11439,274,13.0,7.0,2024-07-27,Saturday
11439,11440,101,4.0,9.0,2024-07-24,Wednesday
11440,11441,82,22.0,1.0,2024-07-21,Sunday
11441,11442,157,7.0,7.0,2024-07-11,Thursday
11442,11443,66,10.0,1.0,2024-07-18,Thursday
11443,11444,267,24.0,2.0,2024-07-25,Thursday
11444,11445,206,6.0,5.0,2024-07-06,Saturday
11445,11446,230,2.0,3.0,2024-07-18,Thursday
11446,11447,219,24.0,10.0,2024-07-04,Thursday
11448,11449,83,21.0,6.0,2024-07-20,Saturday
11449,11450,293,6.0,6.0,2024-07-01,Monday
11450,11451,51,4.0,10.0,2024-07-14,Sunday
11451,11452,225,11.0,4.0,2024-07-27,Saturday
11452,11453,183,8.0,7.0,2024-07-14,Sunday
11453,11454,102,7.0,2.0,2024-07-26,Friday
11454,11455,296,23.0,3.0,2024-07-21,Sunday
11455,11456,271,7.0,10.0,2024-07-01,Monday
11456,11457,193,1.0,10.0,2024-07-03,Wednesday
11457,11458,187,23.0,5.0,2024-07-24,Wednesday
11458,11459,217,11.0,6.0,2024-07-05,Friday
11459,11460,140,2.0,8.0,2024-07-23,Tuesday
11460,11461,293,1.0,8.0,2024-07-10,Wednesday
11461,11462,64,13.0,1.0,2024-07-07,Sunday
11462,11463,186,18.0,4.0,2024-07-23,Tuesday
11463,11464,77,22.0,5.0,2024-07-07,Sunday
11464,11465,147,24.0,7.0,2024-07-16,Tuesday
11465,11466,185,8.0,9.0,2024-07-19,Friday
11466,11467,231,21.0,7.0,2024-07-03,Wednesday
11467,11468,251,22.0,6.0,2024-07-01,Monday
11468,11469,241,13.0,3.0,2024-07-21,Sunday
11469,11470,54,24.0,1.0,2024-07-01,Monday
11470,11471,165,7.0,8.0,2024-07-21,Sunday
11471,11472,94,25.0,1.0,2024-07-22,Monday
11472,11473,281,5.0,8.0,2024-07-20,Saturday
11473,11474,241,3.0,5.0,2024-07-13,Saturday
11474,11475,243,17.0,9.0,2024-07-25,Thursday
11475,11476,34,5.0,10.0,2024-07-16,Tuesday
11476,11477,18,21.0,3.0,2024-07-05,Friday
11477,11478,12,6.0,6.0,2024-07-18,Thursday
11478,11479,5,3.0,8.0,2024-07-19,Friday
11479,11480,113,1.0,3.0,2024-07-17,Wednesday
11480,11481,83,21.0,1.0,2024-07-21,Sunday
11481,11482,45,10.0,7.0,2024-07-21,Sunday
11482,11483,48,5.0,9.0,2024-07-03,Wednesday
11483,11484,63,9.0,8.0,2024-07-12,Friday
11484,11485,116,23.0,9.0,2024-07-06,Saturday
11485,11486,86,3.0,8.0,2024-07-02,Tuesday
11486,11487,284,1.0,5.0,2024-07-19,Friday
11487,11488,194,9.0,3.0,2024-07-19,Friday
11488,11489,121,5.0,7.0,2024-07-13,Saturday
11489,11490,57,14.0,9.0,2024-07-04,Thursday
11490,11491,240,13.0,3.0,2024-07-25,Thursday
11491,11492,41,4.0,10.0,2024-07-13,Saturday
11492,11493,201,15.0,8.0,2024-07-24,Wednesday
11493,11494,244,24.0,6.0,2024-07-22,Monday
11494,11495,133,6.0,8.0,2024-07-04,Thursday
11495,11496,172,21.0,6.0,2024-07-15,Monday
11496,11497,33,18.0,5.0,2024-07-10,Wednesday
11497,11498,19,8.0,6.0,2024-07-04,Thursday
11498,11499,29,11.0,9.0,2024-07-06,Saturday
11499,11500,97,18.0,7.0,2024-07-22,Monday
11500,11501,127,4.0,5.0,2024-07-27,Saturday
11501,11502,89,2.0,7.0,2024-07-14,Sunday
11502,11503,266,20.0,8.0,2024-07-25,Thursday
11503,11504,251,23.0,3.0,2024-07-23,Tuesday
11504,11505,153,8.0,3.0,2024-07-02,Tuesday
11505,11506,45,4.0,4.0,2024-07-18,Thursday
11506,11507,41,8.0,8.0,2024-07-22,Monday
11507,11508,144,21.0,2.0,2024-07-05,Friday
11508,11509,163,9.0,9.0,2024-07-02,Tuesday
11509,11510,33,25.0,2.0,2024-07-09,Tuesday
11510,11511,33,9.0,3.0,2024-07-13,Saturday
11511,11512,161,19.0,4.0,2024-07-16,Tuesday
11512,11513,167,22.0,6.0,2024-07-18,Thursday
11513,11514,298,19.0,7.0,2024-07-17,Wednesday
11514,11515,154,6.0,10.0,2024-07-09,Tuesday
11515,11516,144,10.0,2.0,2024-07-12,Friday
11516,11517,218,16.0,8.0,2024-07-05,Friday
11517,11518,73,16.0,4.0,2024-07-03,Wednesday
11518,11519,31,5.0,5.0,2024-07-16,Tuesday
11519,11520,3,23.0,8.0,2024-07-06,Saturday
11520,11521,133,25.0,6.0,2024-07-03,Wednesday
11521,11522,72,7.0,5.0,2024-07-19,Friday
11522,11523,171,22.0,8.0,2024-07-15,Monday
11523,11524,285,7.0,7.0,2024-07-01,Monday
11524,11525,267,24.0,8.0,2024-07-26,Friday
11525,11526,124,23.0,1.0,2024-07-27,Saturday
11526,11527,19,1.0,6.0,2024-07-27,Saturday
11527,11528,4,9.0,1.0,2024-07-06,Saturday
11528,11529,224,14.0,7.0,2024-07-26,Friday
11529,11530,193,9.0,7.0,2024-07-28,Sunday
11531,11532,189,17.0,8.0,2024-07-13,Saturday
11532,11533,277,8.0,2.0,2024-07-03,Wednesday
11533,11534,186,11.0,3.0,2024-07-17,Wednesday
11534,11535,282,17.0,7.0,2024-07-04,Thursday
11535,11536,166,9.0,4.0,2024-07-22,Monday
11536,11537,95,11.0,6.0,2024-07-27,Saturday
11537,11538,254,23.0,9.0,2024-07-22,Monday
11538,11539,234,25.0,4.0,2024-07-25,Thursday
11539,11540,182,7.0,6.0,2024-07-20,Saturday
11540,11541,166,17.0,1.0,2024-07-28,Sunday
11541,11542,270,2.0,1.0,2024-07-13,Saturday
11542,11543,208,13.0,6.0,2024-07-07,Sunday
11543,11544,47,2.0,4.0,2024-07-04,Thursday
11544,11545,243,7.0,1.0,2024-07-10,Wednesday
11545,11546,286,20.0,3.0,2024-07-05,Friday
11546,11547,43,12.0,6.0,2024-07-11,Thursday
11547,11548,263,12.0,5.0,2024-07-12,Friday
11548,11549,48,3.0,10.0,2024-07-21,Sunday
11549,11550,16,5.0,2.0,2024-07-18,Thursday
11550,11551,53,24.0,9.0,2024-07-20,Saturday
11551,11552,252,22.0,2.0,2024-07-01,Monday
11552,11553,268,6.0,8.0,2024-07-17,Wednesday
11553,11554,153,8.0,4.0,2024-07-20,Saturday
11554,11555,205,6.0,10.0,2024-07-03,Wednesday
11555,11556,25,9.0,2.0,2024-07-28,Sunday
11556,11557,112,4.0,5.0,2024-07-07,Sunday
11557,11558,54,13.0,5.0,2024-07-20,Saturday
11558,11559,161,18.0,6.0,2024-07-20,Saturday
11559,11560,239,9.0,7.0,2024-07-24,Wednesday
11560,11561,80,21.0,4.0,2024-07-04,Thursday
11561,11562,210,3.0,7.0,2024-07-17,Wednesday
11562,11563,67,14.0,4.0,2024-07-14,Sunday
11563,11564,214,7.0,5.0,2024-07-27,Saturday
11564,11565,105,12.0,4.0,2024-07-27,Saturday
11565,11566,235,9.0,9.0,2024-07-13,Saturday
11566,11567,24,25.0,10.0,2024-07-10,Wednesday
11567,11568,294,6.0,6.0,2024-07-24,Wednesday
11568,11569,221,10.0,3.0,2024-07-08,Monday
11569,11570,132,18.0,9.0,2024-07-01,Monday
11570,11571,162,20.0,5.0,2024-07-16,Tuesday
11571,11572,20,18.0,8.0,2024-07-03,Wednesday
11572,11573,262,12.0,9.0,2024-07-26,Friday
11573,11574,82,2.0,7.0,2024-07-25,Thursday
11574,11575,266,22.0,4.0,2024-07-18,Thursday
11576,11577,273,18.0,2.0,2024-07-19,Friday
11577,11578,3,10.0,5.0,2024-07-23,Tuesday
11578,11579,255,6.0,1.0,2024-07-02,Tuesday
11579,11580,81,23.0,8.0,2024-07-02,Tuesday
11580,11581,274,24.0,9.0,2024-07-11,Thursday
11581,11582,229,23.0,7.0,2024-07-25,Thursday
11582,11583,19,23.0,6.0,2024-07-16,Tuesday
11583,11584,263,14.0,1.0,2024-07-10,Wednesday
11584,11585,263,14.0,9.0,2024-07-12,Friday
11585,11586,262,18.0,5.0,2024-07-27,Saturday
11586,11587,12,24.0,10.0,2024-07-18,Thursday
11587,11588,271,22.0,4.0,2024-07-25,Thursday
11588,11589,80,17.0,8.0,2024-07-11,Thursday
11589,11590,3,24.0,8.0,2024-07-18,Thursday
11590,11591,282,4.0,4.0,2024-07-09,Tuesday
11591,11592,51,14.0,10.0,2024-07-05,Friday
11592,11593,105,19.0,3.0,2024-07-13,Saturday
11593,11594,68,21.0,5.0,2024-07-06,Saturday
11594,11595,158,1.0,7.0,2024-07-18,Thursday
11595,11596,154,15.0,10.0,2024-07-25,Thursday
11596,11597,104,11.0,8.0,2024-07-06,Saturday
11597,11598,121,5.0,4.0,2024-07-04,Thursday
11598,11599,81,4.0,6.0,2024-07-21,Sunday
11599,11600,249,2.0,9.0,2024-07-13,Saturday
11600,11601,5,22.0,7.0,2024-07-11,Thursday
11601,11602,127,3.0,1.0,2024-07-21,Sunday
11602,11603,171,1.0,9.0,2024-07-10,Wednesday
11603,11604,215,21.0,2.0,2024-07-14,Sunday
11604,11605,177,16.0,9.0,2024-07-10,Wednesday
11605,11606,234,10.0,8.0,2024-07-15,Monday
11606,11607,256,13.0,8.0,2024-07-26,Friday
11607,11608,137,16.0,8.0,2024-07-07,Sunday
11608,11609,294,15.0,6.0,2024-07-12,Friday
11609,11610,151,11.0,4.0,2024-07-16,Tuesday
11610,11611,255,4.0,4.0,2024-07-28,Sunday
11611,11612,291,5.0,7.0,2024-07-17,Wednesday
11612,11613,239,21.0,10.0,2024-07-02,Tuesday
11613,11614,134,15.0,6.0,2024-07-19,Friday
11614,11615,63,9.0,2.0,2024-07-01,Monday
11615,11616,51,22.0,6.0,2024-07-28,Sunday
11616,11617,191,16.0,2.0,2024-07-27,Saturday
11617,11618,229,18.0,6.0,2024-07-10,Wednesday
11618,11619,237,25.0,7.0,2024-07-25,Thursday
11619,11620,291,23.0,8.0,2024-07-25,Thursday
11620,11621,159,6.0,1.0,2024-07-10,Wednesday
11621,11622,288,22.0,2.0,2024-07-23,Tuesday
11622,11623,171,4.0,10.0,2024-07-04,Thursday
11623,11624,117,1.0,9.0,2024-07-13,Saturday
11624,11625,93,9.0,2.0,2024-07-26,Friday
11625,11626,237,9.0,10.0,2024-07-07,Sunday
11626,11627,40,5.0,6.0,2024-07-25,Thursday
11627,11628,267,19.0,6.0,2024-07-22,Monday
11628,11629,246,23.0,8.0,2024-07-21,Sunday
11629,11630,53,15.0,10.0,2024-07-12,Friday
11630,11631,72,12.0,3.0,2024-07-22,Monday
11631,11632,144,25.0,7.0,2024-07-15,Monday
11632,11633,226,15.0,2.0,2024-07-18,Thursday
11634,11635,42,20.0,3.0,2024-07-17,Wednesday
11635,11636,192,11.0,4.0,2024-07-11,Thursday
11636,11637,268,16.0,1.0,2024-07-03,Wednesday
11637,11638,136,9.0,7.0,2024-07-10,Wednesday
11638,11639,57,22.0,7.0,2024-07-09,Tuesday
11639,11640,107,25.0,1.0,2024-07-19,Friday
11640,11641,152,22.0,6.0,2024-07-05,Friday
11641,11642,136,7.0,5.0,2024-07-19,Friday
11642,11643,226,4.0,4.0,2024-07-18,Thursday
11643,11644,66,3.0,7.0,2024-07-26,Friday
11644,11645,143,3.0,7.0,2024-07-07,Sunday
11645,11646,220,18.0,1.0,2024-07-13,Saturday
11646,11647,169,14.0,3.0,2024-07-07,Sunday
11647,11648,127,3.0,3.0,2024-07-16,Tuesday
11648,11649,255,24.0,4.0,2024-07-18,Thursday
11649,11650,2,22.0,9.0,2024-07-17,Wednesday
11650,11651,61,12.0,10.0,2024-07-18,Thursday
11651,11652,68,6.0,2.0,2024-07-09,Tuesday
11652,11653,299,19.0,1.0,2024-07-14,Sunday
11653,11654,268,22.0,1.0,2024-07-17,Wednesday
11654,11655,94,15.0,8.0,2024-07-08,Monday
11655,11656,148,23.0,7.0,2024-07-10,Wednesday
11656,11657,126,17.0,3.0,2024-07-06,Saturday
11657,11658,281,13.0,7.0,2024-07-06,Saturday
11658,11659,228,15.0,7.0,2024-07-13,Saturday
11659,11660,20,7.0,6.0,2024-07-19,Friday
11660,11661,252,18.0,10.0,2024-07-02,Tuesday
11661,11662,244,20.0,7.0,2024-07-12,Friday
11662,11663,250,14.0,2.0,2024-08-05,Monday
11663,11664,286,3.0,10.0,2024-08-03,Saturday
11664,11665,231,4.0,8.0,2024-08-05,Monday
11665,11666,203,11.0,9.0,2024-08-06,Tuesday
11666,11667,144,16.0,2.0,2024-08-04,Sunday
11667,11668,203,8.0,2.0,2024-08-06,Tuesday
11668,11669,50,17.0,4.0,2024-08-26,Monday
11669,11670,235,1.0,9.0,2024-08-12,Monday
11670,11671,210,12.0,9.0,2024-08-27,Tuesday
11671,11672,243,11.0,6.0,2024-08-23,Friday
11672,11673,35,11.0,6.0,2024-08-20,Tuesday
11673,11674,235,20.0,9.0,2024-08-03,Saturday
11674,11675,108,17.0,9.0,2024-08-23,Friday
11675,11676,23,1.0,10.0,2024-08-22,Thursday
11676,11677,153,9.0,6.0,2024-08-26,Monday
11677,11678,268,9.0,2.0,2024-08-13,Tuesday
11678,11679,251,12.0,10.0,2024-08-28,Wednesday
11679,11680,141,7.0,10.0,2024-08-04,Sunday
11680,11681,195,9.0,1.0,2024-08-28,Wednesday
11681,11682,240,23.0,3.0,2024-08-26,Monday
11682,11683,76,4.0,5.0,2024-08-03,Saturday
11683,11684,206,22.0,6.0,2024-08-13,Tuesday
11684,11685,222,19.0,5.0,2024-08-01,Thursday
11685,11686,27,4.0,9.0,2024-08-09,Friday
11686,11687,177,15.0,9.0,2024-08-28,Wednesday
11687,11688,56,21.0,7.0,2024-08-06,Tuesday
11688,11689,210,5.0,9.0,2024-08-14,Wednesday
11689,11690,141,1.0,10.0,2024-08-27,Tuesday
11690,11691,231,2.0,7.0,2024-08-12,Monday
11691,11692,215,6.0,1.0,2024-08-15,Thursday
11692,11693,163,17.0,2.0,2024-08-18,Sunday
11693,11694,199,25.0,6.0,2024-08-15,Thursday
11694,11695,217,20.0,1.0,2024-08-07,Wednesday
11695,11696,272,22.0,1.0,2024-08-17,Saturday
11696,11697,162,15.0,2.0,2024-08-27,Tuesday
11697,11698,105,19.0,5.0,2024-08-03,Saturday
11698,11699,281,21.0,3.0,2024-08-02,Friday
11699,11700,284,5.0,6.0,2024-08-24,Saturday
11700,11701,43,13.0,8.0,2024-08-24,Saturday
11702,11703,69,17.0,4.0,2024-08-20,Tuesday
11703,11704,250,21.0,4.0,2024-08-17,Saturday
11705,11706,296,23.0,9.0,2024-08-28,Wednesday
11706,11707,277,10.0,5.0,2024-08-13,Tuesday
11707,11708,251,15.0,7.0,2024-08-19,Monday
11708,11709,30,7.0,3.0,2024-08-17,Saturday
11710,11711,199,20.0,4.0,2024-08-19,Monday
11711,11712,22,20.0,9.0,2024-08-14,Wednesday
11712,11713,162,6.0,4.0,2024-08-23,Friday
11713,11714,232,3.0,6.0,2024-08-25,Sunday
11714,11715,255,23.0,1.0,2024-08-05,Monday
11715,11716,64,15.0,9.0,2024-08-07,Wednesday
11716,11717,138,10.0,9.0,2024-08-23,Friday
11717,11718,160,15.0,7.0,2024-08-28,Wednesday
11718,11719,94,13.0,1.0,2024-08-20,Tuesday
11719,11720,181,22.0,3.0,2024-08-02,Friday
11720,11721,18,19.0,9.0,2024-08-05,Monday
11721,11722,189,5.0,4.0,2024-08-27,Tuesday
11722,11723,51,5.0,5.0,2024-08-16,Friday
11723,11724,91,14.0,9.0,2024-08-28,Wednesday
11724,11725,8,12.0,3.0,2024-08-01,Thursday
11725,11726,155,5.0,5.0,2024-08-06,Tuesday
11726,11727,148,18.0,1.0,2024-08-08,Thursday
11727,11728,275,12.0,5.0,2024-08-18,Sunday
11728,11729,218,21.0,3.0,2024-08-10,Saturday
11729,11730,98,18.0,6.0,2024-08-20,Tuesday
11730,11731,171,16.0,7.0,2024-08-06,Tuesday
11731,11732,145,2.0,2.0,2024-08-07,Wednesday
11733,11734,252,18.0,9.0,2024-08-10,Saturday
11734,11735,25,12.0,7.0,2024-08-18,Sunday
11735,11736,27,16.0,5.0,2024-08-19,Monday
11736,11737,188,11.0,5.0,2024-08-08,Thursday
11737,11738,250,24.0,3.0,2024-08-22,Thursday
11738,11739,273,3.0,8.0,2024-08-22,Thursday
11739,11740,260,19.0,4.0,2024-08-11,Sunday
11740,11741,118,15.0,5.0,2024-08-22,Thursday
11741,11742,56,8.0,10.0,2024-08-04,Sunday
11742,11743,134,22.0,10.0,2024-08-06,Tuesday
11743,11744,23,6.0,2.0,2024-08-10,Saturday
11744,11745,120,21.0,5.0,2024-08-18,Sunday
11745,11746,144,1.0,3.0,2024-08-18,Sunday
11746,11747,65,24.0,1.0,2024-08-15,Thursday
11747,11748,173,24.0,6.0,2024-08-02,Friday
11748,11749,56,23.0,5.0,2024-08-14,Wednesday
11749,11750,297,19.0,10.0,2024-08-06,Tuesday
11750,11751,199,18.0,9.0,2024-08-03,Saturday
11751,11752,298,3.0,10.0,2024-08-28,Wednesday
11752,11753,59,3.0,2.0,2024-08-26,Monday
11754,11755,268,16.0,2.0,2024-08-26,Monday
11755,11756,136,15.0,10.0,2024-08-19,Monday
11756,11757,75,24.0,9.0,2024-08-04,Sunday
11757,11758,263,11.0,7.0,2024-08-16,Friday
11758,11759,269,3.0,6.0,2024-08-06,Tuesday
11759,11760,53,1.0,8.0,2024-08-22,Thursday
11760,11761,101,25.0,2.0,2024-08-05,Monday
11761,11762,257,20.0,2.0,2024-08-02,Friday
11762,11763,124,24.0,7.0,2024-08-18,Sunday
11763,11764,81,20.0,1.0,2024-08-18,Sunday
11764,11765,32,19.0,2.0,2024-08-14,Wednesday
11765,11766,29,18.0,6.0,2024-08-11,Sunday
11766,11767,265,3.0,1.0,2024-08-19,Monday
11767,11768,162,18.0,6.0,2024-08-16,Friday
11768,11769,249,6.0,8.0,2024-08-12,Monday
11769,11770,118,1.0,3.0,2024-08-24,Saturday
11770,11771,292,5.0,8.0,2024-08-22,Thursday
11771,11772,54,14.0,8.0,2024-08-11,Sunday
11772,11773,3,11.0,9.0,2024-08-04,Sunday
11773,11774,5,5.0,10.0,2024-08-17,Saturday
11774,11775,294,12.0,9.0,2024-08-13,Tuesday
11775,11776,172,20.0,10.0,2024-08-18,Sunday
11776,11777,59,21.0,9.0,2024-08-17,Saturday
11777,11778,92,7.0,6.0,2024-08-24,Saturday
11778,11779,292,12.0,9.0,2024-08-28,Wednesday
11779,11780,182,17.0,2.0,2024-08-21,Wednesday
11780,11781,190,4.0,6.0,2024-08-02,Friday
11781,11782,185,18.0,9.0,2024-08-05,Monday
11782,11783,32,9.0,2.0,2024-08-25,Sunday
11783,11784,88,19.0,4.0,2024-08-11,Sunday
11784,11785,17,23.0,5.0,2024-08-07,Wednesday
11785,11786,106,6.0,7.0,2024-08-01,Thursday
11786,11787,93,25.0,4.0,2024-08-25,Sunday
11787,11788,207,14.0,6.0,2024-08-24,Saturday
11788,11789,195,7.0,7.0,2024-08-02,Friday
11789,11790,130,18.0,10.0,2024-08-28,Wednesday
11790,11791,159,3.0,7.0,2024-08-04,Sunday
11791,11792,101,20.0,10.0,2024-08-08,Thursday
11792,11793,260,13.0,9.0,2024-08-16,Friday
11793,11794,96,12.0,2.0,2024-08-19,Monday
11794,11795,187,14.0,10.0,2024-08-16,Friday
11795,11796,59,10.0,6.0,2024-08-07,Wednesday
11796,11797,192,17.0,6.0,2024-08-10,Saturday
11797,11798,79,23.0,2.0,2024-08-05,Monday
11798,11799,112,7.0,9.0,2024-08-02,Friday
11799,11800,109,11.0,4.0,2024-08-04,Sunday
11800,11801,38,15.0,9.0,2024-08-28,Wednesday
11801,11802,91,18.0,6.0,2024-08-07,Wednesday
11802,11803,144,15.0,9.0,2024-08-02,Friday
11803,11804,11,24.0,8.0,2024-08-08,Thursday
11804,11805,290,18.0,1.0,2024-08-02,Friday
11805,11806,115,4.0,6.0,2024-08-19,Monday
11806,11807,257,16.0,1.0,2024-08-18,Sunday
11807,11808,110,25.0,7.0,2024-08-23,Friday
11808,11809,56,24.0,7.0,2024-08-09,Friday
11809,11810,262,3.0,4.0,2024-08-16,Friday
11810,11811,37,4.0,10.0,2024-08-06,Tuesday
11811,11812,258,8.0,2.0,2024-08-18,Sunday
11812,11813,124,12.0,2.0,2024-08-18,Sunday
11813,11814,174,18.0,5.0,2024-08-05,Monday
11814,11815,232,19.0,6.0,2024-08-12,Monday
11815,11816,22,21.0,6.0,2024-08-11,Sunday
11816,11817,246,22.0,5.0,2024-08-27,Tuesday
11817,11818,228,2.0,5.0,2024-08-06,Tuesday
11818,11819,268,20.0,1.0,2024-08-16,Friday
11819,11820,67,9.0,1.0,2024-08-21,Wednesday
11820,11821,248,19.0,9.0,2024-08-27,Tuesday
11821,11822,200,18.0,7.0,2024-08-09,Friday
11822,11823,221,19.0,7.0,2024-08-01,Thursday
11824,11825,139,22.0,3.0,2024-08-09,Friday
11825,11826,38,16.0,10.0,2024-08-03,Saturday
11826,11827,188,19.0,6.0,2024-08-13,Tuesday
11827,11828,255,11.0,10.0,2024-08-15,Thursday
11828,11829,216,10.0,1.0,2024-08-07,Wednesday
11829,11830,79,11.0,9.0,2024-08-27,Tuesday
11830,11831,273,6.0,9.0,2024-08-04,Sunday
11831,11832,272,12.0,6.0,2024-08-13,Tuesday
11832,11833,280,15.0,6.0,2024-08-05,Monday
11833,11834,297,6.0,2.0,2024-08-15,Thursday
11834,11835,43,16.0,6.0,2024-08-08,Thursday
11835,11836,15,13.0,2.0,2024-08-21,Wednesday
11836,11837,131,12.0,2.0,2024-08-16,Friday
11837,11838,32,7.0,7.0,2024-08-08,Thursday
11838,11839,39,4.0,6.0,2024-08-28,Wednesday
11839,11840,33,8.0,5.0,2024-08-10,Saturday
11840,11841,253,9.0,10.0,2024-08-11,Sunday
11841,11842,149,8.0,10.0,2024-08-04,Sunday
11842,11843,287,17.0,1.0,2024-08-17,Saturday
11843,11844,236,14.0,4.0,2024-08-17,Saturday
11844,11845,81,25.0,6.0,2024-08-20,Tuesday
11845,11846,153,5.0,5.0,2024-08-10,Saturday
11846,11847,299,19.0,10.0,2024-08-19,Monday
11847,11848,4,25.0,1.0,2024-08-07,Wednesday
11848,11849,214,24.0,10.0,2024-08-17,Saturday
11849,11850,295,11.0,2.0,2024-08-13,Tuesday
11850,11851,97,25.0,6.0,2024-08-26,Monday
11851,11852,15,1.0,6.0,2024-08-18,Sunday
11852,11853,241,10.0,9.0,2024-08-16,Friday
11853,11854,214,20.0,9.0,2024-08-15,Thursday
11854,11855,285,7.0,5.0,2024-08-15,Thursday
11856,11857,168,24.0,3.0,2024-08-15,Thursday
11857,11858,120,22.0,4.0,2024-08-15,Thursday
11858,11859,5,12.0,1.0,2024-08-13,Tuesday
11859,11860,198,13.0,7.0,2024-08-07,Wednesday
11860,11861,25,4.0,4.0,2024-08-12,Monday
11861,11862,116,19.0,8.0,2024-08-15,Thursday
11862,11863,125,12.0,6.0,2024-08-09,Friday
11863,11864,22,17.0,7.0,2024-08-04,Sunday
11864,11865,156,10.0,4.0,2024-08-19,Monday
11865,11866,113,6.0,8.0,2024-08-07,Wednesday
11866,11867,265,12.0,2.0,2024-08-07,Wednesday
11867,11868,258,11.0,6.0,2024-08-24,Saturday
11868,11869,132,8.0,7.0,2024-08-03,Saturday
11869,11870,279,18.0,5.0,2024-08-22,Thursday
11870,11871,85,21.0,10.0,2024-08-25,Sunday
11871,11872,4,25.0,1.0,2024-08-04,Sunday
11872,11873,186,6.0,9.0,2024-08-19,Monday
11873,11874,274,5.0,2.0,2024-08-22,Thursday
11874,11875,245,16.0,10.0,2024-08-18,Sunday
11875,11876,209,8.0,5.0,2024-08-08,Thursday
11876,11877,283,8.0,1.0,2024-08-02,Friday
11877,11878,193,21.0,2.0,2024-08-05,Monday
11878,11879,79,23.0,2.0,2024-08-22,Thursday
11879,11880,38,2.0,6.0,2024-08-03,Saturday
11880,11881,119,6.0,6.0,2024-08-03,Saturday
11881,11882,111,2.0,9.0,2024-08-07,Wednesday
11882,11883,74,6.0,7.0,2024-08-01,Thursday
11883,11884,54,16.0,5.0,2024-08-04,Sunday
11884,11885,246,8.0,9.0,2024-08-28,Wednesday
11885,11886,21,15.0,7.0,2024-08-17,Saturday
11886,11887,297,12.0,7.0,2024-08-27,Tuesday
11887,11888,6,18.0,5.0,2024-08-25,Sunday
11888,11889,74,15.0,6.0,2024-08-18,Sunday
11889,11890,247,22.0,8.0,2024-08-04,Sunday
11890,11891,65,10.0,9.0,2024-08-19,Monday
11891,11892,99,21.0,7.0,2024-08-13,Tuesday
11892,11893,278,15.0,3.0,2024-08-27,Tuesday
11893,11894,286,6.0,10.0,2024-08-03,Saturday
11894,11895,195,25.0,1.0,2024-08-16,Friday
11895,11896,71,6.0,3.0,2024-08-13,Tuesday
11896,11897,127,20.0,7.0,2024-08-22,Thursday
11897,11898,195,14.0,10.0,2024-08-28,Wednesday
11898,11899,101,1.0,3.0,2024-08-11,Sunday
11899,11900,133,9.0,10.0,2024-08-09,Friday
11900,11901,160,15.0,2.0,2024-08-16,Friday
11901,11902,147,25.0,9.0,2024-08-21,Wednesday
11902,11903,10,20.0,9.0,2024-08-18,Sunday
11903,11904,195,24.0,5.0,2024-08-22,Thursday
11904,11905,197,22.0,3.0,2024-08-10,Saturday
11905,11906,181,23.0,10.0,2024-08-03,Saturday
11906,11907,188,15.0,3.0,2024-08-18,Sunday
11907,11908,167,20.0,7.0,2024-08-15,Thursday
11908,11909,236,15.0,9.0,2024-08-20,Tuesday
11909,11910,113,4.0,5.0,2024-08-26,Monday
11910,11911,191,14.0,1.0,2024-08-23,Friday
11911,11912,173,3.0,6.0,2024-08-01,Thursday
11912,11913,58,24.0,10.0,2024-08-13,Tuesday
11913,11914,200,8.0,9.0,2024-08-02,Friday
11914,11915,79,12.0,7.0,2024-08-17,Saturday
11915,11916,28,4.0,2.0,2024-08-16,Friday
11916,11917,54,4.0,8.0,2024-08-24,Saturday
11917,11918,223,2.0,7.0,2024-08-15,Thursday
11918,11919,247,21.0,2.0,2024-08-27,Tuesday
11919,11920,280,16.0,2.0,2024-08-06,Tuesday
11920,11921,182,9.0,3.0,2024-08-01,Thursday
11921,11922,203,15.0,5.0,2024-08-05,Monday
11922,11923,106,2.0,6.0,2024-08-07,Wednesday
11923,11924,98,24.0,1.0,2024-08-11,Sunday
11924,11925,238,19.0,8.0,2024-08-25,Sunday
11925,11926,68,20.0,10.0,2024-08-03,Saturday
11926,11927,216,14.0,9.0,2024-08-16,Friday
11927,11928,248,8.0,10.0,2024-08-02,Friday
11928,11929,287,11.0,7.0,2024-08-21,Wednesday
11929,11930,29,23.0,10.0,2024-08-08,Thursday
11930,11931,290,5.0,8.0,2024-08-12,Monday
11931,11932,195,13.0,6.0,2024-08-10,Saturday
11932,11933,206,14.0,2.0,2024-08-26,Monday
11933,11934,122,2.0,3.0,2024-08-05,Monday
11934,11935,258,3.0,4.0,2024-08-05,Monday
11935,11936,183,16.0,6.0,2024-08-06,Tuesday
11936,11937,115,4.0,6.0,2024-08-23,Friday
11937,11938,57,4.0,8.0,2024-08-12,Monday
11938,11939,31,24.0,9.0,2024-08-03,Saturday
11939,11940,281,14.0,7.0,2024-08-02,Friday
11940,11941,122,4.0,5.0,2024-08-22,Thursday
11941,11942,82,24.0,1.0,2024-08-13,Tuesday
11942,11943,66,3.0,2.0,2024-08-28,Wednesday
11943,11944,87,2.0,8.0,2024-08-16,Friday
11944,11945,76,20.0,8.0,2024-08-26,Monday
11945,11946,232,7.0,3.0,2024-08-04,Sunday
11946,11947,263,18.0,5.0,2024-08-19,Monday
11947,11948,119,8.0,9.0,2024-08-06,Tuesday
11948,11949,246,2.0,8.0,2024-08-25,Sunday
11949,11950,280,16.0,4.0,2024-08-07,Wednesday
11950,11951,193,20.0,8.0,2024-08-18,Sunday
11951,11952,215,24.0,6.0,2024-08-20,Tuesday
11952,11953,168,10.0,7.0,2024-08-05,Monday
11953,11954,176,8.0,4.0,2024-08-13,Tuesday
11954,11955,35,2.0,3.0,2024-08-22,Thursday
11955,11956,86,20.0,10.0,2024-08-24,Saturday
11956,11957,228,25.0,2.0,2024-08-19,Monday
11957,11958,101,5.0,8.0,2024-08-01,Thursday
11958,11959,21,18.0,4.0,2024-08-09,Friday
11959,11960,203,5.0,9.0,2024-08-10,Saturday
11960,11961,290,5.0,9.0,2024-08-19,Monday
11961,11962,207,17.0,10.0,2024-08-05,Monday
11962,11963,277,11.0,9.0,2024-08-27,Tuesday
11963,11964,84,20.0,6.0,2024-08-24,Saturday
11964,11965,10,20.0,6.0,2024-08-13,Tuesday
11965,11966,271,1.0,1.0,2024-08-23,Friday
11966,11967,232,9.0,2.0,2024-08-02,Friday
11967,11968,46,2.0,4.0,2024-08-15,Thursday
11968,11969,156,21.0,5.0,2024-08-25,Sunday
11969,11970,199,10.0,1.0,2024-08-18,Sunday
11970,11971,262,13.0,4.0,2024-08-11,Sunday
11971,11972,7,14.0,1.0,2024-08-12,Monday
11972,11973,87,19.0,9.0,2024-08-16,Friday
11973,11974,252,23.0,7.0,2024-08-17,Saturday
11974,11975,142,11.0,1.0,2024-08-08,Thursday
11975,11976,187,6.0,6.0,2024-08-02,Friday
11976,11977,95,22.0,8.0,2024-08-10,Saturday
11977,11978,41,20.0,1.0,2024-08-25,Sunday
11978,11979,67,17.0,5.0,2024-08-27,Tuesday
11979,11980,114,9.0,5.0,2024-08-21,Wednesday
11980,11981,294,21.0,6.0,2024-08-27,Tuesday
11981,11982,23,18.0,3.0,2024-08-17,Saturday
11982,11983,135,5.0,4.0,2024-08-19,Monday
11983,11984,281,2.0,5.0,2024-08-03,Saturday
11984,11985,35,16.0,1.0,2024-08-12,Monday
11985,11986,239,15.0,1.0,2024-08-09,Friday
11986,11987,133,16.0,9.0,2024-08-27,Tuesday
11987,11988,111,18.0,10.0,2024-08-01,Thursday
11988,11989,159,21.0,3.0,2024-08-14,Wednesday
11989,11990,268,24.0,6.0,2024-08-23,Friday
11990,11991,296,6.0,5.0,2024-08-26,Monday
11991,11992,149,5.0,6.0,2024-08-10,Saturday
11992,11993,293,3.0,4.0,2024-08-28,Wednesday
11993,11994,69,5.0,5.0,2024-08-09,Friday
11994,11995,97,6.0,8.0,2024-08-24,Saturday
11996,11997,162,5.0,6.0,2024-08-26,Monday
11997,11998,290,17.0,8.0,2024-08-25,Sunday
11998,11999,203,19.0,7.0,2024-08-04,Sunday
11999,12000,142,22.0,3.0,2024-08-15,Thursday
12000,12001,149,3.0,6.0,2024-08-24,Saturday
12001,12002,179,25.0,2.0,2024-08-11,Sunday
12002,12003,194,3.0,3.0,2024-08-21,Wednesday
12003,12004,232,13.0,7.0,2024-08-19,Monday
12004,12005,221,8.0,3.0,2024-08-06,Tuesday
12005,12006,223,7.0,1.0,2024-08-21,Wednesday
12006,12007,64,22.0,7.0,2024-08-20,Tuesday
12007,12008,126,8.0,3.0,2024-08-19,Monday
12008,12009,131,25.0,10.0,2024-08-16,Friday
12009,12010,282,1.0,4.0,2024-08-26,Monday
12010,12011,215,2.0,2.0,2024-08-17,Saturday
12011,12012,33,25.0,2.0,2024-08-19,Monday
12012,12013,109,3.0,1.0,2024-08-19,Monday
12013,12014,160,24.0,7.0,2024-08-28,Wednesday
12014,12015,197,9.0,4.0,2024-08-24,Saturday
12015,12016,54,10.0,3.0,2024-08-05,Monday
12016,12017,142,6.0,10.0,2024-08-12,Monday
12017,12018,22,25.0,3.0,2024-08-11,Sunday
12018,12019,14,23.0,7.0,2024-08-09,Friday
12019,12020,51,8.0,1.0,2024-08-15,Thursday
12020,12021,43,20.0,5.0,2024-08-12,Monday
12021,12022,103,8.0,1.0,2024-08-06,Tuesday
12022,12023,16,9.0,8.0,2024-08-16,Friday
12023,12024,238,23.0,4.0,2024-08-22,Thursday
12024,12025,247,24.0,5.0,2024-08-08,Thursday
12025,12026,47,20.0,10.0,2024-08-08,Thursday
12026,12027,8,14.0,3.0,2024-08-15,Thursday
12027,12028,231,10.0,5.0,2024-08-12,Monday
12028,12029,203,2.0,9.0,2024-08-10,Saturday
12029,12030,3,21.0,2.0,2024-08-10,Saturday
12030,12031,280,15.0,4.0,2024-08-24,Saturday
12031,12032,196,3.0,9.0,2024-08-03,Saturday
12032,12033,102,23.0,2.0,2024-08-12,Monday
12033,12034,107,25.0,2.0,2024-08-17,Saturday
12034,12035,187,13.0,4.0,2024-08-08,Thursday
12035,12036,249,17.0,10.0,2024-08-25,Sunday
12036,12037,50,19.0,7.0,2024-08-04,Sunday
12037,12038,53,4.0,3.0,2024-08-09,Friday
12039,12040,64,6.0,6.0,2024-08-13,Tuesday
12040,12041,294,25.0,6.0,2024-08-20,Tuesday
12041,12042,23,3.0,10.0,2024-08-07,Wednesday
12042,12043,250,25.0,6.0,2024-08-25,Sunday
12043,12044,198,4.0,3.0,2024-08-14,Wednesday
12044,12045,132,23.0,10.0,2024-08-27,Tuesday
12045,12046,295,14.0,10.0,2024-08-03,Saturday
12046,12047,124,14.0,7.0,2024-08-13,Tuesday
12047,12048,87,25.0,1.0,2024-08-09,Friday
12048,12049,259,21.0,9.0,2024-08-08,Thursday
12049,12050,37,2.0,2.0,2024-08-02,Friday
12050,12051,4,24.0,9.0,2024-08-16,Friday
12051,12052,59,6.0,5.0,2024-08-19,Monday
12052,12053,66,6.0,3.0,2024-08-11,Sunday
12053,12054,277,1.0,2.0,2024-08-24,Saturday
12054,12055,182,14.0,10.0,2024-08-24,Saturday
12055,12056,227,18.0,9.0,2024-08-21,Wednesday
12056,12057,7,2.0,5.0,2024-08-27,Tuesday
12057,12058,281,10.0,4.0,2024-08-17,Saturday
12058,12059,199,20.0,8.0,2024-08-25,Sunday
12059,12060,263,20.0,2.0,2024-08-10,Saturday
12060,12061,266,11.0,2.0,2024-08-02,Friday
12061,12062,160,12.0,8.0,2024-08-18,Sunday
12062,12063,157,3.0,4.0,2024-08-23,Friday
12063,12064,220,2.0,8.0,2024-08-03,Saturday
12064,12065,146,7.0,10.0,2024-08-12,Monday
12065,12066,281,9.0,8.0,2024-08-11,Sunday
12066,12067,136,9.0,6.0,2024-08-26,Monday
12067,12068,267,5.0,4.0,2024-08-16,Friday
12068,12069,140,24.0,3.0,2024-08-22,Thursday
12069,12070,47,16.0,2.0,2024-08-21,Wednesday
12070,12071,284,7.0,7.0,2024-08-10,Saturday
12071,12072,28,5.0,9.0,2024-08-22,Thursday
12072,12073,104,14.0,3.0,2024-08-05,Monday
12073,12074,151,5.0,10.0,2024-08-09,Friday
12074,12075,27,17.0,3.0,2024-08-16,Friday
12075,12076,264,24.0,2.0,2024-08-03,Saturday
12076,12077,41,23.0,3.0,2024-08-01,Thursday
12077,12078,101,14.0,1.0,2024-08-04,Sunday
12078,12079,184,23.0,9.0,2024-08-12,Monday
12079,12080,82,17.0,2.0,2024-08-23,Friday
12080,12081,116,17.0,10.0,2024-08-06,Tuesday
12081,12082,170,17.0,7.0,2024-08-12,Monday
12082,12083,276,11.0,1.0,2024-08-26,Monday
12083,12084,26,4.0,1.0,2024-08-05,Monday
12084,12085,160,22.0,3.0,2024-08-18,Sunday
12085,12086,112,20.0,7.0,2024-08-07,Wednesday
12086,12087,215,23.0,7.0,2024-08-05,Monday
12087,12088,65,4.0,5.0,2024-08-19,Monday
12088,12089,280,19.0,4.0,2024-08-22,Thursday
12089,12090,59,22.0,2.0,2024-08-04,Sunday
12090,12091,151,3.0,6.0,2024-08-06,Tuesday
12091,12092,183,24.0,6.0,2024-08-12,Monday
12092,12093,137,6.0,6.0,2024-08-26,Monday
12093,12094,242,13.0,3.0,2024-08-20,Tuesday
12094,12095,216,22.0,2.0,2024-08-06,Tuesday
12095,12096,93,17.0,2.0,2024-08-14,Wednesday
12096,12097,184,5.0,3.0,2024-08-08,Thursday
12097,12098,68,2.0,9.0,2024-08-17,Saturday
12098,12099,220,3.0,1.0,2024-08-06,Tuesday
12099,12100,165,20.0,2.0,2024-08-24,Saturday
12100,12101,132,5.0,6.0,2024-08-11,Sunday
12101,12102,230,11.0,6.0,2024-08-18,Sunday
12102,12103,223,6.0,2.0,2024-08-24,Saturday
12103,12104,62,11.0,6.0,2024-08-07,Wednesday
12104,12105,222,19.0,8.0,2024-08-17,Saturday
12105,12106,198,11.0,10.0,2024-08-14,Wednesday
12106,12107,104,4.0,8.0,2024-08-27,Tuesday
12107,12108,257,24.0,7.0,2024-08-09,Friday
12108,12109,241,2.0,9.0,2024-08-17,Saturday
12109,12110,63,1.0,7.0,2024-08-09,Friday
12110,12111,141,2.0,6.0,2024-08-06,Tuesday
12111,12112,33,17.0,8.0,2024-08-27,Tuesday
12112,12113,286,21.0,1.0,2024-08-20,Tuesday
12113,12114,122,17.0,1.0,2024-08-14,Wednesday
12114,12115,104,5.0,5.0,2024-08-07,Wednesday
12115,12116,6,23.0,4.0,2024-08-22,Thursday
12116,12117,95,8.0,5.0,2024-08-07,Wednesday
12117,12118,212,25.0,4.0,2024-08-14,Wednesday
12118,12119,252,21.0,4.0,2024-08-11,Sunday
12119,12120,129,14.0,1.0,2024-08-02,Friday
12120,12121,299,2.0,2.0,2024-08-21,Wednesday
12121,12122,181,4.0,5.0,2024-08-05,Monday
12122,12123,185,23.0,9.0,2024-08-21,Wednesday
12123,12124,296,24.0,2.0,2024-08-26,Monday
12124,12125,60,15.0,8.0,2024-08-01,Thursday
12125,12126,131,20.0,3.0,2024-08-24,Saturday
12126,12127,48,7.0,6.0,2024-08-28,Wednesday
12127,12128,142,1.0,1.0,2024-08-18,Sunday
12128,12129,165,20.0,9.0,2024-08-18,Sunday
12129,12130,208,14.0,5.0,2024-08-07,Wednesday
12130,12131,77,16.0,9.0,2024-08-28,Wednesday
12131,12132,49,18.0,5.0,2024-08-28,Wednesday
12132,12133,271,10.0,9.0,2024-08-04,Sunday
12133,12134,248,8.0,5.0,2024-08-06,Tuesday
12134,12135,36,10.0,4.0,2024-08-01,Thursday
12135,12136,247,4.0,1.0,2024-08-05,Monday
12136,12137,92,12.0,1.0,2024-08-03,Saturday
12137,12138,10,8.0,9.0,2024-08-19,Monday
12138,12139,288,20.0,10.0,2024-08-18,Sunday
12139,12140,29,15.0,9.0,2024-08-22,Thursday
12140,12141,39,22.0,4.0,2024-08-09,Friday
12141,12142,50,2.0,1.0,2024-08-28,Wednesday
12142,12143,214,8.0,4.0,2024-08-11,Sunday
12143,12144,94,21.0,2.0,2024-08-23,Friday
12144,12145,56,3.0,10.0,2024-08-08,Thursday
12145,12146,77,25.0,8.0,2024-08-24,Saturday
12146,12147,157,25.0,1.0,2024-08-23,Friday
12147,12148,182,12.0,5.0,2024-08-11,Sunday
12148,12149,186,22.0,6.0,2024-08-09,Friday
12149,12150,201,12.0,1.0,2024-08-07,Wednesday
12150,12151,140,4.0,10.0,2024-08-18,Sunday
12151,12152,113,12.0,8.0,2024-08-03,Saturday
12152,12153,3,17.0,2.0,2024-08-13,Tuesday
12153,12154,118,7.0,3.0,2024-08-03,Saturday
12154,12155,11,1.0,3.0,2024-08-13,Tuesday
12155,12156,164,23.0,9.0,2024-08-24,Saturday
12156,12157,244,9.0,5.0,2024-08-02,Friday
12157,12158,124,1.0,9.0,2024-08-13,Tuesday
12158,12159,263,3.0,10.0,2024-08-17,Saturday
12159,12160,141,7.0,5.0,2024-08-14,Wednesday
12160,12161,221,1.0,3.0,2024-08-01,Thursday
12161,12162,239,3.0,10.0,2024-08-19,Monday
12162,12163,135,9.0,7.0,2024-08-21,Wednesday
12163,12164,219,12.0,3.0,2024-08-10,Saturday
12164,12165,113,5.0,6.0,2024-08-12,Monday
12165,12166,8,7.0,6.0,2024-08-22,Thursday
12166,12167,151,15.0,10.0,2024-08-27,Tuesday
12167,12168,163,23.0,1.0,2024-08-17,Saturday
12168,12169,88,4.0,2.0,2024-08-16,Friday
12169,12170,61,13.0,6.0,2024-08-22,Thursday
12170,12171,68,20.0,4.0,2024-08-04,Sunday
12171,12172,46,19.0,8.0,2024-08-21,Wednesday
12172,12173,24,20.0,5.0,2024-08-19,Monday
12173,12174,211,16.0,10.0,2024-08-11,Sunday
12174,12175,31,16.0,10.0,2024-08-25,Sunday
12175,12176,51,3.0,7.0,2024-08-22,Thursday
12176,12177,128,7.0,2.0,2024-08-25,Sunday
12177,12178,254,19.0,9.0,2024-08-19,Monday
12178,12179,104,12.0,9.0,2024-08-09,Friday
12179,12180,72,9.0,2.0,2024-08-20,Tuesday
12180,12181,214,10.0,9.0,2024-08-20,Tuesday
12181,12182,13,10.0,7.0,2024-08-01,Thursday
12182,12183,142,19.0,2.0,2024-08-19,Monday
12183,12184,85,13.0,3.0,2024-08-08,Thursday
12184,12185,216,3.0,6.0,2024-08-26,Monday
12185,12186,56,8.0,7.0,2024-08-21,Wednesday
12186,12187,52,13.0,10.0,2024-08-05,Monday
12187,12188,221,15.0,3.0,2024-08-21,Wednesday
12188,12189,42,10.0,10.0,2024-08-02,Friday
12189,12190,193,20.0,8.0,2024-08-28,Wednesday
12190,12191,12,13.0,7.0,2024-08-14,Wednesday
12191,12192,146,7.0,1.0,2024-08-15,Thursday
12192,12193,256,15.0,2.0,2024-08-13,Tuesday
12193,12194,250,22.0,1.0,2024-08-03,Saturday
12194,12195,11,1.0,3.0,2024-08-28,Wednesday
12195,12196,19,1.0,10.0,2024-08-21,Wednesday
12196,12197,111,7.0,5.0,2024-08-28,Wednesday
12197,12198,230,1.0,3.0,2024-08-06,Tuesday
12198,12199,291,24.0,6.0,2024-08-19,Monday
12199,12200,223,17.0,6.0,2024-08-10,Saturday
12200,12201,82,11.0,1.0,2024-08-08,Thursday
12201,12202,204,15.0,9.0,2024-08-05,Monday
12202,12203,99,12.0,6.0,2024-08-15,Thursday
12203,12204,258,15.0,3.0,2024-08-28,Wednesday
12204,12205,247,10.0,7.0,2024-08-19,Monday
12205,12206,142,21.0,1.0,2024-08-06,Tuesday
12206,12207,291,8.0,2.0,2024-08-01,Thursday
12207,12208,204,2.0,8.0,2024-08-15,Thursday
12208,12209,200,3.0,4.0,2024-08-13,Tuesday
12209,12210,23,2.0,3.0,2024-08-01,Thursday
12210,12211,117,23.0,1.0,2024-08-20,Tuesday
12211,12212,217,4.0,3.0,2024-08-18,Sunday
12212,12213,100,8.0,6.0,2024-08-09,Friday
12213,12214,277,6.0,6.0,2024-08-09,Friday
12214,12215,232,6.0,1.0,2024-08-07,Wednesday
12215,12216,9,8.0,10.0,2024-08-09,Friday
12216,12217,269,15.0,2.0,2024-08-01,Thursday
12217,12218,268,12.0,5.0,2024-08-12,Monday
12218,12219,37,20.0,4.0,2024-08-20,Tuesday
12219,12220,93,4.0,7.0,2024-08-18,Sunday
12220,12221,274,9.0,4.0,2024-08-12,Monday
12221,12222,26,17.0,7.0,2024-08-15,Thursday
12222,12223,168,5.0,9.0,2024-08-09,Friday
12223,12224,299,13.0,6.0,2024-08-24,Saturday
12224,12225,43,1.0,7.0,2024-08-17,Saturday
12225,12226,225,8.0,9.0,2024-08-21,Wednesday
12226,12227,183,22.0,10.0,2024-08-23,Friday
12227,12228,108,7.0,2.0,2024-08-20,Tuesday
12228,12229,183,6.0,4.0,2024-08-22,Thursday
12229,12230,43,14.0,7.0,2024-08-07,Wednesday
12230,12231,35,19.0,5.0,2024-08-15,Thursday
12231,12232,265,3.0,7.0,2024-08-10,Saturday
12232,12233,96,9.0,4.0,2024-08-07,Wednesday
12233,12234,130,3.0,2.0,2024-08-12,Monday
12234,12235,171,25.0,5.0,2024-08-01,Thursday
12235,12236,101,1.0,6.0,2024-08-09,Friday
12236,12237,157,14.0,8.0,2024-08-09,Friday
12237,12238,234,12.0,4.0,2024-08-03,Saturday
12238,12239,220,1.0,7.0,2024-08-17,Saturday
12239,12240,278,7.0,2.0,2024-08-27,Tuesday
12240,12241,2,16.0,3.0,2024-08-25,Sunday
12241,12242,75,3.0,6.0,2024-08-23,Friday
12242,12243,282,19.0,8.0,2024-08-28,Wednesday
12243,12244,134,4.0,4.0,2024-08-28,Wednesday
12244,12245,172,13.0,10.0,2024-08-18,Sunday
12245,12246,201,20.0,3.0,2024-08-21,Wednesday
12246,12247,260,15.0,7.0,2024-08-11,Sunday
12247,12248,111,21.0,2.0,2024-08-24,Saturday
12248,12249,141,15.0,10.0,2024-08-11,Sunday
12249,12250,4,15.0,7.0,2024-08-05,Monday
12250,12251,109,11.0,1.0,2024-08-13,Tuesday
12251,12252,243,17.0,5.0,2024-08-09,Friday
12252,12253,188,22.0,9.0,2024-08-06,Tuesday
12253,12254,4,1.0,7.0,2024-08-03,Saturday
12254,12255,78,10.0,6.0,2024-08-10,Saturday
12255,12256,295,25.0,10.0,2024-08-12,Monday
12256,12257,51,21.0,8.0,2024-08-02,Friday
12257,12258,32,6.0,1.0,2024-08-09,Friday
12258,12259,115,10.0,9.0,2024-08-03,Saturday
12259,12260,84,4.0,4.0,2024-08-21,Wednesday
12260,12261,59,9.0,5.0,2024-08-01,Thursday
12261,12262,288,9.0,6.0,2024-08-12,Monday
12262,12263,82,9.0,9.0,2024-08-26,Monday
12263,12264,112,24.0,4.0,2024-08-28,Wednesday
12264,12265,280,3.0,9.0,2024-08-27,Tuesday
12265,12266,73,7.0,9.0,2024-08-13,Tuesday
12266,12267,237,20.0,7.0,2024-08-24,Saturday
12267,12268,250,17.0,1.0,2024-08-02,Friday
12268,12269,196,7.0,2.0,2024-08-25,Sunday
12269,12270,53,25.0,8.0,2024-08-07,Wednesday
12270,12271,62,8.0,10.0,2024-08-12,Monday
12271,12272,167,9.0,3.0,2024-08-05,Monday
12272,12273,99,3.0,6.0,2024-08-05,Monday
12273,12274,27,13.0,6.0,2024-08-06,Tuesday
12274,12275,137,24.0,6.0,2024-08-17,Saturday
12275,12276,283,12.0,5.0,2024-08-22,Thursday
12276,12277,266,11.0,2.0,2024-08-01,Thursday
12277,12278,293,8.0,6.0,2024-08-15,Thursday
12278,12279,77,2.0,9.0,2024-08-12,Monday
12279,12280,161,21.0,5.0,2024-08-14,Wednesday
12280,12281,135,10.0,7.0,2024-08-10,Saturday
12281,12282,12,6.0,7.0,2024-08-15,Thursday
12282,12283,220,2.0,2.0,2024-08-25,Sunday
12283,12284,121,17.0,2.0,2024-08-28,Wednesday
12284,12285,236,21.0,9.0,2024-08-18,Sunday
12285,12286,150,10.0,2.0,2024-08-23,Friday
12286,12287,129,21.0,10.0,2024-08-19,Monday
12287,12288,22,20.0,7.0,2024-08-11,Sunday
12288,12289,29,1.0,9.0,2024-08-02,Friday
12289,12290,112,9.0,9.0,2024-08-22,Thursday
12290,12291,157,18.0,10.0,2024-08-19,Monday
12291,12292,2,19.0,1.0,2024-08-05,Monday
12292,12293,264,2.0,2.0,2024-08-05,Monday
12293,12294,59,3.0,10.0,2024-08-17,Saturday
12294,12295,105,12.0,7.0,2024-08-16,Friday
12295,12296,174,11.0,7.0,2024-08-24,Saturday
12296,12297,27,18.0,9.0,2024-08-07,Wednesday
12297,12298,107,22.0,6.0,2024-08-05,Monday
12298,12299,157,13.0,8.0,2024-08-12,Monday
12299,12300,105,15.0,8.0,2024-08-11,Sunday
12300,12301,168,15.0,10.0,2024-08-27,Tuesday
12301,12302,76,18.0,9.0,2024-08-19,Monday
12302,12303,262,1.0,1.0,2024-08-09,Friday
12303,12304,39,5.0,3.0,2024-08-01,Thursday
12304,12305,135,19.0,6.0,2024-08-12,Monday
12305,12306,250,24.0,3.0,2024-08-09,Friday
12306,12307,186,13.0,8.0,2024-08-17,Saturday
12307,12308,55,13.0,3.0,2024-08-12,Monday
12308,12309,95,25.0,5.0,2024-08-22,Thursday
12309,12310,228,10.0,5.0,2024-08-11,Sunday
12310,12311,158,22.0,8.0,2024-08-23,Friday
12311,12312,239,22.0,7.0,2024-08-12,Monday
12312,12313,249,20.0,6.0,2024-08-07,Wednesday
12313,12314,198,5.0,6.0,2024-08-18,Sunday
12314,12315,149,9.0,5.0,2024-08-20,Tuesday
12315,12316,214,8.0,6.0,2024-08-03,Saturday
12316,12317,272,9.0,6.0,2024-08-07,Wednesday
12317,12318,3,24.0,3.0,2024-08-19,Monday
12318,12319,13,7.0,8.0,2024-08-12,Monday
12319,12320,16,12.0,8.0,2024-08-04,Sunday
12320,12321,133,5.0,2.0,2024-08-14,Wednesday
12321,12322,120,15.0,7.0,2024-08-13,Tuesday
12322,12323,150,5.0,1.0,2024-08-28,Wednesday
12323,12324,177,18.0,9.0,2024-08-08,Thursday
12324,12325,193,23.0,5.0,2024-08-18,Sunday
12325,12326,132,1.0,2.0,2024-08-17,Saturday
12326,12327,10,23.0,2.0,2024-08-01,Thursday
12327,12328,44,9.0,10.0,2024-08-21,Wednesday
12328,12329,86,7.0,7.0,2024-08-21,Wednesday
12329,12330,134,15.0,8.0,2024-08-07,Wednesday
12330,12331,53,16.0,1.0,2024-08-19,Monday
12331,12332,180,19.0,8.0,2024-08-17,Saturday
12332,12333,248,3.0,8.0,2024-08-02,Friday
12333,12334,259,7.0,10.0,2024-08-27,Tuesday
12334,12335,173,11.0,10.0,2024-08-17,Saturday
12335,12336,239,12.0,3.0,2024-08-07,Wednesday
12336,12337,183,12.0,2.0,2024-08-04,Sunday
12338,12339,272,25.0,4.0,2024-08-11,Sunday
12339,12340,58,19.0,2.0,2024-08-17,Saturday
12340,12341,258,4.0,3.0,2024-08-06,Tuesday
12341,12342,126,10.0,5.0,2024-08-01,Thursday
12342,12343,148,18.0,10.0,2024-08-09,Friday
12343,12344,234,19.0,6.0,2024-08-08,Thursday
12344,12345,208,2.0,5.0,2024-08-25,Sunday
12345,12346,295,5.0,4.0,2024-08-06,Tuesday
12346,12347,191,1.0,3.0,2024-08-02,Friday
12347,12348,135,14.0,9.0,2024-08-26,Monday
12348,12349,273,20.0,5.0,2024-08-27,Tuesday
12349,12350,60,20.0,9.0,2024-08-17,Saturday
12350,12351,143,22.0,7.0,2024-08-07,Wednesday
12351,12352,268,12.0,8.0,2024-08-04,Sunday
12352,12353,249,1.0,2.0,2024-08-21,Wednesday
12353,12354,228,8.0,8.0,2024-08-07,Wednesday
12354,12355,190,25.0,1.0,2024-08-06,Tuesday
12355,12356,49,19.0,7.0,2024-08-28,Wednesday
12356,12357,116,4.0,1.0,2024-08-16,Friday
12357,12358,271,5.0,1.0,2024-08-08,Thursday
12358,12359,253,11.0,4.0,2024-08-27,Tuesday
12359,12360,126,8.0,2.0,2024-08-03,Saturday
12360,12361,130,24.0,5.0,2024-08-21,Wednesday
12361,12362,39,16.0,9.0,2024-08-01,Thursday
12362,12363,242,12.0,3.0,2024-08-22,Thursday
12363,12364,146,20.0,3.0,2024-08-13,Tuesday
12364,12365,286,3.0,1.0,2024-08-01,Thursday
12365,12366,247,22.0,3.0,2024-08-25,Sunday
12366,12367,172,25.0,4.0,2024-08-17,Saturday
12367,12368,288,14.0,5.0,2024-08-09,Friday
12368,12369,41,9.0,8.0,2024-08-24,Saturday
12369,12370,60,1.0,10.0,2024-08-16,Friday
12370,12371,223,21.0,10.0,2024-08-13,Tuesday
12371,12372,31,20.0,10.0,2024-08-09,Friday
12372,12373,218,5.0,10.0,2024-08-21,Wednesday
12373,12374,67,8.0,1.0,2024-08-28,Wednesday
12374,12375,151,4.0,7.0,2024-08-04,Sunday
12375,12376,169,15.0,4.0,2024-08-07,Wednesday
12376,12377,203,4.0,7.0,2024-08-12,Monday
12377,12378,48,25.0,9.0,2024-08-17,Saturday
12378,12379,10,1.0,9.0,2024-08-05,Monday
12379,12380,125,5.0,9.0,2024-08-01,Thursday
12380,12381,154,6.0,5.0,2024-08-17,Saturday
12381,12382,121,19.0,7.0,2024-08-06,Tuesday
12382,12383,90,14.0,2.0,2024-08-13,Tuesday
12383,12384,100,17.0,10.0,2024-08-10,Saturday
12384,12385,166,10.0,2.0,2024-08-03,Saturday
12385,12386,238,20.0,6.0,2024-08-24,Saturday
12386,12387,187,20.0,3.0,2024-08-11,Sunday
12387,12388,53,25.0,6.0,2024-08-08,Thursday
12388,12389,46,19.0,4.0,2024-08-05,Monday
12389,12390,140,13.0,2.0,2024-08-21,Wednesday
12390,12391,52,7.0,3.0,2024-08-14,Wednesday
12391,12392,16,2.0,2.0,2024-08-11,Sunday
12392,12393,122,14.0,5.0,2024-08-17,Saturday
12393,12394,207,5.0,4.0,2024-08-18,Sunday
12394,12395,50,18.0,9.0,2024-08-27,Tuesday
12395,12396,102,12.0,10.0,2024-08-26,Monday
12396,12397,99,4.0,3.0,2024-08-05,Monday
12397,12398,299,4.0,5.0,2024-08-05,Monday
12398,12399,225,4.0,1.0,2024-08-26,Monday
12399,12400,28,6.0,3.0,2024-08-24,Saturday
12400,12401,6,10.0,9.0,2024-08-07,Wednesday
12401,12402,32,23.0,3.0,2024-08-15,Thursday
12402,12403,98,9.0,10.0,2024-08-04,Sunday
12403,12404,125,14.0,2.0,2024-08-25,Sunday
12404,12405,21,24.0,7.0,2024-08-13,Tuesday
12405,12406,100,20.0,7.0,2024-08-13,Tuesday
12406,12407,135,15.0,4.0,2024-08-14,Wednesday
12407,12408,269,9.0,1.0,2024-08-25,Sunday
12408,12409,163,9.0,7.0,2024-08-02,Friday
12409,12410,36,17.0,5.0,2024-08-07,Wednesday
12410,12411,13,25.0,8.0,2024-08-26,Monday
12411,12412,280,9.0,10.0,2024-08-21,Wednesday
12412,12413,269,23.0,5.0,2024-08-26,Monday
12413,12414,280,14.0,4.0,2024-08-18,Sunday
12414,12415,1,23.0,3.0,2024-08-09,Friday
12415,12416,290,12.0,5.0,2024-08-28,Wednesday
12416,12417,192,6.0,10.0,2024-08-06,Tuesday
12417,12418,10,1.0,7.0,2024-08-22,Thursday
12418,12419,148,9.0,3.0,2024-08-22,Thursday
12419,12420,45,7.0,3.0,2024-08-09,Friday
12420,12421,223,24.0,10.0,2024-08-16,Friday
12421,12422,285,21.0,5.0,2024-08-05,Monday
12422,12423,294,23.0,8.0,2024-08-22,Thursday
12423,12424,188,11.0,5.0,2024-08-08,Thursday
12424,12425,265,4.0,7.0,2024-08-27,Tuesday
12425,12426,39,21.0,9.0,2024-08-17,Saturday
12426,12427,235,6.0,7.0,2024-08-17,Saturday
12427,12428,282,15.0,7.0,2024-08-03,Saturday
12428,12429,290,16.0,3.0,2024-08-26,Monday
12429,12430,103,12.0,9.0,2024-08-25,Sunday
12430,12431,31,20.0,9.0,2024-08-11,Sunday
12431,12432,6,4.0,8.0,2024-08-20,Tuesday
12432,12433,260,18.0,10.0,2024-08-12,Monday
12433,12434,171,15.0,9.0,2024-08-04,Sunday
12434,12435,100,4.0,5.0,2024-08-11,Sunday
12435,12436,266,4.0,4.0,2024-08-26,Monday
12436,12437,298,24.0,3.0,2024-08-28,Wednesday
12437,12438,124,12.0,8.0,2024-08-03,Saturday
12438,12439,212,19.0,6.0,2024-08-16,Friday
12439,12440,37,12.0,9.0,2024-08-14,Wednesday
12440,12441,50,18.0,8.0,2024-08-23,Friday
12441,12442,170,20.0,8.0,2024-08-22,Thursday
12442,12443,196,12.0,2.0,2024-08-20,Tuesday
12443,12444,254,21.0,9.0,2024-08-01,Thursday
12444,12445,16,12.0,10.0,2024-08-08,Thursday
12445,12446,7,17.0,6.0,2024-08-05,Monday
12446,12447,221,19.0,7.0,2024-08-10,Saturday
12447,12448,234,9.0,7.0,2024-08-15,Thursday
12448,12449,212,21.0,6.0,2024-08-07,Wednesday
12449,12450,72,3.0,3.0,2024-08-18,Sunday
12450,12451,58,2.0,1.0,2024-08-26,Monday
12451,12452,78,2.0,5.0,2024-08-13,Tuesday
12452,12453,114,3.0,6.0,2024-08-20,Tuesday
12453,12454,186,3.0,4.0,2024-08-03,Saturday
12454,12455,286,22.0,4.0,2024-08-02,Friday
12455,12456,124,16.0,1.0,2024-08-05,Monday
12456,12457,250,1.0,8.0,2024-08-25,Sunday
12457,12458,133,18.0,9.0,2024-08-22,Thursday
12458,12459,31,9.0,1.0,2024-08-01,Thursday
12459,12460,261,1.0,1.0,2024-08-12,Monday
12460,12461,241,19.0,6.0,2024-08-11,Sunday
12461,12462,224,2.0,2.0,2024-08-03,Saturday
12462,12463,7,24.0,4.0,2024-08-05,Monday
12463,12464,76,21.0,3.0,2024-08-26,Monday
12464,12465,159,17.0,5.0,2024-08-17,Saturday
12465,12466,116,11.0,1.0,2024-08-22,Thursday
12466,12467,224,17.0,10.0,2024-08-12,Monday
12467,12468,264,14.0,7.0,2024-08-20,Tuesday
12468,12469,21,6.0,8.0,2024-08-12,Monday
12469,12470,45,1.0,8.0,2024-08-09,Friday
12471,12472,171,14.0,6.0,2024-08-20,Tuesday
12472,12473,141,13.0,8.0,2024-08-18,Sunday
12473,12474,175,6.0,3.0,2024-08-13,Tuesday
12474,12475,286,2.0,8.0,2024-08-28,Wednesday
12475,12476,210,9.0,6.0,2024-08-05,Monday
12476,12477,299,12.0,7.0,2024-08-12,Monday
12477,12478,297,10.0,8.0,2024-08-19,Monday
12478,12479,228,16.0,7.0,2024-08-22,Thursday
12479,12480,38,10.0,1.0,2024-08-02,Friday
12480,12481,220,16.0,4.0,2024-08-15,Thursday
12481,12482,146,9.0,6.0,2024-08-06,Tuesday
12482,12483,290,20.0,8.0,2024-08-03,Saturday
12483,12484,85,24.0,6.0,2024-08-14,Wednesday
12484,12485,127,3.0,9.0,2024-08-23,Friday
12485,12486,90,12.0,7.0,2024-08-24,Saturday
12486,12487,105,8.0,10.0,2024-08-21,Wednesday
12487,12488,12,14.0,2.0,2024-08-09,Friday
12488,12489,246,10.0,4.0,2024-08-01,Thursday
12489,12490,31,17.0,10.0,2024-08-19,Monday
12490,12491,142,6.0,5.0,2024-08-18,Sunday
12491,12492,166,25.0,5.0,2024-08-02,Friday
12492,12493,57,10.0,2.0,2024-08-04,Sunday
12493,12494,205,24.0,5.0,2024-08-28,Wednesday
12494,12495,39,15.0,7.0,2024-08-06,Tuesday
12495,12496,133,21.0,1.0,2024-08-22,Thursday
12496,12497,54,15.0,3.0,2024-08-23,Friday
12497,12498,283,20.0,2.0,2024-08-08,Thursday
12498,12499,42,20.0,3.0,2024-08-01,Thursday
12499,12500,80,19.0,9.0,2024-08-23,Friday
12500,12501,63,15.0,3.0,2024-08-23,Friday
12501,12502,293,7.0,5.0,2024-08-03,Saturday
12502,12503,218,2.0,3.0,2024-08-28,Wednesday
12503,12504,77,1.0,10.0,2024-08-15,Thursday
12504,12505,195,9.0,9.0,2024-08-28,Wednesday
12506,12507,275,1.0,1.0,2024-08-08,Thursday
12507,12508,8,6.0,6.0,2024-08-02,Friday
12508,12509,42,19.0,4.0,2024-08-02,Friday
12509,12510,157,25.0,1.0,2024-08-13,Tuesday
12510,12511,168,19.0,6.0,2024-08-07,Wednesday
12511,12512,291,12.0,5.0,2024-08-21,Wednesday
12512,12513,48,11.0,9.0,2024-08-19,Monday
12513,12514,126,11.0,8.0,2024-08-14,Wednesday
12514,12515,281,25.0,2.0,2024-08-22,Thursday
12515,12516,134,6.0,9.0,2024-08-14,Wednesday
12516,12517,61,24.0,5.0,2024-08-02,Friday
12517,12518,97,4.0,1.0,2024-08-13,Tuesday
12518,12519,220,8.0,10.0,2024-08-25,Sunday
12519,12520,127,9.0,2.0,2024-08-05,Monday
12520,12521,256,21.0,10.0,2024-08-23,Friday
12521,12522,51,9.0,8.0,2024-08-17,Saturday
12522,12523,278,4.0,6.0,2024-08-05,Monday
12523,12524,219,20.0,5.0,2024-08-12,Monday
12524,12525,45,8.0,2.0,2024-08-25,Sunday
12525,12526,293,11.0,6.0,2024-08-06,Tuesday
12526,12527,60,25.0,4.0,2024-08-04,Sunday
12527,12528,99,5.0,8.0,2024-08-05,Monday
12528,12529,127,1.0,8.0,2024-08-24,Saturday
12529,12530,141,23.0,4.0,2024-08-26,Monday
12530,12531,292,1.0,3.0,2024-08-14,Wednesday
12531,12532,182,2.0,3.0,2024-08-24,Saturday
12532,12533,64,20.0,5.0,2024-08-05,Monday
12533,12534,132,17.0,9.0,2024-08-04,Sunday
12534,12535,207,8.0,2.0,2024-08-17,Saturday
12535,12536,198,5.0,2.0,2024-08-05,Monday
12536,12537,268,4.0,6.0,2024-08-07,Wednesday
12537,12538,97,22.0,2.0,2024-08-28,Wednesday
12538,12539,294,13.0,9.0,2024-08-05,Monday
12539,12540,227,6.0,7.0,2024-08-16,Friday
12540,12541,227,11.0,3.0,2024-08-03,Saturday
12541,12542,66,20.0,1.0,2024-08-25,Sunday
12542,12543,226,24.0,4.0,2024-08-11,Sunday
12543,12544,132,8.0,6.0,2024-08-20,Tuesday
12544,12545,248,15.0,10.0,2024-08-28,Wednesday
12545,12546,287,8.0,3.0,2024-08-13,Tuesday
12546,12547,246,25.0,10.0,2024-08-13,Tuesday
12547,12548,239,23.0,9.0,2024-08-08,Thursday
12548,12549,273,5.0,10.0,2024-08-26,Monday
12549,12550,26,24.0,5.0,2024-08-07,Wednesday
12550,12551,185,19.0,5.0,2024-08-12,Monday
12551,12552,157,22.0,1.0,2024-08-18,Sunday
12552,12553,133,15.0,10.0,2024-08-01,Thursday
12553,12554,99,16.0,1.0,2024-08-22,Thursday
12554,12555,257,15.0,6.0,2024-08-24,Saturday
12555,12556,263,2.0,10.0,2024-08-19,Monday
12556,12557,91,24.0,2.0,2024-08-17,Saturday
12557,12558,222,7.0,6.0,2024-08-17,Saturday
12558,12559,54,21.0,9.0,2024-08-14,Wednesday
12559,12560,115,20.0,9.0,2024-08-13,Tuesday
12560,12561,296,11.0,9.0,2024-08-06,Tuesday
12561,12562,226,21.0,9.0,2024-08-24,Saturday
12562,12563,127,2.0,1.0,2024-08-12,Monday
12563,12564,45,10.0,3.0,2024-08-27,Tuesday
12564,12565,125,14.0,3.0,2024-08-09,Friday
12565,12566,67,15.0,9.0,2024-08-12,Monday
12566,12567,66,13.0,3.0,2024-08-15,Thursday
12567,12568,104,14.0,1.0,2024-08-02,Friday
12568,12569,191,12.0,2.0,2024-08-20,Tuesday
12569,12570,161,3.0,8.0,2024-08-17,Saturday
12570,12571,234,9.0,10.0,2024-08-06,Tuesday
12571,12572,63,3.0,5.0,2024-08-16,Friday
12572,12573,52,23.0,10.0,2024-08-12,Monday
12573,12574,270,8.0,3.0,2024-08-01,Thursday
12574,12575,223,19.0,9.0,2024-08-07,Wednesday
12575,12576,203,11.0,5.0,2024-08-26,Monday
12576,12577,28,7.0,1.0,2024-08-20,Tuesday
12577,12578,284,16.0,1.0,2024-08-14,Wednesday
12578,12579,10,7.0,5.0,2024-08-06,Tuesday
12579,12580,46,5.0,3.0,2024-08-17,Saturday
12580,12581,288,17.0,8.0,2024-08-10,Saturday
12581,12582,21,24.0,8.0,2024-08-17,Saturday
12582,12583,149,12.0,4.0,2024-08-11,Sunday
12583,12584,163,23.0,7.0,2024-08-18,Sunday
12584,12585,23,11.0,3.0,2024-08-14,Wednesday
12586,12587,159,25.0,1.0,2024-08-24,Saturday
12587,12588,115,20.0,3.0,2024-08-27,Tuesday
12588,12589,120,4.0,4.0,2024-08-16,Friday
12589,12590,140,6.0,9.0,2024-08-26,Monday
12590,12591,225,21.0,8.0,2024-08-13,Tuesday
12591,12592,130,14.0,10.0,2024-08-13,Tuesday
12592,12593,223,8.0,7.0,2024-08-06,Tuesday
12593,12594,174,3.0,8.0,2024-08-19,Monday
12594,12595,255,13.0,2.0,2024-08-05,Monday
12595,12596,207,14.0,5.0,2024-08-11,Sunday
12596,12597,240,14.0,3.0,2024-08-23,Friday
12598,12599,54,24.0,8.0,2024-08-14,Wednesday
12599,12600,281,8.0,4.0,2024-08-22,Thursday
12600,12601,224,6.0,8.0,2024-08-04,Sunday
12601,12602,261,22.0,3.0,2024-08-24,Saturday
12602,12603,153,1.0,10.0,2024-08-17,Saturday
12603,12604,32,3.0,2.0,2024-08-06,Tuesday
12604,12605,44,5.0,9.0,2024-08-15,Thursday
12605,12606,143,17.0,2.0,2024-08-16,Friday
12606,12607,205,8.0,10.0,2024-08-07,Wednesday
12607,12608,179,24.0,3.0,2024-08-02,Friday
12608,12609,43,15.0,8.0,2024-08-17,Saturday
12609,12610,244,21.0,7.0,2024-08-04,Sunday
12610,12611,269,25.0,9.0,2024-08-23,Friday
12611,12612,79,15.0,9.0,2024-08-03,Saturday
12612,12613,183,8.0,8.0,2024-08-04,Sunday
12613,12614,46,8.0,8.0,2024-08-18,Sunday
12614,12615,255,4.0,5.0,2024-08-15,Thursday
12615,12616,300,11.0,10.0,2024-08-11,Sunday
12616,12617,13,14.0,7.0,2024-08-09,Friday
12617,12618,156,17.0,6.0,2024-08-23,Friday
12618,12619,218,1.0,10.0,2024-08-22,Thursday
12619,12620,101,19.0,3.0,2024-08-21,Wednesday
12620,12621,45,5.0,4.0,2024-08-23,Friday
12621,12622,78,17.0,9.0,2024-08-24,Saturday
12622,12623,64,8.0,6.0,2024-08-16,Friday
12623,12624,297,23.0,6.0,2024-08-27,Tuesday
12624,12625,226,17.0,9.0,2024-08-09,Friday
12625,12626,54,20.0,9.0,2024-08-13,Tuesday
12626,12627,271,7.0,7.0,2024-08-07,Wednesday
12627,12628,27,8.0,5.0,2024-08-15,Thursday
12629,12630,25,7.0,9.0,2024-08-07,Wednesday
12630,12631,16,8.0,6.0,2024-08-09,Friday
12632,12633,269,1.0,4.0,2024-08-03,Saturday
12633,12634,128,17.0,9.0,2024-08-06,Tuesday
12634,12635,194,21.0,7.0,2024-08-04,Sunday
12635,12636,92,13.0,7.0,2024-08-08,Thursday
12636,12637,107,24.0,6.0,2024-08-23,Friday
12637,12638,122,10.0,7.0,2024-08-28,Wednesday
12638,12639,51,18.0,6.0,2024-08-25,Sunday
12639,12640,290,11.0,10.0,2024-08-19,Monday
12640,12641,19,25.0,4.0,2024-08-12,Monday
12641,12642,80,17.0,10.0,2024-08-09,Friday
12642,12643,139,24.0,6.0,2024-08-13,Tuesday
12643,12644,262,1.0,5.0,2024-08-18,Sunday
12644,12645,6,5.0,10.0,2024-08-03,Saturday
12645,12646,131,2.0,8.0,2024-08-19,Monday
12646,12647,105,3.0,9.0,2024-08-28,Wednesday
12647,12648,185,22.0,8.0,2024-08-27,Tuesday
12648,12649,258,15.0,2.0,2024-08-21,Wednesday
12649,12650,148,8.0,3.0,2024-08-06,Tuesday
12650,12651,145,2.0,9.0,2024-08-26,Monday
12651,12652,242,14.0,4.0,2024-08-11,Sunday
12652,12653,128,14.0,7.0,2024-08-24,Saturday
12653,12654,42,7.0,4.0,2024-08-23,Friday
12654,12655,37,17.0,5.0,2024-08-06,Tuesday
12655,12656,76,20.0,4.0,2024-08-11,Sunday
12656,12657,139,16.0,8.0,2024-08-08,Thursday
12657,12658,29,17.0,3.0,2024-08-17,Saturday
12658,12659,142,14.0,10.0,2024-08-09,Friday
12659,12660,207,21.0,9.0,2024-08-07,Wednesday
12660,12661,265,3.0,2.0,2024-08-01,Thursday
12661,12662,41,11.0,7.0,2024-08-24,Saturday
12662,12663,117,9.0,3.0,2024-08-20,Tuesday
12663,12664,246,13.0,10.0,2024-08-08,Thursday
12664,12665,270,11.0,1.0,2024-08-01,Thursday
12665,12666,253,15.0,2.0,2024-08-26,Monday
12666,12667,290,24.0,2.0,2024-08-20,Tuesday
12667,12668,30,10.0,7.0,2024-08-05,Monday
12668,12669,249,10.0,7.0,2024-08-26,Monday
12669,12670,154,20.0,1.0,2024-08-11,Sunday
12670,12671,89,25.0,5.0,2024-08-07,Wednesday
12671,12672,123,9.0,4.0,2024-08-03,Saturday
12672,12673,55,14.0,1.0,2024-08-11,Sunday
12673,12674,160,25.0,1.0,2024-08-10,Saturday
12674,12675,208,19.0,8.0,2024-08-15,Thursday
12675,12676,65,4.0,1.0,2024-08-25,Sunday
12676,12677,251,6.0,6.0,2024-08-22,Thursday
12677,12678,237,16.0,2.0,2024-08-12,Monday
12678,12679,224,20.0,10.0,2024-08-01,Thursday
12679,12680,264,3.0,9.0,2024-08-27,Tuesday
12680,12681,248,13.0,4.0,2024-08-05,Monday
12681,12682,106,12.0,2.0,2024-08-24,Saturday
12682,12683,165,25.0,5.0,2024-08-10,Saturday
12683,12684,204,8.0,3.0,2024-08-18,Sunday
12684,12685,196,18.0,9.0,2024-08-06,Tuesday
12685,12686,263,14.0,6.0,2024-08-03,Saturday
12686,12687,25,17.0,1.0,2024-08-08,Thursday
12687,12688,244,9.0,3.0,2024-08-17,Saturday
12688,12689,282,18.0,2.0,2024-08-23,Friday
12689,12690,257,23.0,5.0,2024-08-24,Saturday
12690,12691,40,4.0,9.0,2024-08-28,Wednesday
12691,12692,220,4.0,1.0,2024-08-27,Tuesday
12693,12694,197,24.0,4.0,2024-08-11,Sunday
12694,12695,163,19.0,9.0,2024-08-04,Sunday
12695,12696,219,5.0,6.0,2024-08-02,Friday
12696,12697,27,6.0,7.0,2024-08-13,Tuesday
12697,12698,246,7.0,3.0,2024-08-27,Tuesday
12698,12699,2,23.0,5.0,2024-08-20,Tuesday
12699,12700,81,14.0,9.0,2024-08-15,Thursday
12700,12701,22,24.0,10.0,2024-08-06,Tuesday
12701,12702,97,4.0,5.0,2024-08-03,Saturday
12702,12703,178,12.0,6.0,2024-08-13,Tuesday
12703,12704,220,3.0,7.0,2024-08-17,Saturday
12704,12705,60,25.0,1.0,2024-08-14,Wednesday
12705,12706,281,6.0,4.0,2024-08-07,Wednesday
12706,12707,279,15.0,9.0,2024-08-09,Friday
12707,12708,31,10.0,5.0,2024-08-06,Tuesday
12708,12709,142,12.0,8.0,2024-08-05,Monday
12709,12710,62,10.0,9.0,2024-08-12,Monday
12710,12711,114,7.0,5.0,2024-08-25,Sunday
12711,12712,97,12.0,4.0,2024-08-10,Saturday
12712,12713,213,6.0,4.0,2024-08-17,Saturday
12713,12714,193,21.0,1.0,2024-08-27,Tuesday
12714,12715,196,14.0,10.0,2024-08-08,Thursday
12715,12716,184,23.0,2.0,2024-08-15,Thursday
12716,12717,118,9.0,10.0,2024-08-26,Monday
12717,12718,234,3.0,6.0,2024-08-07,Wednesday
12718,12719,27,14.0,3.0,2024-08-15,Thursday
12719,12720,45,3.0,4.0,2024-08-26,Monday
12720,12721,35,6.0,7.0,2024-08-02,Friday
12721,12722,125,4.0,5.0,2024-08-20,Tuesday
12722,12723,4,14.0,9.0,2024-08-05,Monday
12723,12724,91,22.0,2.0,2024-08-01,Thursday
12724,12725,219,4.0,3.0,2024-08-18,Sunday
12725,12726,169,13.0,4.0,2024-08-07,Wednesday
12726,12727,188,23.0,4.0,2024-08-22,Thursday
12727,12728,276,14.0,6.0,2024-08-14,Wednesday
12728,12729,13,24.0,7.0,2024-08-24,Saturday
12729,12730,50,19.0,8.0,2024-08-11,Sunday
12730,12731,8,10.0,8.0,2024-08-08,Thursday
12731,12732,223,12.0,3.0,2024-08-06,Tuesday
12732,12733,27,9.0,4.0,2024-08-01,Thursday
12733,12734,202,13.0,2.0,2024-08-28,Wednesday
12734,12735,163,13.0,8.0,2024-08-18,Sunday
12735,12736,74,9.0,8.0,2024-08-13,Tuesday
12736,12737,12,23.0,6.0,2024-08-22,Thursday
12737,12738,288,24.0,6.0,2024-08-09,Friday
12738,12739,8,6.0,5.0,2024-08-24,Saturday
12739,12740,158,6.0,6.0,2024-08-27,Tuesday
12740,12741,161,17.0,1.0,2024-08-05,Monday
12741,12742,111,19.0,9.0,2024-08-16,Friday
12742,12743,211,21.0,6.0,2024-08-06,Tuesday
12743,12744,189,12.0,3.0,2024-08-28,Wednesday
12744,12745,202,6.0,6.0,2024-08-21,Wednesday
12745,12746,29,8.0,2.0,2024-08-21,Wednesday
12746,12747,146,3.0,9.0,2024-08-24,Saturday
12747,12748,126,1.0,8.0,2024-08-13,Tuesday
12748,12749,234,8.0,4.0,2024-08-10,Saturday
12749,12750,231,7.0,4.0,2024-08-03,Saturday
12750,12751,76,9.0,2.0,2024-08-20,Tuesday
12751,12752,163,7.0,1.0,2024-08-26,Monday
12752,12753,195,12.0,9.0,2024-08-21,Wednesday
12753,12754,258,4.0,5.0,2024-08-20,Tuesday
12754,12755,178,11.0,8.0,2024-08-02,Friday
12755,12756,242,24.0,9.0,2024-08-28,Wednesday
12756,12757,293,12.0,10.0,2024-08-14,Wednesday
12757,12758,185,14.0,2.0,2024-08-25,Sunday
12758,12759,137,18.0,9.0,2024-08-11,Sunday
12759,12760,215,17.0,5.0,2024-08-17,Saturday
12760,12761,279,4.0,3.0,2024-08-19,Monday
12761,12762,125,21.0,10.0,2024-08-05,Monday
12762,12763,109,16.0,8.0,2024-08-26,Monday
12763,12764,267,12.0,1.0,2024-08-11,Sunday
12764,12765,228,11.0,2.0,2024-08-03,Saturday
12765,12766,66,16.0,8.0,2024-08-17,Saturday
12766,12767,222,3.0,10.0,2024-08-03,Saturday
12767,12768,74,25.0,9.0,2024-08-14,Wednesday
12768,12769,72,24.0,1.0,2024-08-19,Monday
12769,12770,100,6.0,2.0,2024-08-03,Saturday
12770,12771,241,23.0,10.0,2024-08-10,Saturday
12771,12772,227,6.0,3.0,2024-08-21,Wednesday
12772,12773,155,7.0,9.0,2024-08-05,Monday
12773,12774,292,5.0,4.0,2024-08-15,Thursday
12774,12775,54,10.0,7.0,2024-08-09,Friday
12775,12776,219,2.0,5.0,2024-08-12,Monday
12776,12777,19,4.0,5.0,2024-08-14,Wednesday
12777,12778,49,8.0,10.0,2024-08-05,Monday
12778,12779,256,3.0,4.0,2024-08-17,Saturday
12779,12780,291,13.0,10.0,2024-08-28,Wednesday
12781,12782,217,12.0,7.0,2024-08-28,Wednesday
12782,12783,26,23.0,8.0,2024-08-22,Thursday
12783,12784,186,12.0,4.0,2024-08-12,Monday
12784,12785,225,7.0,7.0,2024-08-26,Monday
12785,12786,241,2.0,2.0,2024-08-25,Sunday
12786,12787,182,2.0,9.0,2024-08-03,Saturday
12787,12788,55,24.0,7.0,2024-08-21,Wednesday
12789,12790,60,5.0,1.0,2024-08-27,Tuesday
12790,12791,113,7.0,7.0,2024-08-14,Wednesday
12791,12792,2,15.0,6.0,2024-08-11,Sunday
12792,12793,291,8.0,3.0,2024-08-11,Sunday
12793,12794,21,25.0,8.0,2024-08-01,Thursday
12794,12795,113,18.0,9.0,2024-08-21,Wednesday
12796,12797,41,19.0,4.0,2024-08-11,Sunday
12797,12798,58,3.0,6.0,2024-08-17,Saturday
12798,12799,239,23.0,8.0,2024-08-18,Sunday
12799,12800,60,20.0,6.0,2024-08-05,Monday
12800,12801,193,5.0,6.0,2024-08-23,Friday
12801,12802,214,13.0,7.0,2024-08-18,Sunday
12802,12803,235,5.0,5.0,2024-08-27,Tuesday
12803,12804,75,4.0,3.0,2024-08-28,Wednesday
12804,12805,99,4.0,5.0,2024-08-09,Friday
12805,12806,135,16.0,8.0,2024-08-13,Tuesday
12806,12807,83,21.0,10.0,2024-08-13,Tuesday
12807,12808,208,15.0,6.0,2024-08-17,Saturday
12808,12809,29,18.0,2.0,2024-08-18,Sunday
12809,12810,110,13.0,5.0,2024-08-04,Sunday
12810,12811,268,21.0,2.0,2024-08-14,Wednesday
12811,12812,25,16.0,10.0,2024-08-14,Wednesday
12812,12813,116,2.0,4.0,2024-08-12,Monday
12813,12814,91,3.0,4.0,2024-08-13,Tuesday
12814,12815,13,22.0,10.0,2024-08-01,Thursday
12815,12816,83,24.0,2.0,2024-08-24,Saturday
12816,12817,185,4.0,10.0,2024-08-07,Wednesday
12817,12818,42,7.0,4.0,2024-08-07,Wednesday
12818,12819,148,14.0,9.0,2024-08-11,Sunday
12819,12820,189,15.0,4.0,2024-08-28,Wednesday
12820,12821,297,21.0,1.0,2024-08-11,Sunday
12821,12822,206,11.0,1.0,2024-08-27,Tuesday
12822,12823,23,2.0,2.0,2024-08-03,Saturday
12823,12824,78,1.0,2.0,2024-08-28,Wednesday
12824,12825,264,8.0,2.0,2024-08-28,Wednesday
12825,12826,150,16.0,3.0,2024-08-26,Monday
12826,12827,223,23.0,5.0,2024-08-21,Wednesday
12827,12828,38,8.0,1.0,2024-08-05,Monday
12828,12829,4,6.0,9.0,2024-08-14,Wednesday
12829,12830,56,13.0,5.0,2024-08-04,Sunday
12830,12831,261,3.0,3.0,2024-08-16,Friday
12831,12832,44,22.0,1.0,2024-08-16,Friday
12832,12833,219,21.0,2.0,2024-08-02,Friday
12833,12834,148,24.0,3.0,2024-08-09,Friday
12834,12835,262,6.0,4.0,2024-08-18,Sunday
12835,12836,239,7.0,4.0,2024-08-07,Wednesday
12836,12837,159,16.0,5.0,2024-08-10,Saturday
12837,12838,99,1.0,6.0,2024-08-10,Saturday
12838,12839,81,10.0,3.0,2024-08-25,Sunday
12839,12840,202,3.0,1.0,2024-08-26,Monday
12840,12841,144,2.0,4.0,2024-08-19,Monday
12841,12842,180,22.0,8.0,2024-08-01,Thursday
12842,12843,204,15.0,6.0,2024-08-20,Tuesday
12844,12845,231,22.0,10.0,2024-08-23,Friday
12845,12846,192,23.0,9.0,2024-08-25,Sunday
12846,12847,253,22.0,8.0,2024-08-09,Friday
12847,12848,193,2.0,8.0,2024-08-24,Saturday
12848,12849,99,19.0,7.0,2024-08-12,Monday
12849,12850,103,2.0,5.0,2024-08-26,Monday
12850,12851,230,3.0,1.0,2024-08-09,Friday
12851,12852,293,13.0,5.0,2024-08-21,Wednesday
12852,12853,19,4.0,4.0,2024-08-02,Friday
12853,12854,60,4.0,1.0,2024-08-01,Thursday
12854,12855,276,7.0,8.0,2024-08-14,Wednesday
12855,12856,275,8.0,6.0,2024-08-02,Friday
12856,12857,298,21.0,6.0,2024-08-03,Saturday
12857,12858,163,17.0,8.0,2024-08-12,Monday
12858,12859,105,5.0,8.0,2024-08-01,Thursday
12859,12860,159,13.0,7.0,2024-08-05,Monday
12860,12861,39,3.0,6.0,2024-08-04,Sunday
12861,12862,37,14.0,3.0,2024-08-05,Monday
12862,12863,41,9.0,6.0,2024-08-10,Saturday
12863,12864,19,6.0,7.0,2024-08-17,Saturday
12864,12865,194,3.0,4.0,2024-08-16,Friday
12865,12866,100,15.0,10.0,2024-08-24,Saturday
12866,12867,151,9.0,10.0,2024-08-16,Friday
12867,12868,87,13.0,6.0,2024-08-04,Sunday
12868,12869,100,19.0,2.0,2024-08-21,Wednesday
12869,12870,257,17.0,4.0,2024-08-22,Thursday
12870,12871,84,14.0,4.0,2024-08-13,Tuesday
12871,12872,66,4.0,1.0,2024-08-08,Thursday
12872,12873,89,21.0,5.0,2024-08-11,Sunday
12873,12874,154,17.0,1.0,2024-08-02,Friday
12874,12875,113,2.0,6.0,2024-08-13,Tuesday
12875,12876,230,25.0,4.0,2024-08-06,Tuesday
12876,12877,144,9.0,3.0,2024-08-06,Tuesday
12878,12879,133,17.0,7.0,2024-08-26,Monday
12879,12880,184,7.0,7.0,2024-08-25,Sunday
12881,12882,40,8.0,7.0,2024-08-19,Monday
12882,12883,258,9.0,3.0,2024-08-02,Friday
12883,12884,180,9.0,2.0,2024-08-14,Wednesday
12884,12885,296,23.0,9.0,2024-08-02,Friday
12885,12886,51,24.0,10.0,2024-08-15,Thursday
12886,12887,187,2.0,4.0,2024-08-03,Saturday
12887,12888,234,21.0,1.0,2024-08-18,Sunday
12888,12889,120,17.0,6.0,2024-08-16,Friday
12889,12890,238,13.0,8.0,2024-08-23,Friday
12890,12891,102,9.0,5.0,2024-08-10,Saturday
12891,12892,27,16.0,7.0,2024-08-04,Sunday
12892,12893,194,4.0,10.0,2024-08-26,Monday
12893,12894,36,23.0,3.0,2024-08-23,Friday
12894,12895,222,15.0,4.0,2024-08-05,Monday
12895,12896,158,13.0,2.0,2024-08-04,Sunday
12896,12897,187,22.0,2.0,2024-08-02,Friday
12897,12898,189,8.0,5.0,2024-08-06,Tuesday
12898,12899,112,4.0,7.0,2024-08-12,Monday
12899,12900,97,16.0,5.0,2024-08-20,Tuesday
12900,12901,70,8.0,10.0,2024-08-01,Thursday
12901,12902,287,16.0,1.0,2024-08-17,Saturday
12902,12903,48,4.0,6.0,2024-08-15,Thursday
12903,12904,135,18.0,2.0,2024-08-20,Tuesday
12904,12905,264,3.0,1.0,2024-08-02,Friday
12905,12906,51,12.0,10.0,2024-08-02,Friday
12906,12907,268,3.0,5.0,2024-08-14,Wednesday
12907,12908,109,8.0,8.0,2024-08-19,Monday
12908,12909,118,8.0,4.0,2024-08-03,Saturday
12909,12910,92,21.0,6.0,2024-08-26,Monday
12910,12911,129,1.0,3.0,2024-08-21,Wednesday
12912,12913,116,21.0,10.0,2024-08-12,Monday
12913,12914,70,4.0,4.0,2024-08-21,Wednesday
12914,12915,287,2.0,8.0,2024-08-18,Sunday
12915,12916,202,12.0,10.0,2024-08-03,Saturday
12916,12917,92,7.0,5.0,2024-08-07,Wednesday
12917,12918,61,15.0,6.0,2024-08-03,Saturday
12918,12919,133,6.0,7.0,2024-08-21,Wednesday
12919,12920,53,19.0,5.0,2024-08-17,Saturday
12920,12921,183,17.0,5.0,2024-08-27,Tuesday
12921,12922,176,10.0,2.0,2024-08-23,Friday
12922,12923,148,7.0,1.0,2024-08-25,Sunday
12923,12924,9,15.0,4.0,2024-08-06,Tuesday
12924,12925,78,19.0,6.0,2024-08-20,Tuesday
12926,12927,86,12.0,7.0,2024-08-13,Tuesday
12927,12928,166,3.0,7.0,2024-08-14,Wednesday
12928,12929,40,16.0,3.0,2024-08-06,Tuesday
12929,12930,143,6.0,2.0,2024-08-13,Tuesday
12931,12932,97,25.0,10.0,2024-08-22,Thursday
12932,12933,69,13.0,1.0,2024-08-11,Sunday
12933,12934,259,23.0,4.0,2024-08-04,Sunday
12934,12935,169,18.0,5.0,2024-08-16,Friday
12935,12936,121,10.0,2.0,2024-08-16,Friday
12936,12937,71,19.0,2.0,2024-08-27,Tuesday
12937,12938,258,18.0,8.0,2024-08-09,Friday
12938,12939,19,18.0,1.0,2024-08-26,Monday
12939,12940,292,20.0,1.0,2024-08-17,Saturday
12940,12941,222,11.0,7.0,2024-08-07,Wednesday
12941,12942,190,19.0,9.0,2024-08-23,Friday
12942,12943,237,11.0,3.0,2024-08-14,Wednesday
12944,12945,142,6.0,7.0,2024-08-26,Monday
12945,12946,60,7.0,5.0,2024-08-11,Sunday
12947,12948,145,12.0,4.0,2024-08-13,Tuesday
12948,12949,79,6.0,5.0,2024-08-13,Tuesday
12949,12950,157,21.0,3.0,2024-08-26,Monday
12950,12951,161,3.0,3.0,2024-08-26,Monday
12951,12952,226,20.0,1.0,2024-08-06,Tuesday
12952,12953,237,19.0,4.0,2024-08-24,Saturday
12953,12954,143,3.0,9.0,2024-08-25,Sunday
12954,12955,287,24.0,5.0,2024-08-03,Saturday
12955,12956,184,17.0,9.0,2024-08-23,Friday
12956,12957,102,3.0,3.0,2024-08-07,Wednesday
12957,12958,41,15.0,7.0,2024-08-01,Thursday
12958,12959,42,20.0,3.0,2024-08-06,Tuesday
12959,12960,154,12.0,10.0,2024-08-23,Friday
12960,12961,76,25.0,10.0,2024-08-02,Friday
12962,12963,163,4.0,5.0,2024-08-21,Wednesday
12963,12964,68,15.0,8.0,2024-08-03,Saturday
12964,12965,66,15.0,4.0,2024-08-14,Wednesday
12965,12966,205,16.0,9.0,2024-08-12,Monday
12966,12967,1,20.0,8.0,2024-08-03,Saturday
12967,12968,278,25.0,1.0,2024-08-26,Monday
12968,12969,243,10.0,2.0,2024-08-17,Saturday
12969,12970,99,10.0,3.0,2024-08-23,Friday
12970,12971,236,21.0,1.0,2024-08-13,Tuesday
12971,12972,53,8.0,4.0,2024-08-15,Thursday
12972,12973,213,24.0,3.0,2024-08-19,Monday
12973,12974,29,1.0,7.0,2024-08-07,Wednesday
12974,12975,87,9.0,3.0,2024-08-10,Saturday
12975,12976,21,16.0,6.0,2024-08-15,Thursday
12976,12977,261,17.0,8.0,2024-08-13,Tuesday
12977,12978,102,9.0,8.0,2024-08-05,Monday
12978,12979,25,9.0,5.0,2024-08-11,Sunday
12979,12980,124,13.0,8.0,2024-08-02,Friday
12980,12981,184,13.0,2.0,2024-08-01,Thursday
12981,12982,293,3.0,9.0,2024-08-22,Thursday
12982,12983,115,25.0,7.0,2024-08-01,Thursday
12983,12984,133,21.0,7.0,2024-08-25,Sunday
12984,12985,286,1.0,8.0,2024-08-27,Tuesday
12985,12986,139,17.0,3.0,2024-08-25,Sunday
12986,12987,285,5.0,2.0,2024-08-04,Sunday
12987,12988,57,17.0,5.0,2024-08-04,Sunday
12988,12989,247,2.0,9.0,2024-08-16,Friday
12989,12990,150,7.0,4.0,2024-08-25,Sunday
12990,12991,297,24.0,5.0,2024-08-12,Monday
12991,12992,190,5.0,8.0,2024-08-18,Sunday
12992,12993,32,23.0,6.0,2024-08-09,Friday
12993,12994,122,18.0,3.0,2024-08-11,Sunday
12994,12995,188,10.0,6.0,2024-08-10,Saturday
12995,12996,162,18.0,8.0,2024-08-01,Thursday
12996,12997,27,13.0,1.0,2024-08-22,Thursday
12997,12998,92,9.0,5.0,2024-08-20,Tuesday
12998,12999,69,1.0,6.0,2024-08-10,Saturday
12999,13000,152,2.0,9.0,2024-08-10,Saturday
13000,13001,102,9.0,8.0,2024-08-28,Wednesday
13001,13002,249,19.0,8.0,2024-08-28,Wednesday
13002,13003,266,7.0,2.0,2024-08-04,Sunday
13003,13004,139,16.0,3.0,2024-08-25,Sunday
13004,13005,185,9.0,10.0,2024-08-08,Thursday
13005,13006,72,5.0,10.0,2024-08-02,Friday
13006,13007,246,21.0,10.0,2024-08-23,Friday
13007,13008,135,19.0,1.0,2024-08-26,Monday
13008,13009,260,24.0,7.0,2024-08-07,Wednesday
13009,13010,158,8.0,5.0,2024-08-27,Tuesday
13010,13011,226,3.0,8.0,2024-08-14,Wednesday
13011,13012,248,7.0,6.0,2024-08-25,Sunday
13012,13013,116,7.0,5.0,2024-08-13,Tuesday
13013,13014,148,12.0,10.0,2024-08-01,Thursday
13014,13015,232,23.0,7.0,2024-08-05,Monday
13015,13016,158,19.0,10.0,2024-08-03,Saturday
13016,13017,293,6.0,7.0,2024-08-21,Wednesday
13017,13018,277,13.0,8.0,2024-08-07,Wednesday
13018,13019,130,14.0,6.0,2024-08-17,Saturday
13019,13020,227,14.0,9.0,2024-08-08,Thursday
13020,13021,282,14.0,4.0,2024-08-03,Saturday
13021,13022,286,6.0,10.0,2024-08-17,Saturday
13022,13023,141,4.0,7.0,2024-08-14,Wednesday
13023,13024,259,14.0,4.0,2024-08-24,Saturday
13024,13025,298,8.0,2.0,2024-08-10,Saturday
13025,13026,51,9.0,2.0,2024-08-06,Tuesday
13026,13027,281,8.0,1.0,2024-08-28,Wednesday
13027,13028,269,17.0,6.0,2024-08-08,Thursday
13028,13029,153,19.0,7.0,2024-08-21,Wednesday
13029,13030,81,3.0,7.0,2024-08-14,Wednesday
13030,13031,128,9.0,3.0,2024-08-05,Monday
13031,13032,93,6.0,10.0,2024-08-08,Thursday
13032,13033,237,25.0,2.0,2024-08-05,Monday
13033,13034,252,17.0,2.0,2024-08-04,Sunday
13034,13035,19,12.0,5.0,2024-08-05,Monday
13035,13036,35,9.0,1.0,2024-08-18,Sunday
13036,13037,30,12.0,7.0,2024-08-10,Saturday
13037,13038,157,12.0,6.0,2024-08-05,Monday
13038,13039,29,13.0,8.0,2024-08-18,Sunday
13040,13041,1,19.0,6.0,2024-08-12,Monday
13041,13042,227,13.0,5.0,2024-08-19,Monday
13043,13044,54,4.0,1.0,2024-08-14,Wednesday
13044,13045,110,12.0,9.0,2024-08-13,Tuesday
13045,13046,224,3.0,10.0,2024-08-09,Friday
13046,13047,128,16.0,7.0,2024-08-09,Friday
13047,13048,205,3.0,3.0,2024-08-22,Thursday
13048,13049,207,2.0,6.0,2024-08-09,Friday
13049,13050,91,3.0,5.0,2024-08-11,Sunday
13050,13051,251,23.0,10.0,2024-08-12,Monday
13051,13052,124,15.0,8.0,2024-08-25,Sunday
13052,13053,93,21.0,5.0,2024-08-28,Wednesday
13054,13055,55,15.0,4.0,2024-08-10,Saturday
13055,13056,59,10.0,1.0,2024-08-03,Saturday
13056,13057,257,8.0,5.0,2024-08-22,Thursday
13057,13058,163,15.0,8.0,2024-08-21,Wednesday
13058,13059,164,10.0,2.0,2024-08-26,Monday
13059,13060,42,24.0,2.0,2024-08-23,Friday
13060,13061,226,23.0,4.0,2024-08-12,Monday
13061,13062,269,2.0,1.0,2024-08-17,Saturday
13062,13063,209,17.0,5.0,2024-08-14,Wednesday
13063,13064,163,7.0,10.0,2024-08-20,Tuesday
13064,13065,185,18.0,5.0,2024-08-08,Thursday
13065,13066,177,14.0,6.0,2024-08-14,Wednesday
13067,13068,201,15.0,7.0,2024-08-04,Sunday
13068,13069,159,24.0,7.0,2024-08-23,Friday
13069,13070,162,23.0,2.0,2024-08-06,Tuesday
13070,13071,234,24.0,5.0,2024-08-13,Tuesday
13071,13072,275,19.0,8.0,2024-08-04,Sunday
13072,13073,291,12.0,7.0,2024-08-16,Friday
13073,13074,106,23.0,7.0,2024-08-19,Monday
13074,13075,62,25.0,10.0,2024-08-28,Wednesday
13075,13076,14,23.0,9.0,2024-08-06,Tuesday
13076,13077,43,7.0,4.0,2024-08-16,Friday
13077,13078,26,19.0,5.0,2024-08-18,Sunday
13078,13079,37,12.0,8.0,2024-08-08,Thursday
13079,13080,22,14.0,3.0,2024-08-25,Sunday
13080,13081,163,4.0,2.0,2024-08-24,Saturday
13081,13082,46,8.0,8.0,2024-08-05,Monday
13082,13083,80,14.0,5.0,2024-08-15,Thursday
13083,13084,13,21.0,7.0,2024-08-11,Sunday
13084,13085,248,20.0,3.0,2024-08-01,Thursday
13085,13086,39,4.0,4.0,2024-08-17,Saturday
13086,13087,82,15.0,1.0,2024-08-24,Saturday
13087,13088,101,25.0,5.0,2024-08-04,Sunday
13088,13089,19,23.0,9.0,2024-08-12,Monday
13089,13090,108,23.0,5.0,2024-08-05,Monday
13090,13091,191,16.0,7.0,2024-08-11,Sunday
13091,13092,21,24.0,8.0,2024-08-10,Saturday
13092,13093,144,15.0,2.0,2024-08-23,Friday
13093,13094,130,4.0,8.0,2024-08-06,Tuesday
13094,13095,147,10.0,1.0,2024-08-25,Sunday
13096,13097,288,24.0,2.0,2024-08-03,Saturday
13097,13098,175,23.0,7.0,2024-08-25,Sunday
13098,13099,272,19.0,3.0,2024-08-20,Tuesday
13099,13100,225,16.0,8.0,2024-08-08,Thursday
13100,13101,193,4.0,3.0,2024-08-08,Thursday
13101,13102,57,19.0,7.0,2024-08-02,Friday
13102,13103,249,25.0,5.0,2024-08-20,Tuesday
13103,13104,125,4.0,2.0,2024-08-26,Monday
13105,13106,288,8.0,9.0,2024-08-15,Thursday
13106,13107,272,16.0,10.0,2024-08-03,Saturday
13107,13108,95,15.0,9.0,2024-08-21,Wednesday
13108,13109,17,14.0,3.0,2024-08-05,Monday
13109,13110,257,22.0,10.0,2024-08-27,Tuesday
13110,13111,206,22.0,3.0,2024-08-21,Wednesday
13111,13112,255,5.0,5.0,2024-08-02,Friday
13112,13113,109,1.0,3.0,2024-08-03,Saturday
13113,13114,119,19.0,4.0,2024-08-07,Wednesday
13114,13115,6,7.0,6.0,2024-08-04,Sunday
13115,13116,255,11.0,2.0,2024-08-01,Thursday
13116,13117,171,21.0,4.0,2024-08-22,Thursday
13117,13118,211,16.0,8.0,2024-08-08,Thursday
13118,13119,188,12.0,7.0,2024-08-05,Monday
13119,13120,43,13.0,5.0,2024-08-26,Monday
13120,13121,102,12.0,8.0,2024-08-02,Friday
13121,13122,221,24.0,10.0,2024-08-09,Friday
13122,13123,261,14.0,2.0,2024-08-09,Friday
13123,13124,48,10.0,7.0,2024-08-09,Friday
13124,13125,187,7.0,2.0,2024-08-01,Thursday
13125,13126,241,25.0,2.0,2024-08-17,Saturday
13126,13127,72,15.0,8.0,2024-08-17,Saturday
13127,13128,175,17.0,6.0,2024-08-05,Monday
13128,13129,137,10.0,10.0,2024-08-17,Saturday
13129,13130,110,9.0,7.0,2024-08-24,Saturday
13130,13131,224,20.0,1.0,2024-08-13,Tuesday
13131,13132,206,6.0,1.0,2024-08-01,Thursday
13132,13133,280,15.0,8.0,2024-08-06,Tuesday
13133,13134,36,13.0,2.0,2024-08-17,Saturday
13134,13135,110,20.0,10.0,2024-08-15,Thursday
13135,13136,197,11.0,8.0,2024-08-23,Friday
13136,13137,82,25.0,1.0,2024-08-08,Thursday
13138,13139,158,18.0,6.0,2024-08-17,Saturday
13139,13140,30,19.0,9.0,2024-08-14,Wednesday
13140,13141,232,3.0,10.0,2024-08-16,Friday
13141,13142,22,23.0,10.0,2024-08-26,Monday
13142,13143,55,3.0,2.0,2024-08-26,Monday
13143,13144,169,10.0,7.0,2024-08-02,Friday
13144,13145,106,24.0,3.0,2024-08-07,Wednesday
13145,13146,228,12.0,8.0,2024-08-12,Monday
13146,13147,57,10.0,10.0,2024-08-18,Sunday
13147,13148,82,3.0,6.0,2024-08-26,Monday
13148,13149,116,22.0,2.0,2024-08-01,Thursday
13149,13150,230,4.0,6.0,2024-08-05,Monday
13150,13151,218,14.0,8.0,2024-08-22,Thursday
13151,13152,134,22.0,7.0,2024-08-11,Sunday
13152,13153,224,2.0,6.0,2024-08-13,Tuesday
13154,13155,42,23.0,5.0,2024-08-06,Tuesday
13155,13156,263,6.0,3.0,2024-08-18,Sunday
13156,13157,61,20.0,6.0,2024-08-15,Thursday
13157,13158,121,3.0,6.0,2024-08-16,Friday
13158,13159,122,25.0,6.0,2024-08-07,Wednesday
13159,13160,72,8.0,6.0,2024-08-10,Saturday
13160,13161,258,2.0,10.0,2024-08-26,Monday
13161,13162,262,11.0,2.0,2024-08-08,Thursday
13162,13163,286,11.0,3.0,2024-08-26,Monday
13163,13164,11,21.0,10.0,2024-08-14,Wednesday
13164,13165,296,9.0,4.0,2024-08-19,Monday
13165,13166,77,5.0,4.0,2024-08-28,Wednesday
13166,13167,34,15.0,3.0,2024-08-17,Saturday
13167,13168,297,23.0,8.0,2024-08-20,Tuesday
13168,13169,110,22.0,7.0,2024-08-13,Tuesday
13169,13170,239,11.0,8.0,2024-08-02,Friday
13170,13171,220,5.0,3.0,2024-08-23,Friday
13171,13172,15,13.0,7.0,2024-08-11,Sunday
13172,13173,177,9.0,3.0,2024-08-21,Wednesday
13173,13174,298,18.0,1.0,2024-08-08,Thursday
13174,13175,281,22.0,2.0,2024-08-21,Wednesday
13175,13176,12,15.0,5.0,2024-08-20,Tuesday
13176,13177,180,4.0,3.0,2024-08-18,Sunday
13177,13178,275,3.0,6.0,2024-08-17,Saturday
13178,13179,241,16.0,6.0,2024-08-26,Monday
13179,13180,204,9.0,2.0,2024-08-09,Friday
13180,13181,7,17.0,7.0,2024-08-23,Friday
13181,13182,187,20.0,4.0,2024-08-26,Monday
13182,13183,273,15.0,5.0,2024-08-09,Friday
13183,13184,15,5.0,1.0,2024-08-08,Thursday
13184,13185,6,23.0,1.0,2024-08-19,Monday
13185,13186,264,19.0,2.0,2024-08-13,Tuesday
13186,13187,1,23.0,2.0,2024-08-21,Wednesday
13187,13188,97,15.0,10.0,2024-08-22,Thursday
13188,13189,257,9.0,8.0,2024-08-15,Thursday
13189,13190,13,10.0,3.0,2024-08-15,Thursday
13190,13191,299,23.0,6.0,2024-08-21,Wednesday
13191,13192,145,10.0,4.0,2024-08-06,Tuesday
13192,13193,134,1.0,2.0,2024-08-18,Sunday
13193,13194,96,5.0,4.0,2024-08-14,Wednesday
13194,13195,106,23.0,10.0,2024-08-28,Wednesday
13195,13196,263,20.0,8.0,2024-08-17,Saturday
13196,13197,149,17.0,8.0,2024-08-08,Thursday
13197,13198,81,25.0,7.0,2024-08-07,Wednesday
13198,13199,16,17.0,3.0,2024-08-13,Tuesday
13199,13200,283,19.0,3.0,2024-08-25,Sunday
13200,13201,16,3.0,5.0,2024-08-23,Friday
13201,13202,31,7.0,1.0,2024-08-02,Friday
13202,13203,136,13.0,5.0,2024-08-08,Thursday
13203,13204,176,18.0,1.0,2024-08-23,Friday
13204,13205,199,16.0,3.0,2024-08-17,Saturday
13205,13206,14,10.0,2.0,2024-08-15,Thursday
13206,13207,212,9.0,7.0,2024-08-27,Tuesday
13207,13208,147,24.0,1.0,2024-08-27,Tuesday
13208,13209,182,7.0,10.0,2024-08-21,Wednesday
13209,13210,226,3.0,8.0,2024-08-08,Thursday
13210,13211,71,8.0,3.0,2024-08-15,Thursday
13211,13212,94,11.0,1.0,2024-08-22,Thursday
13212,13213,187,5.0,9.0,2024-08-26,Monday
13213,13214,53,8.0,2.0,2024-08-07,Wednesday
13214,13215,135,19.0,7.0,2024-08-22,Thursday
13215,13216,44,23.0,4.0,2024-08-02,Friday
13216,13217,37,2.0,9.0,2024-08-13,Tuesday
13217,13218,80,18.0,5.0,2024-08-23,Friday
13218,13219,32,14.0,2.0,2024-08-05,Monday
13219,13220,133,6.0,7.0,2024-08-15,Thursday
13220,13221,35,15.0,4.0,2024-08-27,Tuesday
13221,13222,249,18.0,4.0,2024-08-04,Sunday
13222,13223,94,9.0,4.0,2024-08-26,Monday
13223,13224,206,17.0,1.0,2024-08-02,Friday
13224,13225,297,16.0,1.0,2024-08-01,Thursday
13225,13226,93,4.0,8.0,2024-08-10,Saturday
13226,13227,190,9.0,7.0,2024-08-24,Saturday
13227,13228,150,25.0,6.0,2024-08-04,Sunday
13228,13229,96,12.0,2.0,2024-08-18,Sunday
13229,13230,116,24.0,3.0,2024-08-03,Saturday
13230,13231,121,6.0,9.0,2024-08-09,Friday
13231,13232,35,21.0,6.0,2024-08-02,Friday
13232,13233,151,8.0,7.0,2024-08-03,Saturday
13233,13234,242,10.0,8.0,2024-08-16,Friday
13234,13235,53,12.0,3.0,2024-08-08,Thursday
13235,13236,45,18.0,6.0,2024-08-25,Sunday
13236,13237,51,25.0,8.0,2024-08-28,Wednesday
13237,13238,94,2.0,8.0,2024-08-16,Friday
13238,13239,78,5.0,1.0,2024-08-09,Friday
13239,13240,80,14.0,4.0,2024-08-13,Tuesday
13240,13241,266,21.0,6.0,2024-08-21,Wednesday
13241,13242,20,25.0,4.0,2024-08-18,Sunday
13242,13243,182,8.0,10.0,2024-08-02,Friday
13243,13244,107,15.0,8.0,2024-08-26,Monday
13244,13245,48,6.0,1.0,2024-08-28,Wednesday
13245,13246,58,16.0,1.0,2024-08-01,Thursday
13246,13247,121,4.0,10.0,2024-08-16,Friday
13247,13248,21,1.0,5.0,2024-08-08,Thursday
13248,13249,266,14.0,10.0,2024-08-07,Wednesday
13249,13250,248,1.0,5.0,2024-08-04,Sunday
13250,13251,97,2.0,4.0,2024-08-04,Sunday
13251,13252,261,16.0,9.0,2024-08-26,Monday
13252,13253,186,13.0,6.0,2024-08-19,Monday
13253,13254,37,6.0,4.0,2024-08-19,Monday
13254,13255,172,14.0,10.0,2024-08-13,Tuesday
13255,13256,145,21.0,10.0,2024-08-25,Sunday
13256,13257,85,8.0,8.0,2024-08-25,Sunday
13257,13258,255,20.0,5.0,2024-08-08,Thursday
13258,13259,8,9.0,9.0,2024-08-26,Monday
13259,13260,108,4.0,3.0,2024-08-13,Tuesday
13260,13261,73,1.0,5.0,2024-08-22,Thursday
13261,13262,155,10.0,4.0,2024-08-23,Friday
13262,13263,300,1.0,10.0,2024-08-19,Monday
13263,13264,289,21.0,1.0,2024-08-18,Sunday
13264,13265,236,1.0,1.0,2024-08-06,Tuesday
13265,13266,209,6.0,2.0,2024-08-03,Saturday
13266,13267,183,3.0,10.0,2024-08-23,Friday
13267,13268,196,24.0,9.0,2024-08-07,Wednesday
13268,13269,128,7.0,4.0,2024-08-22,Thursday
13269,13270,15,20.0,4.0,2024-08-05,Monday
13270,13271,84,2.0,2.0,2024-08-02,Friday
13271,13272,86,1.0,2.0,2024-08-02,Friday
13272,13273,157,10.0,7.0,2024-08-20,Tuesday
13273,13274,202,19.0,1.0,2024-08-06,Tuesday
13274,13275,127,17.0,2.0,2024-08-03,Saturday
13275,13276,172,14.0,7.0,2024-08-12,Monday
13276,13277,25,1.0,9.0,2024-08-01,Thursday
13277,13278,134,12.0,9.0,2024-08-17,Saturday
13278,13279,167,18.0,10.0,2024-08-05,Monday
13279,13280,282,9.0,10.0,2024-08-14,Wednesday
13280,13281,16,3.0,1.0,2024-08-24,Saturday
13281,13282,280,12.0,5.0,2024-08-12,Monday
13282,13283,184,13.0,2.0,2024-08-11,Sunday
13283,13284,55,25.0,8.0,2024-08-20,Tuesday
13284,13285,80,23.0,7.0,2024-08-16,Friday
13285,13286,116,17.0,9.0,2024-08-02,Friday
13286,13287,135,7.0,3.0,2024-08-17,Saturday
13287,13288,260,18.0,2.0,2024-08-01,Thursday
13288,13289,182,2.0,1.0,2024-08-20,Tuesday
13289,13290,214,12.0,9.0,2024-08-21,Wednesday
13290,13291,124,12.0,9.0,2024-08-17,Saturday
13291,13292,174,17.0,9.0,2024-08-02,Friday
13292,13293,291,3.0,4.0,2024-08-06,Tuesday
13293,13294,20,2.0,1.0,2024-08-24,Saturday
13294,13295,236,21.0,10.0,2024-08-18,Sunday
13295,13296,146,9.0,2.0,2024-08-11,Sunday
13296,13297,142,25.0,2.0,2024-08-27,Tuesday
13297,13298,280,22.0,6.0,2024-08-06,Tuesday
13298,13299,135,2.0,7.0,2024-08-15,Thursday
13299,13300,238,2.0,4.0,2024-08-13,Tuesday
13300,13301,213,15.0,2.0,2024-08-08,Thursday
13301,13302,19,7.0,1.0,2024-08-01,Thursday
13302,13303,244,2.0,3.0,2024-08-02,Friday
13303,13304,19,6.0,10.0,2024-08-03,Saturday
13304,13305,41,13.0,1.0,2024-08-23,Friday
13305,13306,288,21.0,10.0,2024-08-14,Wednesday
13306,13307,118,20.0,10.0,2024-08-18,Sunday
13307,13308,106,9.0,8.0,2024-08-07,Wednesday
13308,13309,181,23.0,10.0,2024-08-24,Saturday
13310,13311,111,15.0,2.0,2024-08-27,Tuesday
13311,13312,87,25.0,5.0,2024-08-05,Monday
13312,13313,118,11.0,10.0,2024-08-10,Saturday
13313,13314,148,25.0,10.0,2024-08-15,Thursday
13314,13315,35,24.0,4.0,2024-08-21,Wednesday
13315,13316,299,19.0,2.0,2024-08-22,Thursday
13316,13317,231,16.0,8.0,2024-08-04,Sunday
13317,13318,215,9.0,8.0,2024-08-14,Wednesday
13318,13319,221,18.0,1.0,2024-08-09,Friday
13319,13320,148,23.0,7.0,2024-08-10,Saturday
13320,13321,118,11.0,5.0,2024-08-02,Friday
13321,13322,221,8.0,8.0,2024-08-24,Saturday
13322,13323,290,3.0,5.0,2024-08-17,Saturday
13323,13324,207,25.0,8.0,2024-08-17,Saturday
13324,13325,132,22.0,4.0,2024-08-16,Friday
13325,13326,187,23.0,6.0,2024-08-18,Sunday
13326,13327,30,8.0,6.0,2024-08-28,Wednesday
13327,13328,257,18.0,4.0,2024-08-13,Tuesday
13328,13329,246,7.0,9.0,2024-09-15,Sunday
13329,13330,274,14.0,9.0,2024-09-04,Wednesday
13330,13331,234,4.0,4.0,2024-09-05,Thursday
13331,13332,95,23.0,7.0,2024-09-06,Friday
13332,13333,255,5.0,4.0,2024-09-28,Saturday
13333,13334,4,15.0,6.0,2024-09-04,Wednesday
13334,13335,37,19.0,6.0,2024-09-10,Tuesday
13335,13336,212,4.0,10.0,2024-09-06,Friday
13336,13337,276,8.0,1.0,2024-09-28,Saturday
13337,13338,3,10.0,10.0,2024-09-21,Saturday
13338,13339,118,14.0,2.0,2024-09-05,Thursday
13339,13340,28,2.0,3.0,2024-09-19,Thursday
13340,13341,114,6.0,10.0,2024-09-22,Sunday
13341,13342,47,12.0,6.0,2024-09-16,Monday
13342,13343,275,21.0,7.0,2024-09-02,Monday
13343,13344,115,14.0,7.0,2024-09-24,Tuesday
13344,13345,9,16.0,7.0,2024-09-08,Sunday
13345,13346,235,12.0,2.0,2024-09-10,Tuesday
13346,13347,36,9.0,10.0,2024-09-19,Thursday
13347,13348,109,19.0,1.0,2024-09-09,Monday
13348,13349,284,4.0,8.0,2024-09-11,Wednesday
13349,13350,241,21.0,1.0,2024-09-17,Tuesday
13350,13351,93,7.0,4.0,2024-09-20,Friday
13351,13352,276,1.0,8.0,2024-09-20,Friday
13352,13353,17,2.0,7.0,2024-09-25,Wednesday
13353,13354,160,5.0,9.0,2024-09-14,Saturday
13354,13355,122,25.0,9.0,2024-09-17,Tuesday
13355,13356,164,5.0,8.0,2024-09-21,Saturday
13356,13357,265,21.0,7.0,2024-09-04,Wednesday
13357,13358,169,10.0,3.0,2024-09-12,Thursday
13358,13359,267,11.0,4.0,2024-09-16,Monday
13359,13360,246,12.0,9.0,2024-09-08,Sunday
13360,13361,176,18.0,4.0,2024-09-02,Monday
13361,13362,99,15.0,9.0,2024-09-19,Thursday
13362,13363,183,1.0,8.0,2024-09-15,Sunday
13363,13364,149,16.0,5.0,2024-09-16,Monday
13364,13365,269,19.0,6.0,2024-09-24,Tuesday
13365,13366,169,6.0,5.0,2024-09-06,Friday
13366,13367,52,6.0,4.0,2024-09-11,Wednesday
13367,13368,128,8.0,6.0,2024-09-17,Tuesday
13368,13369,107,21.0,9.0,2024-09-11,Wednesday
13369,13370,105,21.0,6.0,2024-09-07,Saturday
13370,13371,186,13.0,4.0,2024-09-13,Friday
13371,13372,45,24.0,10.0,2024-09-12,Thursday
13372,13373,155,24.0,3.0,2024-09-26,Thursday
13373,13374,92,7.0,7.0,2024-09-08,Sunday
13374,13375,160,5.0,1.0,2024-09-20,Friday
13375,13376,233,14.0,9.0,2024-09-22,Sunday
13376,13377,14,2.0,1.0,2024-09-21,Saturday
13377,13378,95,20.0,7.0,2024-09-25,Wednesday
13378,13379,158,11.0,7.0,2024-09-06,Friday
13379,13380,184,4.0,7.0,2024-09-28,Saturday
13380,13381,170,8.0,1.0,2024-09-18,Wednesday
13381,13382,14,10.0,8.0,2024-09-23,Monday
13382,13383,185,6.0,6.0,2024-09-18,Wednesday
13383,13384,184,8.0,1.0,2024-09-16,Monday
13384,13385,2,10.0,8.0,2024-09-16,Monday
13385,13386,29,3.0,9.0,2024-09-10,Tuesday
13386,13387,29,4.0,1.0,2024-09-02,Monday
13387,13388,169,11.0,10.0,2024-09-28,Saturday
13388,13389,243,5.0,3.0,2024-09-21,Saturday
13389,13390,114,14.0,8.0,2024-09-17,Tuesday
13390,13391,199,14.0,2.0,2024-09-17,Tuesday
13391,13392,273,6.0,5.0,2024-09-24,Tuesday
13392,13393,109,6.0,6.0,2024-09-10,Tuesday
13393,13394,215,19.0,4.0,2024-09-09,Monday
13394,13395,85,24.0,7.0,2024-09-15,Sunday
13395,13396,216,4.0,2.0,2024-09-09,Monday
13396,13397,25,10.0,9.0,2024-09-20,Friday
13397,13398,235,13.0,7.0,2024-09-09,Monday
13398,13399,272,19.0,1.0,2024-09-15,Sunday
13399,13400,1,3.0,4.0,2024-09-22,Sunday
13400,13401,236,4.0,7.0,2024-09-20,Friday
13401,13402,45,23.0,9.0,2024-09-25,Wednesday
13402,13403,242,10.0,9.0,2024-09-11,Wednesday
13403,13404,48,17.0,8.0,2024-09-01,Sunday
13404,13405,249,1.0,3.0,2024-09-18,Wednesday
13405,13406,64,8.0,1.0,2024-09-25,Wednesday
13406,13407,278,21.0,1.0,2024-09-04,Wednesday
13407,13408,51,6.0,4.0,2024-09-12,Thursday
13408,13409,127,16.0,8.0,2024-09-26,Thursday
13409,13410,241,10.0,7.0,2024-09-17,Tuesday
13410,13411,5,2.0,4.0,2024-09-13,Friday
13411,13412,244,22.0,8.0,2024-09-26,Thursday
13412,13413,283,2.0,5.0,2024-09-27,Friday
13413,13414,23,25.0,8.0,2024-09-20,Friday
13414,13415,181,11.0,4.0,2024-09-12,Thursday
13415,13416,116,10.0,9.0,2024-09-16,Monday
13416,13417,103,9.0,9.0,2024-09-07,Saturday
13417,13418,137,25.0,9.0,2024-09-26,Thursday
13418,13419,51,20.0,1.0,2024-09-16,Monday
13419,13420,43,21.0,5.0,2024-09-06,Friday
13420,13421,32,22.0,7.0,2024-09-08,Sunday
13422,13423,183,12.0,6.0,2024-09-11,Wednesday
13423,13424,249,22.0,4.0,2024-09-06,Friday
13424,13425,2,2.0,8.0,2024-09-22,Sunday
13425,13426,189,2.0,5.0,2024-09-26,Thursday
13426,13427,89,1.0,4.0,2024-09-19,Thursday
13427,13428,126,17.0,1.0,2024-09-19,Thursday
13428,13429,96,21.0,1.0,2024-09-06,Friday
13429,13430,207,9.0,1.0,2024-09-14,Saturday
13430,13431,78,15.0,10.0,2024-09-02,Monday
13431,13432,184,11.0,6.0,2024-09-25,Wednesday
13432,13433,128,22.0,1.0,2024-09-24,Tuesday
13433,13434,28,4.0,8.0,2024-09-06,Friday
13434,13435,299,20.0,1.0,2024-09-15,Sunday
13435,13436,1,20.0,1.0,2024-09-12,Thursday
13436,13437,290,10.0,7.0,2024-09-19,Thursday
13437,13438,294,13.0,3.0,2024-09-25,Wednesday
13438,13439,289,20.0,3.0,2024-09-19,Thursday
13439,13440,91,18.0,10.0,2024-09-24,Tuesday
13440,13441,126,10.0,1.0,2024-09-15,Sunday
13441,13442,235,7.0,7.0,2024-09-27,Friday
13442,13443,167,8.0,3.0,2024-09-13,Friday
13443,13444,253,13.0,2.0,2024-09-15,Sunday
13444,13445,290,23.0,7.0,2024-09-07,Saturday
13445,13446,264,15.0,5.0,2024-09-03,Tuesday
13446,13447,103,1.0,5.0,2024-09-23,Monday
13447,13448,48,5.0,2.0,2024-09-02,Monday
13448,13449,243,21.0,10.0,2024-09-27,Friday
13449,13450,212,21.0,5.0,2024-09-26,Thursday
13450,13451,141,23.0,9.0,2024-09-02,Monday
13451,13452,24,13.0,9.0,2024-09-22,Sunday
13452,13453,288,25.0,5.0,2024-09-19,Thursday
13453,13454,248,20.0,6.0,2024-09-27,Friday
13454,13455,241,3.0,2.0,2024-09-21,Saturday
13455,13456,74,1.0,9.0,2024-09-19,Thursday
13456,13457,101,11.0,6.0,2024-09-01,Sunday
13457,13458,45,6.0,9.0,2024-09-09,Monday
13458,13459,14,19.0,7.0,2024-09-25,Wednesday
13459,13460,234,25.0,10.0,2024-09-20,Friday
13460,13461,218,1.0,4.0,2024-09-18,Wednesday
13461,13462,14,12.0,3.0,2024-09-12,Thursday
13462,13463,152,4.0,10.0,2024-09-25,Wednesday
13463,13464,101,9.0,7.0,2024-09-26,Thursday
13464,13465,235,11.0,9.0,2024-09-07,Saturday
13466,13467,157,25.0,5.0,2024-09-23,Monday
13467,13468,57,22.0,2.0,2024-09-01,Sunday
13468,13469,106,21.0,8.0,2024-09-24,Tuesday
13469,13470,62,25.0,8.0,2024-09-25,Wednesday
13470,13471,68,21.0,10.0,2024-09-08,Sunday
13471,13472,40,6.0,3.0,2024-09-07,Saturday
13472,13473,34,16.0,6.0,2024-09-17,Tuesday
13473,13474,194,16.0,6.0,2024-09-08,Sunday
13474,13475,231,7.0,4.0,2024-09-09,Monday
13475,13476,143,1.0,2.0,2024-09-20,Friday
13476,13477,286,22.0,6.0,2024-09-21,Saturday
13477,13478,58,11.0,6.0,2024-09-03,Tuesday
13478,13479,293,6.0,1.0,2024-09-20,Friday
13479,13480,209,17.0,5.0,2024-09-11,Wednesday
13480,13481,150,22.0,7.0,2024-09-07,Saturday
13481,13482,94,5.0,8.0,2024-09-03,Tuesday
13482,13483,4,12.0,8.0,2024-09-02,Monday
13483,13484,102,10.0,3.0,2024-09-07,Saturday
13484,13485,279,11.0,2.0,2024-09-22,Sunday
13486,13487,276,13.0,10.0,2024-09-01,Sunday
13487,13488,232,17.0,2.0,2024-09-01,Sunday
13488,13489,190,8.0,1.0,2024-09-14,Saturday
13489,13490,98,20.0,8.0,2024-09-10,Tuesday
13490,13491,5,20.0,8.0,2024-09-05,Thursday
13491,13492,85,19.0,2.0,2024-09-21,Saturday
13492,13493,112,19.0,3.0,2024-09-10,Tuesday
13493,13494,110,3.0,1.0,2024-09-19,Thursday
13494,13495,46,12.0,10.0,2024-09-25,Wednesday
13495,13496,223,23.0,10.0,2024-09-11,Wednesday
13496,13497,103,21.0,9.0,2024-09-13,Friday
13497,13498,273,21.0,7.0,2024-09-20,Friday
13498,13499,276,6.0,9.0,2024-09-08,Sunday
13499,13500,204,4.0,4.0,2024-09-16,Monday
13500,13501,166,25.0,10.0,2024-09-18,Wednesday
13501,13502,86,20.0,9.0,2024-09-11,Wednesday
13502,13503,209,19.0,4.0,2024-09-07,Saturday
13503,13504,52,11.0,10.0,2024-09-06,Friday
13504,13505,246,3.0,7.0,2024-09-13,Friday
13505,13506,183,16.0,9.0,2024-09-15,Sunday
13506,13507,192,17.0,1.0,2024-09-27,Friday
13507,13508,71,22.0,2.0,2024-09-25,Wednesday
13508,13509,239,2.0,3.0,2024-09-19,Thursday
13509,13510,60,12.0,8.0,2024-09-22,Sunday
13510,13511,50,23.0,4.0,2024-09-28,Saturday
13511,13512,291,10.0,4.0,2024-09-14,Saturday
13512,13513,130,23.0,1.0,2024-09-23,Monday
13513,13514,276,13.0,2.0,2024-09-25,Wednesday
13514,13515,61,10.0,10.0,2024-09-26,Thursday
13515,13516,106,14.0,8.0,2024-09-18,Wednesday
13516,13517,200,14.0,3.0,2024-09-23,Monday
13517,13518,25,21.0,8.0,2024-09-26,Thursday
13518,13519,222,20.0,1.0,2024-09-15,Sunday
13519,13520,190,9.0,5.0,2024-09-25,Wednesday
13520,13521,110,25.0,9.0,2024-09-16,Monday
13521,13522,74,16.0,9.0,2024-09-13,Friday
13522,13523,187,24.0,10.0,2024-09-06,Friday
13523,13524,29,8.0,3.0,2024-09-01,Sunday
13524,13525,56,5.0,2.0,2024-09-24,Tuesday
13525,13526,165,10.0,3.0,2024-09-19,Thursday
13526,13527,167,11.0,8.0,2024-09-20,Friday
13527,13528,150,25.0,4.0,2024-09-14,Saturday
13528,13529,226,17.0,6.0,2024-09-08,Sunday
13529,13530,51,7.0,5.0,2024-09-20,Friday
13530,13531,98,8.0,10.0,2024-09-11,Wednesday
13531,13532,61,10.0,6.0,2024-09-19,Thursday
13532,13533,285,21.0,7.0,2024-09-10,Tuesday
13533,13534,95,13.0,2.0,2024-09-20,Friday
13534,13535,2,17.0,4.0,2024-09-05,Thursday
13535,13536,165,18.0,8.0,2024-09-14,Saturday
13536,13537,95,15.0,5.0,2024-09-11,Wednesday
13537,13538,175,1.0,3.0,2024-09-07,Saturday
13538,13539,174,11.0,8.0,2024-09-22,Sunday
13539,13540,232,14.0,6.0,2024-09-18,Wednesday
13540,13541,133,7.0,3.0,2024-09-21,Saturday
13541,13542,35,10.0,4.0,2024-09-08,Sunday
13542,13543,291,16.0,5.0,2024-09-27,Friday
13543,13544,64,15.0,5.0,2024-09-11,Wednesday
13544,13545,279,1.0,8.0,2024-09-20,Friday
13545,13546,93,3.0,8.0,2024-09-04,Wednesday
13546,13547,280,14.0,5.0,2024-09-23,Monday
13547,13548,167,17.0,9.0,2024-09-20,Friday
13548,13549,254,12.0,9.0,2024-09-26,Thursday
13549,13550,15,19.0,10.0,2024-09-24,Tuesday
13550,13551,108,13.0,10.0,2024-09-12,Thursday
13551,13552,169,25.0,3.0,2024-09-04,Wednesday
13552,13553,165,10.0,1.0,2024-09-12,Thursday
13553,13554,288,8.0,5.0,2024-09-06,Friday
13554,13555,180,6.0,9.0,2024-09-14,Saturday
13555,13556,25,8.0,8.0,2024-09-06,Friday
13556,13557,40,9.0,8.0,2024-09-13,Friday
13557,13558,26,3.0,6.0,2024-09-21,Saturday
13558,13559,151,15.0,10.0,2024-09-01,Sunday
13559,13560,144,5.0,7.0,2024-09-07,Saturday
13560,13561,93,13.0,2.0,2024-09-15,Sunday
13561,13562,6,13.0,10.0,2024-09-04,Wednesday
13562,13563,53,18.0,4.0,2024-09-25,Wednesday
13563,13564,59,6.0,8.0,2024-09-24,Tuesday
13564,13565,49,25.0,6.0,2024-09-23,Monday
13565,13566,221,7.0,8.0,2024-09-16,Monday
13566,13567,90,4.0,1.0,2024-09-11,Wednesday
13567,13568,272,24.0,3.0,2024-09-14,Saturday
13568,13569,285,2.0,5.0,2024-09-01,Sunday
13569,13570,189,8.0,7.0,2024-09-03,Tuesday
13570,13571,140,16.0,4.0,2024-09-21,Saturday
13571,13572,35,17.0,1.0,2024-09-23,Monday
13572,13573,277,8.0,1.0,2024-09-23,Monday
13573,13574,86,15.0,5.0,2024-09-10,Tuesday
13574,13575,270,11.0,7.0,2024-09-06,Friday
13575,13576,201,24.0,5.0,2024-09-16,Monday
13576,13577,205,4.0,9.0,2024-09-08,Sunday
13577,13578,66,12.0,1.0,2024-09-09,Monday
13578,13579,43,17.0,6.0,2024-09-21,Saturday
13580,13581,82,24.0,10.0,2024-09-03,Tuesday
13581,13582,241,13.0,6.0,2024-09-22,Sunday
13582,13583,84,15.0,3.0,2024-09-25,Wednesday
13583,13584,258,23.0,1.0,2024-09-05,Thursday
13584,13585,233,9.0,1.0,2024-09-09,Monday
13585,13586,21,15.0,4.0,2024-09-12,Thursday
13586,13587,68,22.0,3.0,2024-09-27,Friday
13587,13588,37,20.0,9.0,2024-09-21,Saturday
13588,13589,247,21.0,1.0,2024-09-16,Monday
13589,13590,94,3.0,6.0,2024-09-04,Wednesday
13590,13591,131,24.0,8.0,2024-09-09,Monday
13591,13592,35,23.0,1.0,2024-09-01,Sunday
13592,13593,7,23.0,7.0,2024-09-07,Saturday
13593,13594,125,22.0,5.0,2024-09-28,Saturday
13594,13595,11,23.0,3.0,2024-09-15,Sunday
13595,13596,241,24.0,3.0,2024-09-06,Friday
13596,13597,278,4.0,4.0,2024-09-15,Sunday
13597,13598,279,4.0,9.0,2024-09-28,Saturday
13598,13599,52,2.0,9.0,2024-09-27,Friday
13599,13600,23,20.0,4.0,2024-09-26,Thursday
13600,13601,140,18.0,3.0,2024-09-22,Sunday
13601,13602,147,13.0,4.0,2024-09-26,Thursday
13602,13603,81,12.0,5.0,2024-09-22,Sunday
13603,13604,119,2.0,8.0,2024-09-03,Tuesday
13604,13605,222,19.0,7.0,2024-09-13,Friday
13605,13606,183,13.0,2.0,2024-09-22,Sunday
13606,13607,32,11.0,4.0,2024-09-24,Tuesday
13607,13608,113,24.0,1.0,2024-09-20,Friday
13608,13609,106,19.0,7.0,2024-09-16,Monday
13609,13610,135,5.0,9.0,2024-09-21,Saturday
13610,13611,158,13.0,3.0,2024-09-21,Saturday
13611,13612,252,5.0,3.0,2024-09-24,Tuesday
13612,13613,147,17.0,9.0,2024-09-22,Sunday
13613,13614,116,21.0,8.0,2024-09-01,Sunday
13614,13615,170,8.0,10.0,2024-09-25,Wednesday
13615,13616,89,23.0,8.0,2024-09-28,Saturday
13616,13617,214,2.0,8.0,2024-09-28,Saturday
13617,13618,118,10.0,7.0,2024-09-20,Friday
13618,13619,173,12.0,4.0,2024-09-04,Wednesday
13619,13620,251,11.0,1.0,2024-09-24,Tuesday
13620,13621,41,9.0,9.0,2024-09-22,Sunday
13621,13622,141,7.0,5.0,2024-09-24,Tuesday
13622,13623,130,10.0,4.0,2024-09-25,Wednesday
13623,13624,210,16.0,6.0,2024-09-14,Saturday
13624,13625,94,23.0,7.0,2024-09-25,Wednesday
13625,13626,100,7.0,9.0,2024-09-20,Friday
13626,13627,6,10.0,2.0,2024-09-08,Sunday
13627,13628,50,23.0,7.0,2024-09-08,Sunday
13628,13629,77,18.0,4.0,2024-09-24,Tuesday
13629,13630,26,21.0,7.0,2024-09-19,Thursday
13630,13631,139,22.0,10.0,2024-09-22,Sunday
13631,13632,22,2.0,1.0,2024-09-05,Thursday
13632,13633,53,5.0,10.0,2024-09-15,Sunday
13633,13634,238,24.0,1.0,2024-09-04,Wednesday
13634,13635,38,7.0,3.0,2024-09-27,Friday
13635,13636,113,9.0,7.0,2024-09-12,Thursday
13636,13637,92,10.0,4.0,2024-09-04,Wednesday
13637,13638,227,22.0,5.0,2024-09-26,Thursday
13638,13639,25,10.0,6.0,2024-09-23,Monday
13639,13640,246,18.0,5.0,2024-09-08,Sunday
13640,13641,60,2.0,10.0,2024-09-19,Thursday
13641,13642,273,15.0,10.0,2024-09-09,Monday
13642,13643,107,10.0,2.0,2024-09-04,Wednesday
13643,13644,42,6.0,7.0,2024-09-04,Wednesday
13644,13645,38,2.0,1.0,2024-09-03,Tuesday
13645,13646,54,18.0,1.0,2024-09-26,Thursday
13646,13647,251,4.0,8.0,2024-09-07,Saturday
13647,13648,73,8.0,1.0,2024-09-22,Sunday
13648,13649,5,6.0,5.0,2024-09-14,Saturday
13649,13650,255,7.0,5.0,2024-09-08,Sunday
13650,13651,45,13.0,9.0,2024-09-25,Wednesday
13651,13652,128,7.0,3.0,2024-09-09,Monday
13652,13653,114,20.0,5.0,2024-09-27,Friday
13653,13654,118,7.0,7.0,2024-09-09,Monday
13654,13655,64,13.0,3.0,2024-09-06,Friday
13655,13656,199,18.0,10.0,2024-09-01,Sunday
13656,13657,93,9.0,3.0,2024-09-02,Monday
13657,13658,103,24.0,10.0,2024-09-08,Sunday
13658,13659,115,21.0,3.0,2024-09-06,Friday
13659,13660,110,8.0,2.0,2024-09-10,Tuesday
13660,13661,38,19.0,10.0,2024-09-02,Monday
13661,13662,241,24.0,5.0,2024-09-02,Monday
13662,13663,154,3.0,7.0,2024-09-15,Sunday
13663,13664,177,19.0,4.0,2024-09-05,Thursday
13664,13665,75,4.0,9.0,2024-09-19,Thursday
13666,13667,9,15.0,4.0,2024-09-21,Saturday
13667,13668,278,4.0,3.0,2024-09-26,Thursday
13668,13669,26,4.0,7.0,2024-09-17,Tuesday
13669,13670,74,22.0,8.0,2024-09-03,Tuesday
13670,13671,211,6.0,9.0,2024-09-10,Tuesday
13671,13672,68,3.0,10.0,2024-09-05,Thursday
13672,13673,78,4.0,8.0,2024-09-19,Thursday
13673,13674,51,5.0,7.0,2024-09-07,Saturday
13674,13675,283,10.0,1.0,2024-09-28,Saturday
13675,13676,15,19.0,3.0,2024-09-02,Monday
13676,13677,77,7.0,8.0,2024-09-28,Saturday
13677,13678,265,6.0,7.0,2024-09-27,Friday
13678,13679,147,3.0,2.0,2024-09-24,Tuesday
13679,13680,269,24.0,10.0,2024-09-19,Thursday
13680,13681,179,23.0,2.0,2024-09-27,Friday
13681,13682,21,23.0,10.0,2024-09-16,Monday
13682,13683,201,14.0,4.0,2024-09-12,Thursday
13683,13684,17,1.0,5.0,2024-09-04,Wednesday
13684,13685,55,13.0,5.0,2024-09-07,Saturday
13685,13686,282,25.0,5.0,2024-09-24,Tuesday
13686,13687,141,23.0,6.0,2024-09-26,Thursday
13687,13688,65,11.0,7.0,2024-09-18,Wednesday
13688,13689,129,16.0,5.0,2024-09-28,Saturday
13689,13690,262,5.0,5.0,2024-09-27,Friday
13690,13691,258,18.0,2.0,2024-09-12,Thursday
13691,13692,41,18.0,2.0,2024-09-04,Wednesday
13692,13693,169,14.0,8.0,2024-09-12,Thursday
13693,13694,292,25.0,2.0,2024-09-04,Wednesday
13694,13695,111,10.0,3.0,2024-09-17,Tuesday
13695,13696,210,4.0,10.0,2024-09-21,Saturday
13696,13697,269,15.0,3.0,2024-09-05,Thursday
13697,13698,218,15.0,10.0,2024-09-02,Monday
13698,13699,132,3.0,4.0,2024-09-19,Thursday
13699,13700,79,8.0,9.0,2024-09-07,Saturday
13700,13701,176,1.0,8.0,2024-09-24,Tuesday
13701,13702,225,10.0,7.0,2024-09-09,Monday
13702,13703,198,7.0,3.0,2024-09-01,Sunday
13703,13704,266,1.0,8.0,2024-09-22,Sunday
13704,13705,108,7.0,3.0,2024-09-20,Friday
13705,13706,62,10.0,9.0,2024-09-03,Tuesday
13706,13707,291,15.0,10.0,2024-09-09,Monday
13707,13708,253,8.0,6.0,2024-09-21,Saturday
13708,13709,220,8.0,4.0,2024-09-01,Sunday
13709,13710,85,19.0,9.0,2024-09-20,Friday
13710,13711,67,2.0,1.0,2024-09-18,Wednesday
13711,13712,47,17.0,8.0,2024-09-25,Wednesday
13712,13713,194,6.0,7.0,2024-09-04,Wednesday
13713,13714,273,1.0,9.0,2024-09-16,Monday
13714,13715,82,15.0,2.0,2024-09-25,Wednesday
13715,13716,172,8.0,9.0,2024-09-14,Saturday
13717,13718,127,2.0,8.0,2024-09-12,Thursday
13718,13719,287,15.0,3.0,2024-09-27,Friday
13719,13720,54,16.0,9.0,2024-09-24,Tuesday
13720,13721,105,3.0,3.0,2024-09-27,Friday
13721,13722,57,20.0,9.0,2024-09-10,Tuesday
13722,13723,77,14.0,3.0,2024-09-17,Tuesday
13723,13724,262,23.0,8.0,2024-09-13,Friday
13725,13726,77,3.0,6.0,2024-09-08,Sunday
13726,13727,183,5.0,8.0,2024-09-03,Tuesday
13727,13728,294,15.0,10.0,2024-09-25,Wednesday
13728,13729,138,3.0,3.0,2024-09-05,Thursday
13729,13730,262,25.0,8.0,2024-09-20,Friday
13730,13731,183,25.0,8.0,2024-09-14,Saturday
13731,13732,5,2.0,9.0,2024-09-06,Friday
13732,13733,201,6.0,7.0,2024-09-14,Saturday
13733,13734,109,22.0,9.0,2024-09-15,Sunday
13734,13735,83,7.0,5.0,2024-09-22,Sunday
13735,13736,220,14.0,1.0,2024-09-11,Wednesday
13736,13737,183,25.0,8.0,2024-09-01,Sunday
13737,13738,99,13.0,6.0,2024-09-27,Friday
13738,13739,297,17.0,9.0,2024-09-21,Saturday
13739,13740,299,6.0,1.0,2024-09-08,Sunday
13740,13741,234,20.0,2.0,2024-09-26,Thursday
13741,13742,249,20.0,9.0,2024-09-05,Thursday
13742,13743,206,5.0,9.0,2024-09-18,Wednesday
13743,13744,119,12.0,6.0,2024-09-03,Tuesday
13744,13745,64,20.0,3.0,2024-09-28,Saturday
13745,13746,134,13.0,7.0,2024-09-12,Thursday
13746,13747,127,5.0,9.0,2024-09-26,Thursday
13747,13748,262,23.0,9.0,2024-09-04,Wednesday
13748,13749,58,12.0,10.0,2024-09-28,Saturday
13749,13750,113,10.0,6.0,2024-09-12,Thursday
13750,13751,162,14.0,7.0,2024-09-25,Wednesday
13751,13752,96,12.0,7.0,2024-09-18,Wednesday
13752,13753,76,22.0,6.0,2024-09-03,Tuesday
13753,13754,165,15.0,9.0,2024-09-10,Tuesday
13754,13755,262,19.0,4.0,2024-09-13,Friday
13755,13756,211,10.0,5.0,2024-09-16,Monday
13756,13757,129,23.0,5.0,2024-09-17,Tuesday
13757,13758,138,19.0,9.0,2024-09-18,Wednesday
13758,13759,238,22.0,9.0,2024-09-14,Saturday
13759,13760,299,10.0,6.0,2024-09-09,Monday
13760,13761,63,2.0,7.0,2024-09-08,Sunday
13761,13762,207,13.0,8.0,2024-09-18,Wednesday
13762,13763,41,2.0,8.0,2024-09-26,Thursday
13763,13764,130,17.0,3.0,2024-09-10,Tuesday
13764,13765,95,6.0,6.0,2024-09-12,Thursday
13765,13766,2,23.0,6.0,2024-09-12,Thursday
13766,13767,91,16.0,1.0,2024-09-11,Wednesday
13767,13768,206,13.0,3.0,2024-09-17,Tuesday
13768,13769,172,17.0,10.0,2024-09-03,Tuesday
13769,13770,174,20.0,8.0,2024-09-28,Saturday
13770,13771,297,13.0,6.0,2024-09-20,Friday
13771,13772,28,15.0,8.0,2024-09-09,Monday
13772,13773,113,13.0,1.0,2024-09-03,Tuesday
13773,13774,17,5.0,6.0,2024-09-07,Saturday
13774,13775,106,17.0,7.0,2024-09-12,Thursday
13775,13776,21,25.0,8.0,2024-09-08,Sunday
13776,13777,169,4.0,2.0,2024-09-16,Monday
13777,13778,55,7.0,9.0,2024-09-19,Thursday
13778,13779,103,22.0,6.0,2024-09-12,Thursday
13779,13780,67,17.0,5.0,2024-09-23,Monday
13780,13781,222,8.0,6.0,2024-09-27,Friday
13781,13782,211,15.0,9.0,2024-09-03,Tuesday
13782,13783,225,7.0,5.0,2024-09-13,Friday
13783,13784,48,16.0,2.0,2024-09-18,Wednesday
13784,13785,258,22.0,6.0,2024-09-12,Thursday
13785,13786,73,17.0,2.0,2024-09-14,Saturday
13786,13787,85,22.0,4.0,2024-09-09,Monday
13787,13788,143,13.0,1.0,2024-09-18,Wednesday
13788,13789,55,11.0,8.0,2024-09-09,Monday
13789,13790,168,1.0,8.0,2024-09-13,Friday
13790,13791,102,19.0,7.0,2024-09-22,Sunday
13791,13792,127,25.0,2.0,2024-09-17,Tuesday
13792,13793,282,22.0,9.0,2024-09-18,Wednesday
13793,13794,29,24.0,1.0,2024-09-08,Sunday
13794,13795,151,3.0,3.0,2024-09-14,Saturday
13795,13796,208,5.0,7.0,2024-09-24,Tuesday
13796,13797,256,23.0,1.0,2024-09-16,Monday
13797,13798,35,4.0,7.0,2024-09-08,Sunday
13798,13799,230,1.0,1.0,2024-09-16,Monday
13800,13801,56,14.0,3.0,2024-09-16,Monday
13801,13802,3,5.0,10.0,2024-09-16,Monday
13802,13803,277,18.0,7.0,2024-09-01,Sunday
13803,13804,107,17.0,10.0,2024-09-26,Thursday
13804,13805,74,24.0,1.0,2024-09-23,Monday
13805,13806,60,21.0,5.0,2024-09-21,Saturday
13806,13807,48,24.0,9.0,2024-09-26,Thursday
13807,13808,215,24.0,8.0,2024-09-18,Wednesday
13808,13809,269,23.0,4.0,2024-09-07,Saturday
13809,13810,286,21.0,2.0,2024-09-08,Sunday
13810,13811,59,6.0,4.0,2024-09-22,Sunday
13811,13812,116,8.0,1.0,2024-09-20,Friday
13812,13813,72,20.0,2.0,2024-09-02,Monday
13813,13814,100,1.0,10.0,2024-09-17,Tuesday
13814,13815,126,13.0,5.0,2024-09-25,Wednesday
13815,13816,100,9.0,5.0,2024-09-18,Wednesday
13816,13817,56,23.0,9.0,2024-09-19,Thursday
13817,13818,297,23.0,9.0,2024-09-02,Monday
13818,13819,292,9.0,1.0,2024-09-05,Thursday
13819,13820,218,13.0,1.0,2024-09-19,Thursday
13820,13821,8,25.0,6.0,2024-09-03,Tuesday
13821,13822,215,23.0,6.0,2024-09-07,Saturday
13822,13823,245,11.0,1.0,2024-09-28,Saturday
13823,13824,138,4.0,7.0,2024-09-08,Sunday
13824,13825,231,25.0,8.0,2024-09-06,Friday
13825,13826,20,19.0,3.0,2024-09-10,Tuesday
13826,13827,105,16.0,3.0,2024-09-21,Saturday
13827,13828,48,11.0,6.0,2024-09-22,Sunday
13828,13829,217,21.0,2.0,2024-09-18,Wednesday
13829,13830,251,22.0,3.0,2024-09-01,Sunday
13830,13831,199,9.0,10.0,2024-09-04,Wednesday
13831,13832,215,19.0,2.0,2024-09-19,Thursday
13833,13834,232,7.0,4.0,2024-09-03,Tuesday
13834,13835,276,25.0,9.0,2024-09-14,Saturday
13835,13836,124,24.0,10.0,2024-09-17,Tuesday
13836,13837,266,7.0,8.0,2024-09-23,Monday
13837,13838,69,21.0,6.0,2024-09-06,Friday
13838,13839,38,13.0,2.0,2024-09-13,Friday
13839,13840,95,8.0,10.0,2024-09-23,Monday
13840,13841,273,9.0,9.0,2024-09-24,Tuesday
13841,13842,104,7.0,5.0,2024-09-18,Wednesday
13842,13843,75,13.0,6.0,2024-09-06,Friday
13843,13844,58,22.0,4.0,2024-09-03,Tuesday
13844,13845,1,8.0,4.0,2024-09-08,Sunday
13845,13846,40,7.0,5.0,2024-09-20,Friday
13846,13847,246,7.0,4.0,2024-09-08,Sunday
13847,13848,52,3.0,9.0,2024-09-05,Thursday
13848,13849,200,22.0,4.0,2024-09-27,Friday
13850,13851,55,3.0,5.0,2024-09-26,Thursday
13851,13852,195,15.0,10.0,2024-09-07,Saturday
13852,13853,127,14.0,2.0,2024-09-11,Wednesday
13853,13854,189,3.0,4.0,2024-09-15,Sunday
13854,13855,87,12.0,6.0,2024-09-21,Saturday
13855,13856,209,3.0,6.0,2024-09-08,Sunday
13856,13857,202,4.0,4.0,2024-09-06,Friday
13857,13858,255,21.0,2.0,2024-09-02,Monday
13858,13859,72,21.0,4.0,2024-09-09,Monday
13859,13860,10,2.0,7.0,2024-09-26,Thursday
13860,13861,115,17.0,7.0,2024-09-20,Friday
13861,13862,74,9.0,3.0,2024-09-23,Monday
13862,13863,190,25.0,7.0,2024-09-04,Wednesday
13863,13864,138,9.0,3.0,2024-09-21,Saturday
13865,13866,55,9.0,8.0,2024-09-16,Monday
13866,13867,143,9.0,3.0,2024-09-15,Sunday
13867,13868,129,17.0,2.0,2024-09-07,Saturday
13868,13869,56,17.0,1.0,2024-09-24,Tuesday
13869,13870,55,14.0,5.0,2024-09-13,Friday
13870,13871,113,8.0,10.0,2024-09-03,Tuesday
13871,13872,238,21.0,4.0,2024-09-06,Friday
13872,13873,44,23.0,8.0,2024-09-07,Saturday
13873,13874,42,6.0,5.0,2024-09-02,Monday
13874,13875,164,11.0,5.0,2024-09-10,Tuesday
13875,13876,252,12.0,5.0,2024-09-15,Sunday
13876,13877,259,22.0,4.0,2024-09-05,Thursday
13877,13878,10,1.0,10.0,2024-09-22,Sunday
13878,13879,29,8.0,4.0,2024-09-16,Monday
13879,13880,251,19.0,1.0,2024-09-08,Sunday
13880,13881,109,21.0,1.0,2024-09-03,Tuesday
13881,13882,273,20.0,2.0,2024-09-12,Thursday
13882,13883,104,1.0,9.0,2024-09-27,Friday
13883,13884,153,24.0,3.0,2024-09-19,Thursday
13884,13885,149,4.0,3.0,2024-09-06,Friday
13885,13886,290,22.0,6.0,2024-09-28,Saturday
13886,13887,279,13.0,6.0,2024-09-15,Sunday
13887,13888,232,4.0,7.0,2024-09-18,Wednesday
13888,13889,268,20.0,2.0,2024-09-17,Tuesday
13889,13890,189,12.0,2.0,2024-09-10,Tuesday
13890,13891,101,8.0,3.0,2024-09-03,Tuesday
13891,13892,40,21.0,8.0,2024-09-02,Monday
13892,13893,192,10.0,2.0,2024-09-08,Sunday
13893,13894,52,9.0,7.0,2024-09-07,Saturday
13894,13895,72,9.0,6.0,2024-09-17,Tuesday
13895,13896,29,24.0,8.0,2024-09-27,Friday
13896,13897,80,5.0,3.0,2024-09-02,Monday
13897,13898,237,13.0,8.0,2024-09-22,Sunday
13898,13899,226,19.0,3.0,2024-09-12,Thursday
13899,13900,183,18.0,7.0,2024-09-11,Wednesday
13900,13901,223,4.0,7.0,2024-09-15,Sunday
13901,13902,218,10.0,4.0,2024-09-01,Sunday
13902,13903,45,1.0,5.0,2024-09-21,Saturday
13903,13904,211,25.0,9.0,2024-09-22,Sunday
13904,13905,153,5.0,8.0,2024-09-14,Saturday
13905,13906,237,1.0,9.0,2024-09-09,Monday
13906,13907,140,25.0,6.0,2024-09-16,Monday
13907,13908,88,24.0,5.0,2024-09-06,Friday
13908,13909,224,13.0,8.0,2024-09-02,Monday
13909,13910,219,21.0,6.0,2024-09-17,Tuesday
13910,13911,251,24.0,8.0,2024-09-28,Saturday
13911,13912,113,10.0,2.0,2024-09-04,Wednesday
13912,13913,246,3.0,10.0,2024-09-18,Wednesday
13913,13914,129,10.0,4.0,2024-09-12,Thursday
13914,13915,194,17.0,4.0,2024-09-18,Wednesday
13915,13916,284,25.0,2.0,2024-09-10,Tuesday
13916,13917,68,1.0,3.0,2024-09-15,Sunday
13917,13918,169,14.0,6.0,2024-09-26,Thursday
13918,13919,214,13.0,4.0,2024-09-12,Thursday
13919,13920,145,3.0,8.0,2024-09-11,Wednesday
13920,13921,107,25.0,1.0,2024-09-24,Tuesday
13921,13922,74,10.0,4.0,2024-09-19,Thursday
13922,13923,239,7.0,9.0,2024-09-22,Sunday
13923,13924,255,17.0,7.0,2024-09-06,Friday
13925,13926,187,10.0,3.0,2024-09-27,Friday
13926,13927,54,13.0,5.0,2024-09-11,Wednesday
13927,13928,286,21.0,5.0,2024-09-10,Tuesday
13928,13929,246,22.0,10.0,2024-09-01,Sunday
13929,13930,168,13.0,4.0,2024-09-17,Tuesday
13930,13931,99,3.0,1.0,2024-09-08,Sunday
13931,13932,29,19.0,10.0,2024-09-14,Saturday
13932,13933,3,14.0,4.0,2024-09-23,Monday
13933,13934,123,13.0,4.0,2024-09-22,Sunday
13934,13935,212,9.0,3.0,2024-09-20,Friday
13935,13936,226,3.0,4.0,2024-09-22,Sunday
13936,13937,123,24.0,4.0,2024-09-13,Friday
13937,13938,2,18.0,5.0,2024-09-13,Friday
13938,13939,180,3.0,1.0,2024-09-08,Sunday
13939,13940,282,12.0,2.0,2024-09-01,Sunday
13940,13941,46,11.0,10.0,2024-09-21,Saturday
13941,13942,31,20.0,6.0,2024-09-12,Thursday
13942,13943,148,24.0,10.0,2024-09-13,Friday
13943,13944,111,16.0,3.0,2024-09-02,Monday
13944,13945,257,2.0,4.0,2024-09-21,Saturday
13945,13946,262,8.0,5.0,2024-09-07,Saturday
13946,13947,144,24.0,9.0,2024-09-04,Wednesday
13947,13948,287,25.0,5.0,2024-09-27,Friday
13948,13949,38,25.0,4.0,2024-09-06,Friday
13949,13950,65,22.0,9.0,2024-09-21,Saturday
13950,13951,283,21.0,5.0,2024-09-08,Sunday
13951,13952,47,25.0,4.0,2024-09-21,Saturday
13952,13953,36,1.0,8.0,2024-09-16,Monday
13953,13954,76,17.0,9.0,2024-09-22,Sunday
13954,13955,174,17.0,10.0,2024-09-20,Friday
13955,13956,249,23.0,3.0,2024-09-17,Tuesday
13956,13957,164,20.0,2.0,2024-09-26,Thursday
13957,13958,118,4.0,1.0,2024-09-14,Saturday
13958,13959,175,13.0,2.0,2024-09-18,Wednesday
13959,13960,87,16.0,4.0,2024-09-21,Saturday
13960,13961,289,16.0,5.0,2024-09-22,Sunday
13961,13962,256,16.0,1.0,2024-09-04,Wednesday
13962,13963,146,22.0,9.0,2024-09-22,Sunday
13963,13964,160,9.0,4.0,2024-09-02,Monday
13964,13965,255,9.0,9.0,2024-09-01,Sunday
13965,13966,252,13.0,1.0,2024-09-12,Thursday
13966,13967,199,8.0,9.0,2024-09-24,Tuesday
13967,13968,36,20.0,7.0,2024-09-18,Wednesday
13968,13969,9,18.0,2.0,2024-09-02,Monday
13969,13970,112,15.0,9.0,2024-09-25,Wednesday
13970,13971,105,23.0,6.0,2024-09-14,Saturday
13971,13972,278,25.0,10.0,2024-09-22,Sunday
13972,13973,17,19.0,1.0,2024-09-24,Tuesday
13973,13974,223,18.0,1.0,2024-09-20,Friday
13974,13975,141,5.0,7.0,2024-09-13,Friday
13975,13976,45,18.0,2.0,2024-09-22,Sunday
13976,13977,119,9.0,8.0,2024-09-03,Tuesday
13977,13978,215,7.0,9.0,2024-09-18,Wednesday
13978,13979,38,25.0,5.0,2024-09-19,Thursday
13979,13980,265,11.0,5.0,2024-09-25,Wednesday
13980,13981,137,15.0,4.0,2024-09-22,Sunday
13981,13982,134,9.0,1.0,2024-09-03,Tuesday
13982,13983,225,23.0,6.0,2024-09-11,Wednesday
13983,13984,244,20.0,5.0,2024-09-19,Thursday
13984,13985,190,19.0,5.0,2024-09-27,Friday
13985,13986,185,14.0,6.0,2024-09-03,Tuesday
13986,13987,58,16.0,2.0,2024-09-08,Sunday
13987,13988,11,2.0,8.0,2024-09-12,Thursday
13988,13989,279,16.0,1.0,2024-09-24,Tuesday
13989,13990,182,9.0,1.0,2024-09-05,Thursday
13990,13991,32,23.0,3.0,2024-09-18,Wednesday
13991,13992,286,19.0,3.0,2024-09-01,Sunday
13992,13993,217,11.0,4.0,2024-09-08,Sunday
13993,13994,274,22.0,10.0,2024-09-20,Friday
13994,13995,243,4.0,7.0,2024-09-13,Friday
13995,13996,77,10.0,3.0,2024-09-25,Wednesday
13996,13997,163,11.0,1.0,2024-09-06,Friday
13998,13999,212,18.0,5.0,2024-09-01,Sunday
13999,14000,238,12.0,4.0,2024-09-19,Thursday
14000,14001,207,10.0,4.0,2024-09-10,Tuesday
14001,14002,36,15.0,10.0,2024-09-25,Wednesday
14002,14003,152,2.0,9.0,2024-09-27,Friday
14003,14004,124,18.0,3.0,2024-09-25,Wednesday
14004,14005,41,6.0,10.0,2024-09-10,Tuesday
14005,14006,28,16.0,9.0,2024-09-25,Wednesday
14006,14007,69,24.0,10.0,2024-09-16,Monday
14008,14009,109,24.0,1.0,2024-09-17,Tuesday
14009,14010,121,17.0,2.0,2024-09-18,Wednesday
14010,14011,267,17.0,3.0,2024-09-09,Monday
14011,14012,54,8.0,7.0,2024-09-15,Sunday
14012,14013,186,23.0,5.0,2024-09-16,Monday
14013,14014,46,13.0,8.0,2024-09-28,Saturday
14014,14015,278,12.0,6.0,2024-09-13,Friday
14016,14017,201,21.0,2.0,2024-09-06,Friday
14017,14018,158,5.0,6.0,2024-09-23,Monday
14018,14019,101,19.0,8.0,2024-09-23,Monday
14019,14020,256,15.0,1.0,2024-09-03,Tuesday
14020,14021,116,10.0,6.0,2024-09-16,Monday
14021,14022,292,14.0,9.0,2024-09-19,Thursday
14022,14023,269,10.0,5.0,2024-09-13,Friday
14023,14024,239,5.0,9.0,2024-09-24,Tuesday
14024,14025,297,7.0,3.0,2024-09-25,Wednesday
14025,14026,259,4.0,4.0,2024-09-03,Tuesday
14026,14027,261,22.0,4.0,2024-09-05,Thursday
14027,14028,84,17.0,5.0,2024-09-14,Saturday
14028,14029,152,14.0,6.0,2024-09-19,Thursday
14029,14030,224,20.0,9.0,2024-09-18,Wednesday
14030,14031,225,4.0,4.0,2024-09-04,Wednesday
14031,14032,88,7.0,4.0,2024-09-24,Tuesday
14032,14033,57,12.0,4.0,2024-09-02,Monday
14033,14034,88,11.0,1.0,2024-09-08,Sunday
14034,14035,268,7.0,7.0,2024-09-28,Saturday
14035,14036,107,17.0,8.0,2024-09-26,Thursday
14036,14037,105,14.0,10.0,2024-09-25,Wednesday
14037,14038,160,15.0,3.0,2024-09-13,Friday
14038,14039,266,18.0,6.0,2024-09-12,Thursday
14039,14040,186,12.0,4.0,2024-09-23,Monday
14040,14041,109,15.0,6.0,2024-09-28,Saturday
14041,14042,272,21.0,8.0,2024-09-19,Thursday
14042,14043,240,9.0,4.0,2024-09-17,Tuesday
14043,14044,65,13.0,6.0,2024-09-07,Saturday
14044,14045,79,24.0,1.0,2024-09-02,Monday
14045,14046,70,23.0,2.0,2024-09-26,Thursday
14046,14047,288,6.0,2.0,2024-09-04,Wednesday
14047,14048,136,23.0,3.0,2024-09-25,Wednesday
14048,14049,297,17.0,7.0,2024-09-01,Sunday
14049,14050,70,17.0,3.0,2024-09-02,Monday
14050,14051,290,8.0,5.0,2024-09-16,Monday
14051,14052,208,21.0,8.0,2024-09-22,Sunday
14052,14053,249,10.0,5.0,2024-09-22,Sunday
14053,14054,5,13.0,1.0,2024-09-18,Wednesday
14054,14055,143,1.0,7.0,2024-09-09,Monday
14055,14056,274,3.0,4.0,2024-09-11,Wednesday
14056,14057,272,17.0,2.0,2024-09-25,Wednesday
14057,14058,151,12.0,3.0,2024-09-25,Wednesday
14058,14059,169,1.0,9.0,2024-09-26,Thursday
14059,14060,269,23.0,4.0,2024-09-07,Saturday
14060,14061,151,23.0,8.0,2024-09-20,Friday
14061,14062,78,7.0,4.0,2024-09-13,Friday
14062,14063,212,3.0,1.0,2024-09-27,Friday
14063,14064,152,17.0,4.0,2024-09-16,Monday
14064,14065,148,2.0,7.0,2024-09-09,Monday
14065,14066,181,11.0,2.0,2024-09-21,Saturday
14066,14067,169,16.0,6.0,2024-09-04,Wednesday
14067,14068,219,3.0,9.0,2024-09-22,Sunday
14068,14069,113,7.0,7.0,2024-09-07,Saturday
14069,14070,89,10.0,7.0,2024-09-25,Wednesday
14070,14071,1,2.0,8.0,2024-09-03,Tuesday
14071,14072,191,24.0,4.0,2024-09-25,Wednesday
14072,14073,270,24.0,9.0,2024-09-20,Friday
14073,14074,241,12.0,1.0,2024-09-16,Monday
14075,14076,94,10.0,4.0,2024-09-04,Wednesday
14076,14077,98,16.0,1.0,2024-09-08,Sunday
14077,14078,257,7.0,3.0,2024-09-05,Thursday
14078,14079,294,1.0,9.0,2024-09-15,Sunday
14079,14080,129,4.0,5.0,2024-09-14,Saturday
14080,14081,283,1.0,5.0,2024-09-13,Friday
14081,14082,121,17.0,2.0,2024-09-16,Monday
14082,14083,48,9.0,6.0,2024-09-21,Saturday
14083,14084,278,14.0,8.0,2024-09-16,Monday
14084,14085,65,23.0,6.0,2024-09-06,Friday
14085,14086,270,19.0,3.0,2024-09-21,Saturday
14086,14087,113,20.0,5.0,2024-09-11,Wednesday
14087,14088,296,4.0,9.0,2024-09-05,Thursday
14088,14089,288,1.0,8.0,2024-09-17,Tuesday
14089,14090,158,24.0,7.0,2024-09-26,Thursday
14090,14091,16,11.0,7.0,2024-09-20,Friday
14091,14092,106,22.0,1.0,2024-09-27,Friday
14092,14093,113,24.0,10.0,2024-09-20,Friday
14093,14094,80,25.0,6.0,2024-09-10,Tuesday
14094,14095,234,17.0,6.0,2024-09-20,Friday
14095,14096,246,4.0,1.0,2024-09-17,Tuesday
14096,14097,118,13.0,3.0,2024-09-11,Wednesday
14097,14098,73,10.0,4.0,2024-09-13,Friday
14098,14099,256,4.0,10.0,2024-09-04,Wednesday
14099,14100,213,23.0,8.0,2024-09-20,Friday
14100,14101,109,5.0,5.0,2024-09-14,Saturday
14101,14102,167,17.0,2.0,2024-09-19,Thursday
14102,14103,163,9.0,6.0,2024-09-26,Thursday
14103,14104,78,24.0,6.0,2024-09-10,Tuesday
14104,14105,71,9.0,8.0,2024-09-09,Monday
14105,14106,226,5.0,4.0,2024-09-10,Tuesday
14106,14107,47,12.0,2.0,2024-09-13,Friday
14107,14108,17,21.0,9.0,2024-09-14,Saturday
14108,14109,223,17.0,10.0,2024-09-11,Wednesday
14109,14110,161,20.0,4.0,2024-09-19,Thursday
14110,14111,13,15.0,9.0,2024-09-18,Wednesday
14111,14112,157,1.0,4.0,2024-09-27,Friday
14112,14113,112,10.0,7.0,2024-09-14,Saturday
14113,14114,18,18.0,4.0,2024-09-21,Saturday
14114,14115,208,16.0,2.0,2024-09-15,Sunday
14115,14116,214,4.0,10.0,2024-09-23,Monday
14116,14117,130,17.0,4.0,2024-09-05,Thursday
14117,14118,216,5.0,5.0,2024-09-22,Sunday
14118,14119,177,8.0,4.0,2024-09-22,Sunday
14119,14120,81,20.0,7.0,2024-09-10,Tuesday
14120,14121,116,20.0,4.0,2024-09-26,Thursday
14121,14122,179,17.0,6.0,2024-09-19,Thursday
14122,14123,114,21.0,4.0,2024-09-14,Saturday
14123,14124,91,9.0,1.0,2024-09-16,Monday
14124,14125,251,7.0,8.0,2024-09-01,Sunday
14125,14126,33,11.0,3.0,2024-09-27,Friday
14126,14127,124,17.0,1.0,2024-09-12,Thursday
14127,14128,242,16.0,6.0,2024-09-26,Thursday
14128,14129,209,22.0,8.0,2024-09-27,Friday
14129,14130,2,21.0,6.0,2024-09-08,Sunday
14130,14131,113,20.0,8.0,2024-09-04,Wednesday
14131,14132,230,15.0,7.0,2024-09-10,Tuesday
14132,14133,90,16.0,8.0,2024-09-06,Friday
14133,14134,105,18.0,8.0,2024-09-22,Sunday
14134,14135,91,12.0,5.0,2024-09-27,Friday
14135,14136,107,5.0,9.0,2024-09-21,Saturday
14136,14137,91,20.0,3.0,2024-09-13,Friday
14137,14138,147,4.0,8.0,2024-09-04,Wednesday
14138,14139,16,1.0,7.0,2024-09-06,Friday
14139,14140,12,17.0,5.0,2024-09-04,Wednesday
14140,14141,254,6.0,3.0,2024-09-05,Thursday
14141,14142,175,10.0,9.0,2024-09-09,Monday
14142,14143,278,3.0,6.0,2024-09-27,Friday
14143,14144,233,1.0,6.0,2024-09-10,Tuesday
14144,14145,187,19.0,9.0,2024-09-27,Friday
14145,14146,6,13.0,7.0,2024-09-27,Friday
14146,14147,265,5.0,2.0,2024-09-07,Saturday
14147,14148,224,13.0,10.0,2024-09-09,Monday
14148,14149,238,19.0,8.0,2024-09-28,Saturday
14149,14150,212,23.0,3.0,2024-09-14,Saturday
14150,14151,169,18.0,2.0,2024-09-11,Wednesday
14151,14152,132,10.0,3.0,2024-09-07,Saturday
14152,14153,49,1.0,2.0,2024-09-04,Wednesday
14153,14154,117,3.0,2.0,2024-09-26,Thursday
14154,14155,242,3.0,2.0,2024-09-22,Sunday
14156,14157,120,5.0,7.0,2024-09-05,Thursday
14157,14158,296,13.0,6.0,2024-09-28,Saturday
14158,14159,263,2.0,7.0,2024-09-24,Tuesday
14159,14160,217,14.0,2.0,2024-09-18,Wednesday
14160,14161,30,6.0,10.0,2024-09-25,Wednesday
14161,14162,270,5.0,5.0,2024-09-09,Monday
14162,14163,55,10.0,10.0,2024-09-25,Wednesday
14163,14164,118,11.0,4.0,2024-09-11,Wednesday
14164,14165,96,21.0,6.0,2024-09-10,Tuesday
14165,14166,249,21.0,2.0,2024-09-07,Saturday
14166,14167,194,4.0,9.0,2024-09-03,Tuesday
14167,14168,245,5.0,9.0,2024-09-19,Thursday
14168,14169,265,12.0,6.0,2024-09-01,Sunday
14169,14170,292,18.0,4.0,2024-09-15,Sunday
14170,14171,17,11.0,9.0,2024-09-12,Thursday
14171,14172,294,3.0,2.0,2024-09-20,Friday
14172,14173,108,17.0,3.0,2024-09-15,Sunday
14173,14174,178,12.0,5.0,2024-09-18,Wednesday
14174,14175,39,19.0,8.0,2024-09-03,Tuesday
14175,14176,14,23.0,10.0,2024-09-07,Saturday
14176,14177,196,3.0,10.0,2024-09-18,Wednesday
14177,14178,89,21.0,2.0,2024-09-20,Friday
14178,14179,114,13.0,8.0,2024-09-22,Sunday
14179,14180,60,14.0,8.0,2024-09-04,Wednesday
14180,14181,242,4.0,9.0,2024-09-05,Thursday
14181,14182,227,18.0,9.0,2024-09-18,Wednesday
14182,14183,193,3.0,10.0,2024-09-20,Friday
14183,14184,242,10.0,9.0,2024-09-18,Wednesday
14184,14185,197,8.0,7.0,2024-09-07,Saturday
14185,14186,104,4.0,2.0,2024-09-27,Friday
14186,14187,216,8.0,7.0,2024-09-16,Monday
14187,14188,137,9.0,1.0,2024-09-14,Saturday
14188,14189,198,4.0,4.0,2024-09-03,Tuesday
14189,14190,94,7.0,4.0,2024-09-23,Monday
14190,14191,1,4.0,1.0,2024-09-28,Saturday
14191,14192,281,1.0,4.0,2024-09-01,Sunday
14192,14193,218,5.0,3.0,2024-09-27,Friday
14193,14194,298,11.0,10.0,2024-09-04,Wednesday
14194,14195,231,25.0,7.0,2024-09-10,Tuesday
14195,14196,111,9.0,10.0,2024-09-18,Wednesday
14196,14197,114,5.0,4.0,2024-09-23,Monday
14197,14198,85,23.0,7.0,2024-09-06,Friday
14198,14199,144,13.0,2.0,2024-09-24,Tuesday
14199,14200,276,6.0,6.0,2024-09-13,Friday
14200,14201,242,10.0,6.0,2024-09-26,Thursday
14201,14202,2,8.0,4.0,2024-09-25,Wednesday
14202,14203,192,6.0,4.0,2024-09-20,Friday
14204,14205,43,16.0,8.0,2024-09-13,Friday
14205,14206,145,13.0,3.0,2024-09-11,Wednesday
14206,14207,58,12.0,10.0,2024-09-25,Wednesday
14207,14208,114,16.0,6.0,2024-09-24,Tuesday
14208,14209,107,25.0,2.0,2024-09-26,Thursday
14209,14210,56,16.0,10.0,2024-09-18,Wednesday
14210,14211,179,5.0,3.0,2024-09-03,Tuesday
14211,14212,274,22.0,5.0,2024-09-26,Thursday
14212,14213,17,16.0,5.0,2024-09-14,Saturday
14213,14214,64,17.0,7.0,2024-09-05,Thursday
14214,14215,111,15.0,10.0,2024-09-25,Wednesday
14215,14216,284,1.0,6.0,2024-09-28,Saturday
14216,14217,209,12.0,7.0,2024-09-18,Wednesday
14217,14218,149,15.0,3.0,2024-09-08,Sunday
14218,14219,230,14.0,10.0,2024-09-20,Friday
14219,14220,69,3.0,4.0,2024-09-11,Wednesday
14220,14221,3,19.0,2.0,2024-09-03,Tuesday
14221,14222,100,24.0,8.0,2024-09-01,Sunday
14222,14223,16,17.0,10.0,2024-09-11,Wednesday
14223,14224,49,20.0,7.0,2024-09-18,Wednesday
14224,14225,87,4.0,1.0,2024-09-11,Wednesday
14225,14226,117,16.0,10.0,2024-09-18,Wednesday
14226,14227,266,9.0,3.0,2024-09-06,Friday
14227,14228,260,5.0,6.0,2024-09-11,Wednesday
14228,14229,274,3.0,6.0,2024-09-21,Saturday
14229,14230,61,22.0,4.0,2024-09-15,Sunday
14230,14231,107,14.0,6.0,2024-09-11,Wednesday
14231,14232,20,12.0,1.0,2024-09-01,Sunday
14232,14233,82,18.0,9.0,2024-09-11,Wednesday
14233,14234,185,11.0,10.0,2024-09-05,Thursday
14234,14235,257,13.0,10.0,2024-09-24,Tuesday
14235,14236,87,12.0,5.0,2024-09-03,Tuesday
14236,14237,18,3.0,6.0,2024-09-25,Wednesday
14237,14238,61,7.0,2.0,2024-09-22,Sunday
14238,14239,260,5.0,2.0,2024-09-26,Thursday
14239,14240,280,3.0,1.0,2024-09-18,Wednesday
14240,14241,171,4.0,7.0,2024-09-04,Wednesday
14241,14242,281,10.0,7.0,2024-09-21,Saturday
14242,14243,159,24.0,6.0,2024-09-28,Saturday
14243,14244,42,7.0,6.0,2024-09-10,Tuesday
14244,14245,206,4.0,9.0,2024-09-10,Tuesday
14245,14246,103,12.0,10.0,2024-09-04,Wednesday
14246,14247,241,3.0,2.0,2024-09-28,Saturday
14247,14248,241,20.0,4.0,2024-09-24,Tuesday
14248,14249,249,21.0,4.0,2024-09-01,Sunday
14249,14250,115,13.0,5.0,2024-09-02,Monday
14250,14251,3,19.0,7.0,2024-09-05,Thursday
14251,14252,65,19.0,8.0,2024-09-23,Monday
14252,14253,39,16.0,8.0,2024-09-18,Wednesday
14254,14255,277,25.0,7.0,2024-09-09,Monday
14255,14256,43,14.0,10.0,2024-09-22,Sunday
14256,14257,69,20.0,1.0,2024-09-10,Tuesday
14257,14258,11,4.0,8.0,2024-09-07,Saturday
14258,14259,112,14.0,2.0,2024-09-04,Wednesday
14259,14260,147,21.0,9.0,2024-09-24,Tuesday
14260,14261,213,23.0,4.0,2024-09-15,Sunday
14261,14262,104,11.0,8.0,2024-09-12,Thursday
14262,14263,45,12.0,1.0,2024-09-20,Friday
14263,14264,98,25.0,4.0,2024-09-25,Wednesday
14264,14265,155,19.0,6.0,2024-09-16,Monday
14265,14266,145,12.0,2.0,2024-09-18,Wednesday
14266,14267,228,8.0,2.0,2024-09-18,Wednesday
14267,14268,52,10.0,8.0,2024-09-06,Friday
14268,14269,175,3.0,7.0,2024-09-03,Tuesday
14269,14270,99,2.0,7.0,2024-09-02,Monday
14270,14271,5,5.0,4.0,2024-09-21,Saturday
14271,14272,48,18.0,10.0,2024-09-22,Sunday
14272,14273,225,19.0,1.0,2024-09-01,Sunday
14273,14274,10,19.0,10.0,2024-09-06,Friday
14274,14275,175,13.0,5.0,2024-09-22,Sunday
14275,14276,121,17.0,6.0,2024-09-18,Wednesday
14276,14277,93,17.0,7.0,2024-09-26,Thursday
14277,14278,284,7.0,10.0,2024-09-13,Friday
14278,14279,13,17.0,5.0,2024-09-08,Sunday
14279,14280,195,25.0,5.0,2024-09-07,Saturday
14280,14281,160,7.0,6.0,2024-09-01,Sunday
14282,14283,278,20.0,6.0,2024-09-27,Friday
14283,14284,136,25.0,5.0,2024-09-11,Wednesday
14284,14285,190,12.0,10.0,2024-09-03,Tuesday
14285,14286,127,23.0,5.0,2024-09-18,Wednesday
14286,14287,13,1.0,8.0,2024-09-09,Monday
14287,14288,291,3.0,7.0,2024-09-17,Tuesday
14288,14289,153,9.0,1.0,2024-09-11,Wednesday
14289,14290,226,5.0,6.0,2024-09-08,Sunday
14290,14291,9,24.0,4.0,2024-09-06,Friday
14291,14292,149,25.0,6.0,2024-09-11,Wednesday
14292,14293,81,8.0,8.0,2024-09-15,Sunday
14293,14294,299,20.0,4.0,2024-09-23,Monday
14294,14295,107,11.0,10.0,2024-09-12,Thursday
14295,14296,178,3.0,1.0,2024-09-05,Thursday
14296,14297,285,15.0,10.0,2024-09-09,Monday
14297,14298,233,13.0,9.0,2024-09-06,Friday
14298,14299,144,16.0,2.0,2024-09-13,Friday
14299,14300,18,17.0,9.0,2024-09-04,Wednesday
14300,14301,84,12.0,8.0,2024-09-10,Tuesday
14301,14302,47,13.0,2.0,2024-09-06,Friday
14302,14303,41,17.0,4.0,2024-09-17,Tuesday
14303,14304,274,16.0,7.0,2024-09-15,Sunday
14304,14305,5,13.0,6.0,2024-09-28,Saturday
14305,14306,54,5.0,5.0,2024-09-06,Friday
14306,14307,72,3.0,1.0,2024-09-10,Tuesday
14307,14308,44,4.0,8.0,2024-09-11,Wednesday
14308,14309,104,1.0,10.0,2024-09-02,Monday
14309,14310,55,3.0,7.0,2024-09-04,Wednesday
14310,14311,232,25.0,9.0,2024-09-09,Monday
14311,14312,217,3.0,3.0,2024-09-03,Tuesday
14312,14313,46,23.0,4.0,2024-09-08,Sunday
14313,14314,116,4.0,3.0,2024-09-15,Sunday
14314,14315,22,14.0,4.0,2024-09-11,Wednesday
14315,14316,50,4.0,10.0,2024-09-04,Wednesday
14316,14317,227,5.0,1.0,2024-09-12,Thursday
14317,14318,152,19.0,8.0,2024-09-14,Saturday
14318,14319,221,4.0,4.0,2024-09-16,Monday
14319,14320,75,11.0,3.0,2024-09-04,Wednesday
14320,14321,17,23.0,5.0,2024-09-26,Thursday
14321,14322,150,25.0,1.0,2024-09-13,Friday
14322,14323,233,12.0,10.0,2024-09-20,Friday
14323,14324,223,20.0,7.0,2024-09-18,Wednesday
14324,14325,163,5.0,8.0,2024-09-22,Sunday
14325,14326,204,15.0,7.0,2024-09-14,Saturday
14326,14327,142,24.0,9.0,2024-09-11,Wednesday
14327,14328,62,19.0,2.0,2024-09-18,Wednesday
14328,14329,64,4.0,1.0,2024-09-27,Friday
14329,14330,241,17.0,4.0,2024-09-06,Friday
14330,14331,234,16.0,5.0,2024-09-01,Sunday
14331,14332,184,17.0,5.0,2024-09-19,Thursday
14332,14333,62,8.0,9.0,2024-09-21,Saturday
14333,14334,64,24.0,6.0,2024-09-20,Friday
14334,14335,68,22.0,3.0,2024-09-19,Thursday
14335,14336,83,24.0,7.0,2024-09-03,Tuesday
14336,14337,13,10.0,6.0,2024-09-23,Monday
14337,14338,16,7.0,4.0,2024-09-01,Sunday
14338,14339,132,11.0,7.0,2024-09-18,Wednesday
14339,14340,181,10.0,7.0,2024-09-22,Sunday
14340,14341,126,15.0,3.0,2024-09-07,Saturday
14341,14342,299,18.0,5.0,2024-09-02,Monday
14342,14343,148,15.0,10.0,2024-09-28,Saturday
14343,14344,162,18.0,8.0,2024-09-15,Sunday
14344,14345,60,6.0,1.0,2024-09-03,Tuesday
14345,14346,62,9.0,10.0,2024-09-23,Monday
14346,14347,256,11.0,8.0,2024-09-06,Friday
14347,14348,280,9.0,5.0,2024-09-23,Monday
14348,14349,238,9.0,7.0,2024-09-27,Friday
14349,14350,186,9.0,9.0,2024-09-20,Friday
14350,14351,220,16.0,4.0,2024-09-25,Wednesday
14351,14352,288,9.0,8.0,2024-09-17,Tuesday
14352,14353,194,6.0,2.0,2024-09-02,Monday
14353,14354,50,3.0,9.0,2024-09-16,Monday
14354,14355,36,23.0,8.0,2024-09-23,Monday
14355,14356,284,6.0,8.0,2024-09-15,Sunday
14356,14357,295,21.0,10.0,2024-09-03,Tuesday
14357,14358,5,16.0,1.0,2024-09-19,Thursday
14358,14359,5,16.0,9.0,2024-09-19,Thursday
14359,14360,205,15.0,2.0,2024-09-20,Friday
14360,14361,74,14.0,5.0,2024-09-26,Thursday
14361,14362,96,8.0,9.0,2024-09-19,Thursday
14362,14363,269,14.0,2.0,2024-09-06,Friday
14363,14364,159,6.0,4.0,2024-09-18,Wednesday
14364,14365,60,13.0,7.0,2024-09-20,Friday
14365,14366,267,13.0,1.0,2024-09-25,Wednesday
14366,14367,78,7.0,5.0,2024-09-06,Friday
14367,14368,293,1.0,9.0,2024-09-22,Sunday
14368,14369,271,1.0,5.0,2024-09-13,Friday
14369,14370,127,9.0,10.0,2024-09-24,Tuesday
14370,14371,197,17.0,3.0,2024-09-02,Monday
14371,14372,34,2.0,4.0,2024-09-01,Sunday
14372,14373,199,20.0,2.0,2024-09-19,Thursday
14373,14374,99,24.0,7.0,2024-09-23,Monday
14374,14375,81,11.0,8.0,2024-09-02,Monday
14375,14376,84,14.0,3.0,2024-09-03,Tuesday
14376,14377,167,21.0,4.0,2024-09-22,Sunday
14377,14378,261,12.0,7.0,2024-09-15,Sunday
14378,14379,46,16.0,7.0,2024-09-07,Saturday
14379,14380,89,1.0,2.0,2024-09-07,Saturday
14380,14381,47,9.0,7.0,2024-09-04,Wednesday
14381,14382,293,4.0,4.0,2024-09-22,Sunday
14383,14384,82,8.0,2.0,2024-09-06,Friday
14384,14385,271,15.0,4.0,2024-09-13,Friday
14385,14386,231,22.0,5.0,2024-09-11,Wednesday
14386,14387,152,23.0,4.0,2024-09-06,Friday
14387,14388,141,1.0,9.0,2024-09-02,Monday
14388,14389,179,4.0,7.0,2024-09-22,Sunday
14389,14390,233,9.0,7.0,2024-09-21,Saturday
14390,14391,68,12.0,2.0,2024-09-24,Tuesday
14391,14392,39,17.0,5.0,2024-09-18,Wednesday
14392,14393,34,3.0,1.0,2024-09-18,Wednesday
14393,14394,63,24.0,10.0,2024-09-08,Sunday
14394,14395,135,20.0,6.0,2024-09-05,Thursday
14395,14396,275,3.0,9.0,2024-09-21,Saturday
14396,14397,96,12.0,2.0,2024-09-05,Thursday
14398,14399,262,4.0,2.0,2024-09-04,Wednesday
14399,14400,8,19.0,2.0,2024-09-25,Wednesday
14400,14401,135,13.0,9.0,2024-09-16,Monday
14401,14402,242,4.0,3.0,2024-09-15,Sunday
14402,14403,245,3.0,1.0,2024-09-17,Tuesday
14403,14404,280,7.0,7.0,2024-09-17,Tuesday
14404,14405,80,6.0,1.0,2024-09-07,Saturday
14405,14406,238,9.0,6.0,2024-09-24,Tuesday
14406,14407,296,22.0,8.0,2024-09-24,Tuesday
14407,14408,232,18.0,5.0,2024-09-24,Tuesday
14408,14409,17,18.0,3.0,2024-09-19,Thursday
14409,14410,40,8.0,7.0,2024-09-22,Sunday
14410,14411,173,23.0,8.0,2024-09-23,Monday
14411,14412,285,12.0,1.0,2024-09-27,Friday
14412,14413,154,1.0,9.0,2024-09-16,Monday
14413,14414,185,19.0,1.0,2024-09-18,Wednesday
14414,14415,208,2.0,10.0,2024-09-28,Saturday
14415,14416,78,13.0,9.0,2024-09-16,Monday
14416,14417,143,4.0,8.0,2024-09-11,Wednesday
14417,14418,129,12.0,9.0,2024-09-08,Sunday
14418,14419,35,12.0,8.0,2024-09-05,Thursday
14419,14420,227,10.0,9.0,2024-09-28,Saturday
14420,14421,134,25.0,3.0,2024-09-16,Monday
14421,14422,124,23.0,9.0,2024-09-19,Thursday
14422,14423,1,4.0,3.0,2024-09-12,Thursday
14423,14424,180,12.0,10.0,2024-09-19,Thursday
14424,14425,135,14.0,9.0,2024-09-16,Monday
14425,14426,53,3.0,7.0,2024-09-18,Wednesday
14426,14427,211,12.0,10.0,2024-09-15,Sunday
14427,14428,38,2.0,9.0,2024-09-09,Monday
14428,14429,238,9.0,4.0,2024-09-18,Wednesday
14429,14430,286,7.0,10.0,2024-09-21,Saturday
14430,14431,34,13.0,3.0,2024-09-06,Friday
14431,14432,297,20.0,2.0,2024-09-13,Friday
14432,14433,259,22.0,10.0,2024-09-22,Sunday
14433,14434,141,4.0,1.0,2024-09-07,Saturday
14434,14435,210,1.0,9.0,2024-09-22,Sunday
14435,14436,245,1.0,10.0,2024-09-02,Monday
14436,14437,199,25.0,4.0,2024-09-28,Saturday
14437,14438,154,21.0,10.0,2024-09-12,Thursday
14438,14439,107,17.0,3.0,2024-09-17,Tuesday
14439,14440,172,4.0,1.0,2024-09-08,Sunday
14440,14441,182,11.0,8.0,2024-09-05,Thursday
14441,14442,23,23.0,8.0,2024-09-09,Monday
14442,14443,272,25.0,3.0,2024-09-02,Monday
14443,14444,14,20.0,6.0,2024-09-01,Sunday
14444,14445,54,22.0,1.0,2024-09-20,Friday
14445,14446,298,18.0,6.0,2024-09-26,Thursday
14446,14447,140,1.0,9.0,2024-09-12,Thursday
14447,14448,216,1.0,7.0,2024-09-04,Wednesday
14448,14449,124,8.0,8.0,2024-09-03,Tuesday
14449,14450,88,15.0,8.0,2024-09-20,Friday
14450,14451,293,17.0,5.0,2024-09-09,Monday
14451,14452,224,7.0,4.0,2024-09-18,Wednesday
14452,14453,101,19.0,7.0,2024-09-25,Wednesday
14453,14454,193,3.0,6.0,2024-09-07,Saturday
14454,14455,236,16.0,1.0,2024-09-04,Wednesday
14455,14456,292,15.0,7.0,2024-09-16,Monday
14457,14458,216,2.0,10.0,2024-09-06,Friday
14458,14459,250,14.0,6.0,2024-09-06,Friday
14459,14460,236,22.0,8.0,2024-09-05,Thursday
14460,14461,141,5.0,6.0,2024-09-14,Saturday
14461,14462,11,22.0,5.0,2024-09-21,Saturday
14462,14463,144,13.0,2.0,2024-09-24,Tuesday
14463,14464,220,16.0,2.0,2024-09-07,Saturday
14464,14465,213,13.0,2.0,2024-09-13,Friday
14465,14466,173,23.0,2.0,2024-09-04,Wednesday
14466,14467,80,15.0,6.0,2024-09-27,Friday
14467,14468,181,18.0,8.0,2024-09-07,Saturday
14468,14469,29,13.0,8.0,2024-09-22,Sunday
14469,14470,99,25.0,6.0,2024-09-12,Thursday
14470,14471,249,3.0,5.0,2024-09-16,Monday
14471,14472,164,16.0,5.0,2024-09-13,Friday
14472,14473,179,22.0,4.0,2024-09-28,Saturday
14473,14474,42,7.0,9.0,2024-09-11,Wednesday
14474,14475,197,8.0,5.0,2024-09-11,Wednesday
14475,14476,148,6.0,3.0,2024-09-23,Monday
14476,14477,86,4.0,7.0,2024-09-14,Saturday
14477,14478,176,1.0,8.0,2024-09-12,Thursday
14478,14479,91,8.0,9.0,2024-09-11,Wednesday
14479,14480,227,11.0,9.0,2024-09-28,Saturday
14480,14481,148,23.0,3.0,2024-09-23,Monday
14481,14482,139,5.0,2.0,2024-09-08,Sunday
14482,14483,40,11.0,10.0,2024-09-02,Monday
14483,14484,145,10.0,6.0,2024-09-27,Friday
14484,14485,125,24.0,6.0,2024-09-01,Sunday
14485,14486,182,14.0,2.0,2024-09-09,Monday
14486,14487,138,24.0,4.0,2024-09-20,Friday
14487,14488,278,17.0,10.0,2024-09-12,Thursday
14488,14489,10,23.0,1.0,2024-09-07,Saturday
14489,14490,140,11.0,8.0,2024-09-08,Sunday
14490,14491,235,16.0,2.0,2024-09-03,Tuesday
14491,14492,66,6.0,3.0,2024-09-07,Saturday
14493,14494,197,7.0,2.0,2024-09-13,Friday
14494,14495,234,8.0,8.0,2024-09-17,Tuesday
14495,14496,207,5.0,6.0,2024-09-17,Tuesday
14496,14497,150,1.0,6.0,2024-09-06,Friday
14497,14498,76,15.0,2.0,2024-09-05,Thursday
14498,14499,139,13.0,7.0,2024-09-05,Thursday
14499,14500,241,19.0,1.0,2024-09-19,Thursday
14500,14501,237,16.0,6.0,2024-09-12,Thursday
14501,14502,65,8.0,2.0,2024-09-22,Sunday
14502,14503,117,4.0,3.0,2024-09-18,Wednesday
14503,14504,25,18.0,2.0,2024-09-16,Monday
14504,14505,164,18.0,1.0,2024-09-20,Friday
14505,14506,188,18.0,9.0,2024-09-05,Thursday
14506,14507,56,14.0,8.0,2024-09-17,Tuesday
14507,14508,138,2.0,6.0,2024-09-15,Sunday
14508,14509,148,5.0,4.0,2024-09-25,Wednesday
14509,14510,260,22.0,1.0,2024-09-02,Monday
14510,14511,131,24.0,2.0,2024-09-19,Thursday
14511,14512,240,14.0,1.0,2024-09-01,Sunday
14512,14513,188,5.0,9.0,2024-09-10,Tuesday
14513,14514,158,1.0,3.0,2024-09-13,Friday
14514,14515,121,23.0,8.0,2024-09-04,Wednesday
14515,14516,189,5.0,6.0,2024-09-03,Tuesday
14516,14517,204,16.0,5.0,2024-09-17,Tuesday
14517,14518,236,17.0,2.0,2024-09-05,Thursday
14518,14519,160,9.0,10.0,2024-09-18,Wednesday
14519,14520,147,9.0,7.0,2024-09-12,Thursday
14520,14521,42,10.0,8.0,2024-09-28,Saturday
14521,14522,222,25.0,10.0,2024-09-08,Sunday
14522,14523,177,6.0,2.0,2024-09-12,Thursday
14523,14524,79,5.0,1.0,2024-09-26,Thursday
14524,14525,264,22.0,3.0,2024-09-16,Monday
14525,14526,198,12.0,9.0,2024-09-15,Sunday
14526,14527,107,17.0,8.0,2024-09-20,Friday
14527,14528,203,15.0,10.0,2024-09-25,Wednesday
14528,14529,211,18.0,5.0,2024-09-05,Thursday
14529,14530,89,6.0,4.0,2024-09-28,Saturday
14530,14531,185,20.0,8.0,2024-09-07,Saturday
14531,14532,207,24.0,2.0,2024-09-19,Thursday
14532,14533,293,17.0,4.0,2024-09-10,Tuesday
14533,14534,75,8.0,7.0,2024-09-07,Saturday
14534,14535,92,22.0,10.0,2024-09-22,Sunday
14535,14536,17,17.0,4.0,2024-09-10,Tuesday
14536,14537,217,18.0,4.0,2024-09-06,Friday
14537,14538,252,4.0,4.0,2024-09-28,Saturday
14538,14539,159,25.0,9.0,2024-09-06,Friday
14539,14540,86,5.0,4.0,2024-09-28,Saturday
14540,14541,100,14.0,10.0,2024-09-06,Friday
14541,14542,188,16.0,3.0,2024-09-17,Tuesday
14542,14543,128,3.0,5.0,2024-09-18,Wednesday
14543,14544,256,25.0,1.0,2024-09-06,Friday
14544,14545,111,15.0,5.0,2024-09-25,Wednesday
14545,14546,52,25.0,5.0,2024-09-18,Wednesday
14546,14547,111,19.0,3.0,2024-09-06,Friday
14547,14548,236,3.0,8.0,2024-09-05,Thursday
14548,14549,125,12.0,10.0,2024-09-13,Friday
14549,14550,177,7.0,4.0,2024-09-11,Wednesday
14550,14551,29,6.0,4.0,2024-09-23,Monday
14551,14552,299,5.0,10.0,2024-09-23,Monday
14552,14553,223,22.0,8.0,2024-09-05,Thursday
14553,14554,292,3.0,9.0,2024-09-09,Monday
14554,14555,26,7.0,8.0,2024-09-05,Thursday
14555,14556,6,23.0,8.0,2024-09-23,Monday
14557,14558,218,7.0,3.0,2024-09-15,Sunday
14558,14559,90,24.0,7.0,2024-09-21,Saturday
14559,14560,87,13.0,4.0,2024-09-02,Monday
14560,14561,166,24.0,5.0,2024-09-22,Sunday
14561,14562,137,22.0,6.0,2024-09-21,Saturday
14562,14563,99,15.0,7.0,2024-09-13,Friday
14563,14564,254,4.0,3.0,2024-09-27,Friday
14564,14565,218,12.0,4.0,2024-09-09,Monday
14565,14566,107,1.0,2.0,2024-09-23,Monday
14566,14567,7,17.0,10.0,2024-09-27,Friday
14567,14568,24,15.0,2.0,2024-09-25,Wednesday
14568,14569,201,4.0,8.0,2024-09-09,Monday
14569,14570,190,20.0,3.0,2024-09-13,Friday
14570,14571,106,1.0,5.0,2024-09-07,Saturday
14571,14572,279,10.0,8.0,2024-09-08,Sunday
14572,14573,261,18.0,8.0,2024-09-25,Wednesday
14573,14574,89,14.0,8.0,2024-09-06,Friday
14574,14575,280,24.0,5.0,2024-09-12,Thursday
14575,14576,264,8.0,5.0,2024-09-02,Monday
14576,14577,272,18.0,9.0,2024-09-18,Wednesday
14577,14578,288,1.0,7.0,2024-09-26,Thursday
14578,14579,209,18.0,5.0,2024-09-18,Wednesday
14579,14580,93,14.0,7.0,2024-09-24,Tuesday
14580,14581,156,2.0,10.0,2024-09-12,Thursday
14581,14582,15,5.0,1.0,2024-09-10,Tuesday
14582,14583,8,15.0,1.0,2024-09-04,Wednesday
14583,14584,14,24.0,10.0,2024-09-04,Wednesday
14585,14586,224,8.0,5.0,2024-09-25,Wednesday
14586,14587,98,24.0,10.0,2024-09-22,Sunday
14588,14589,174,4.0,6.0,2024-09-28,Saturday
14589,14590,147,3.0,10.0,2024-09-18,Wednesday
14590,14591,43,7.0,1.0,2024-09-17,Tuesday
14591,14592,215,18.0,10.0,2024-09-08,Sunday
14592,14593,236,1.0,4.0,2024-09-26,Thursday
14593,14594,73,8.0,6.0,2024-09-27,Friday
14594,14595,293,20.0,9.0,2024-09-21,Saturday
14595,14596,24,17.0,6.0,2024-09-10,Tuesday
14596,14597,271,10.0,8.0,2024-09-04,Wednesday
14597,14598,265,23.0,1.0,2024-09-15,Sunday
14598,14599,299,17.0,8.0,2024-09-05,Thursday
14599,14600,243,8.0,5.0,2024-09-28,Saturday
14600,14601,270,22.0,8.0,2024-09-03,Tuesday
14601,14602,226,8.0,1.0,2024-09-21,Saturday
14602,14603,281,6.0,5.0,2024-09-12,Thursday
14603,14604,42,17.0,7.0,2024-09-10,Tuesday
14604,14605,292,16.0,6.0,2024-09-13,Friday
14605,14606,67,13.0,9.0,2024-09-20,Friday
14606,14607,46,8.0,7.0,2024-09-20,Friday
14607,14608,246,2.0,3.0,2024-09-20,Friday
14608,14609,111,25.0,3.0,2024-09-15,Sunday
14609,14610,141,9.0,6.0,2024-09-06,Friday
14610,14611,260,14.0,8.0,2024-09-06,Friday
14611,14612,290,17.0,5.0,2024-09-03,Tuesday
14612,14613,187,14.0,3.0,2024-09-15,Sunday
14613,14614,135,21.0,2.0,2024-09-01,Sunday
14614,14615,277,20.0,2.0,2024-09-21,Saturday
14615,14616,51,16.0,10.0,2024-09-03,Tuesday
14616,14617,114,14.0,10.0,2024-09-13,Friday
14617,14618,102,22.0,7.0,2024-09-24,Tuesday
14618,14619,241,4.0,5.0,2024-09-07,Saturday
14619,14620,237,8.0,3.0,2024-09-11,Wednesday
14620,14621,10,14.0,1.0,2024-09-09,Monday
14621,14622,13,8.0,8.0,2024-09-20,Friday
14622,14623,254,2.0,8.0,2024-09-23,Monday
14623,14624,90,4.0,4.0,2024-09-22,Sunday
14624,14625,244,25.0,6.0,2024-09-07,Saturday
14625,14626,289,14.0,2.0,2024-09-23,Monday
14626,14627,175,22.0,10.0,2024-09-23,Monday
14627,14628,68,18.0,8.0,2024-09-04,Wednesday
14628,14629,166,21.0,10.0,2024-09-21,Saturday
14629,14630,112,12.0,1.0,2024-09-06,Friday
14630,14631,75,8.0,6.0,2024-09-21,Saturday
14631,14632,53,2.0,8.0,2024-09-10,Tuesday
14632,14633,72,1.0,7.0,2024-09-02,Monday
14633,14634,283,13.0,6.0,2024-09-22,Sunday
14634,14635,250,16.0,6.0,2024-09-17,Tuesday
14635,14636,192,11.0,1.0,2024-09-08,Sunday
14636,14637,297,15.0,3.0,2024-09-12,Thursday
14637,14638,32,16.0,1.0,2024-09-14,Saturday
14638,14639,273,24.0,5.0,2024-09-14,Saturday
14639,14640,152,25.0,6.0,2024-09-01,Sunday
14640,14641,160,18.0,4.0,2024-09-07,Saturday
14641,14642,294,2.0,8.0,2024-09-28,Saturday
14642,14643,38,18.0,4.0,2024-09-23,Monday
14643,14644,151,1.0,7.0,2024-09-17,Tuesday
14644,14645,27,21.0,5.0,2024-09-24,Tuesday
14645,14646,291,1.0,3.0,2024-09-28,Saturday
14646,14647,202,23.0,2.0,2024-09-14,Saturday
14647,14648,241,6.0,1.0,2024-09-23,Monday
14648,14649,66,10.0,9.0,2024-09-04,Wednesday
14649,14650,63,15.0,4.0,2024-09-23,Monday
14650,14651,123,17.0,8.0,2024-09-14,Saturday
14651,14652,210,7.0,8.0,2024-09-02,Monday
14652,14653,61,16.0,10.0,2024-09-28,Saturday
14653,14654,158,15.0,8.0,2024-09-05,Thursday
14654,14655,93,17.0,9.0,2024-09-12,Thursday
14656,14657,286,21.0,8.0,2024-09-25,Wednesday
14657,14658,47,25.0,6.0,2024-09-27,Friday
14658,14659,134,11.0,5.0,2024-09-11,Wednesday
14659,14660,272,6.0,2.0,2024-09-10,Tuesday
14660,14661,10,6.0,1.0,2024-09-14,Saturday
14661,14662,50,25.0,10.0,2024-09-19,Thursday
14662,14663,286,19.0,8.0,2024-09-19,Thursday
14663,14664,112,5.0,3.0,2024-09-18,Wednesday
14664,14665,88,15.0,2.0,2024-09-14,Saturday
14665,14666,187,4.0,10.0,2024-09-19,Thursday
14666,14667,152,21.0,9.0,2024-09-20,Friday
14667,14668,253,16.0,9.0,2024-09-13,Friday
14668,14669,235,25.0,4.0,2024-09-15,Sunday
14669,14670,3,16.0,9.0,2024-09-24,Tuesday
14670,14671,67,21.0,4.0,2024-09-11,Wednesday
14671,14672,259,14.0,4.0,2024-09-27,Friday
14672,14673,14,23.0,10.0,2024-09-02,Monday
14673,14674,274,24.0,2.0,2024-09-20,Friday
14674,14675,97,4.0,3.0,2024-09-16,Monday
14676,14677,2,15.0,10.0,2024-09-15,Sunday
14677,14678,55,21.0,1.0,2024-09-11,Wednesday
14678,14679,234,13.0,9.0,2024-09-28,Saturday
14679,14680,2,8.0,6.0,2024-09-03,Tuesday
14681,14682,211,11.0,8.0,2024-09-05,Thursday
14682,14683,147,2.0,5.0,2024-09-15,Sunday
14683,14684,222,4.0,1.0,2024-09-03,Tuesday
14684,14685,211,16.0,8.0,2024-09-11,Wednesday
14685,14686,224,12.0,6.0,2024-09-01,Sunday
14686,14687,112,15.0,5.0,2024-09-22,Sunday
14687,14688,155,16.0,7.0,2024-09-01,Sunday
14688,14689,136,1.0,9.0,2024-09-24,Tuesday
14689,14690,39,11.0,3.0,2024-09-13,Friday
14690,14691,52,14.0,3.0,2024-09-13,Friday
14691,14692,268,22.0,10.0,2024-09-24,Tuesday
14692,14693,17,9.0,9.0,2024-09-08,Sunday
14693,14694,136,12.0,5.0,2024-09-13,Friday
14694,14695,167,15.0,1.0,2024-09-05,Thursday
14695,14696,88,19.0,1.0,2024-09-18,Wednesday
14696,14697,278,21.0,2.0,2024-09-08,Sunday
14698,14699,85,17.0,7.0,2024-09-22,Sunday
14699,14700,152,16.0,7.0,2024-09-14,Saturday
14700,14701,152,6.0,6.0,2024-09-08,Sunday
14701,14702,228,12.0,2.0,2024-09-21,Saturday
14702,14703,159,6.0,5.0,2024-09-02,Monday
14703,14704,180,6.0,3.0,2024-09-01,Sunday
14704,14705,154,15.0,2.0,2024-09-26,Thursday
14705,14706,195,17.0,8.0,2024-09-01,Sunday
14706,14707,101,20.0,5.0,2024-09-02,Monday
14707,14708,103,13.0,9.0,2024-09-06,Friday
14708,14709,240,17.0,4.0,2024-09-19,Thursday
14709,14710,208,15.0,6.0,2024-09-07,Saturday
14710,14711,282,22.0,6.0,2024-09-14,Saturday
14711,14712,183,11.0,10.0,2024-09-07,Saturday
14712,14713,246,1.0,5.0,2024-09-02,Monday
14713,14714,2,11.0,3.0,2024-09-09,Monday
14714,14715,145,11.0,9.0,2024-09-15,Sunday
14715,14716,276,6.0,1.0,2024-09-18,Wednesday
14716,14717,208,25.0,4.0,2024-09-23,Monday
14717,14718,56,8.0,1.0,2024-09-20,Friday
14718,14719,204,22.0,1.0,2024-09-19,Thursday
14719,14720,71,14.0,10.0,2024-09-02,Monday
14720,14721,250,12.0,5.0,2024-09-19,Thursday
14721,14722,251,11.0,7.0,2024-09-08,Sunday
14722,14723,117,7.0,3.0,2024-09-19,Thursday
14723,14724,27,15.0,2.0,2024-09-14,Saturday
14724,14725,95,20.0,3.0,2024-09-05,Thursday
14725,14726,152,7.0,8.0,2024-09-25,Wednesday
14726,14727,27,9.0,7.0,2024-09-17,Tuesday
14727,14728,263,15.0,4.0,2024-09-22,Sunday
14728,14729,284,6.0,4.0,2024-09-27,Friday
14729,14730,213,5.0,8.0,2024-09-27,Friday
14730,14731,101,18.0,9.0,2024-09-28,Saturday
14731,14732,51,24.0,2.0,2024-09-27,Friday
14732,14733,67,14.0,8.0,2024-09-21,Saturday
14733,14734,231,19.0,2.0,2024-09-09,Monday
14734,14735,150,18.0,8.0,2024-09-11,Wednesday
14735,14736,279,13.0,3.0,2024-09-12,Thursday
14736,14737,114,19.0,7.0,2024-09-08,Sunday
14737,14738,74,24.0,5.0,2024-09-04,Wednesday
14738,14739,203,14.0,9.0,2024-09-20,Friday
14739,14740,238,13.0,5.0,2024-09-21,Saturday
14740,14741,89,2.0,7.0,2024-09-26,Thursday
14741,14742,256,7.0,6.0,2024-09-10,Tuesday
14742,14743,114,19.0,9.0,2024-09-25,Wednesday
14743,14744,8,13.0,2.0,2024-09-19,Thursday
14744,14745,138,19.0,5.0,2024-09-28,Saturday
14745,14746,105,15.0,3.0,2024-09-14,Saturday
14746,14747,270,5.0,3.0,2024-09-06,Friday
14747,14748,83,13.0,2.0,2024-09-26,Thursday
14748,14749,228,13.0,5.0,2024-09-22,Sunday
14749,14750,81,10.0,6.0,2024-09-14,Saturday
14750,14751,257,8.0,1.0,2024-09-05,Thursday
14751,14752,97,8.0,5.0,2024-09-08,Sunday
14752,14753,188,1.0,3.0,2024-09-20,Friday
14753,14754,76,9.0,5.0,2024-09-08,Sunday
14754,14755,135,25.0,6.0,2024-09-07,Saturday
14755,14756,127,16.0,1.0,2024-09-24,Tuesday
14756,14757,280,12.0,3.0,2024-09-19,Thursday
14757,14758,91,3.0,2.0,2024-09-01,Sunday
14758,14759,130,5.0,7.0,2024-09-01,Sunday
14759,14760,221,17.0,5.0,2024-09-16,Monday
14760,14761,220,3.0,7.0,2024-09-04,Wednesday
14761,14762,238,21.0,6.0,2024-09-01,Sunday
14762,14763,25,12.0,3.0,2024-09-05,Thursday
14763,14764,27,25.0,10.0,2024-09-19,Thursday
14764,14765,195,18.0,1.0,2024-09-25,Wednesday
14765,14766,116,6.0,8.0,2024-09-07,Saturday
14766,14767,234,12.0,1.0,2024-09-18,Wednesday
14768,14769,38,16.0,4.0,2024-09-24,Tuesday
14769,14770,215,7.0,2.0,2024-09-21,Saturday
14770,14771,14,10.0,2.0,2024-09-25,Wednesday
14771,14772,247,21.0,7.0,2024-09-20,Friday
14772,14773,26,9.0,9.0,2024-09-03,Tuesday
14773,14774,193,8.0,2.0,2024-09-19,Thursday
14774,14775,135,5.0,6.0,2024-09-21,Saturday
14775,14776,267,21.0,3.0,2024-09-10,Tuesday
14776,14777,120,9.0,6.0,2024-09-25,Wednesday
14777,14778,209,12.0,8.0,2024-09-15,Sunday
14778,14779,159,10.0,1.0,2024-09-01,Sunday
14779,14780,146,5.0,2.0,2024-09-16,Monday
14780,14781,116,7.0,3.0,2024-09-21,Saturday
14781,14782,9,24.0,7.0,2024-09-07,Saturday
14782,14783,84,8.0,1.0,2024-09-10,Tuesday
14783,14784,294,4.0,8.0,2024-09-21,Saturday
14784,14785,116,20.0,10.0,2024-09-07,Saturday
14785,14786,54,13.0,2.0,2024-09-27,Friday
14786,14787,99,14.0,6.0,2024-09-24,Tuesday
14787,14788,183,5.0,9.0,2024-09-27,Friday
14788,14789,76,13.0,2.0,2024-09-22,Sunday
14789,14790,100,7.0,2.0,2024-09-12,Thursday
14790,14791,104,5.0,8.0,2024-09-20,Friday
14791,14792,161,4.0,7.0,2024-09-01,Sunday
14792,14793,206,19.0,8.0,2024-09-12,Thursday
14793,14794,17,7.0,9.0,2024-09-22,Sunday
14794,14795,290,15.0,5.0,2024-09-03,Tuesday
14795,14796,260,24.0,1.0,2024-09-24,Tuesday
14796,14797,36,1.0,8.0,2024-09-03,Tuesday
14797,14798,279,5.0,4.0,2024-09-02,Monday
14798,14799,80,22.0,1.0,2024-09-19,Thursday
14799,14800,166,24.0,5.0,2024-09-08,Sunday
14800,14801,31,13.0,2.0,2024-09-04,Wednesday
14801,14802,257,24.0,8.0,2024-09-16,Monday
14802,14803,104,18.0,6.0,2024-09-07,Saturday
14803,14804,207,13.0,10.0,2024-09-11,Wednesday
14804,14805,232,16.0,8.0,2024-09-12,Thursday
14805,14806,39,23.0,1.0,2024-09-16,Monday
14806,14807,250,6.0,7.0,2024-09-05,Thursday
14807,14808,278,6.0,8.0,2024-09-17,Tuesday
14808,14809,26,17.0,3.0,2024-09-12,Thursday
14809,14810,46,12.0,6.0,2024-09-17,Tuesday
14810,14811,99,10.0,9.0,2024-09-23,Monday
14811,14812,208,22.0,4.0,2024-09-04,Wednesday
14812,14813,38,11.0,9.0,2024-09-26,Thursday
14813,14814,284,14.0,9.0,2024-09-04,Wednesday
14814,14815,297,15.0,5.0,2024-09-15,Sunday
14815,14816,78,3.0,4.0,2024-09-12,Thursday
14816,14817,103,5.0,3.0,2024-09-19,Thursday
14817,14818,33,6.0,2.0,2024-09-19,Thursday
14818,14819,23,21.0,9.0,2024-09-20,Friday
14819,14820,217,21.0,7.0,2024-09-20,Friday
14820,14821,43,19.0,7.0,2024-09-02,Monday
14821,14822,260,3.0,6.0,2024-09-08,Sunday
14822,14823,58,11.0,3.0,2024-09-05,Thursday
14823,14824,222,25.0,10.0,2024-09-14,Saturday
14824,14825,36,9.0,2.0,2024-09-14,Saturday
14825,14826,2,3.0,10.0,2024-09-20,Friday
14826,14827,195,16.0,7.0,2024-09-26,Thursday
14827,14828,139,24.0,10.0,2024-09-15,Sunday
14828,14829,170,16.0,5.0,2024-09-04,Wednesday
14829,14830,236,8.0,1.0,2024-09-16,Monday
14830,14831,184,8.0,6.0,2024-09-07,Saturday
14831,14832,259,23.0,1.0,2024-09-13,Friday
14832,14833,18,3.0,9.0,2024-09-19,Thursday
14833,14834,287,22.0,10.0,2024-09-20,Friday
14834,14835,184,12.0,4.0,2024-09-04,Wednesday
14835,14836,9,1.0,9.0,2024-09-14,Saturday
14836,14837,12,1.0,4.0,2024-09-14,Saturday
14837,14838,261,6.0,2.0,2024-09-27,Friday
14838,14839,217,11.0,4.0,2024-09-02,Monday
14839,14840,120,9.0,6.0,2024-09-27,Friday
14840,14841,125,25.0,3.0,2024-09-06,Friday
14841,14842,116,8.0,4.0,2024-09-26,Thursday
14842,14843,141,1.0,6.0,2024-09-11,Wednesday
14843,14844,293,23.0,3.0,2024-09-14,Saturday
14844,14845,229,9.0,3.0,2024-09-02,Monday
14845,14846,150,3.0,7.0,2024-09-12,Thursday
14846,14847,153,8.0,8.0,2024-09-06,Friday
14848,14849,208,16.0,1.0,2024-09-26,Thursday
14849,14850,285,17.0,7.0,2024-09-28,Saturday
14850,14851,177,17.0,10.0,2024-09-24,Tuesday
14851,14852,166,5.0,1.0,2024-09-04,Wednesday
14852,14853,74,17.0,7.0,2024-09-17,Tuesday
14853,14854,133,7.0,1.0,2024-09-16,Monday
14854,14855,45,6.0,8.0,2024-09-15,Sunday
14855,14856,170,7.0,4.0,2024-09-21,Saturday
14856,14857,67,17.0,9.0,2024-09-23,Monday
14857,14858,29,8.0,3.0,2024-09-04,Wednesday
14858,14859,25,5.0,5.0,2024-09-07,Saturday
14859,14860,164,6.0,9.0,2024-09-19,Thursday
14860,14861,190,17.0,2.0,2024-09-08,Sunday
14861,14862,173,16.0,2.0,2024-09-02,Monday
14862,14863,118,8.0,2.0,2024-09-10,Tuesday
14863,14864,278,6.0,7.0,2024-09-11,Wednesday
14864,14865,114,4.0,4.0,2024-09-18,Wednesday
14865,14866,210,11.0,6.0,2024-09-25,Wednesday
14866,14867,64,2.0,7.0,2024-09-01,Sunday
14867,14868,205,2.0,1.0,2024-09-25,Wednesday
14868,14869,245,15.0,4.0,2024-09-25,Wednesday
14869,14870,136,21.0,9.0,2024-09-20,Friday
14870,14871,267,14.0,1.0,2024-09-21,Saturday
14871,14872,224,23.0,5.0,2024-09-12,Thursday
14872,14873,208,13.0,1.0,2024-09-09,Monday
14873,14874,245,9.0,6.0,2024-09-14,Saturday
14874,14875,30,23.0,1.0,2024-09-27,Friday
14875,14876,100,15.0,4.0,2024-09-22,Sunday
14876,14877,165,15.0,9.0,2024-09-04,Wednesday
14877,14878,107,25.0,8.0,2024-09-08,Sunday
14878,14879,36,1.0,1.0,2024-09-14,Saturday
14879,14880,134,24.0,5.0,2024-09-25,Wednesday
14880,14881,224,14.0,7.0,2024-09-19,Thursday
14881,14882,229,5.0,3.0,2024-09-14,Saturday
14882,14883,244,18.0,4.0,2024-09-03,Tuesday
14883,14884,10,5.0,4.0,2024-09-10,Tuesday
14884,14885,195,15.0,6.0,2024-09-02,Monday
14885,14886,49,4.0,3.0,2024-09-16,Monday
14886,14887,208,19.0,2.0,2024-09-28,Saturday
14887,14888,290,6.0,9.0,2024-09-16,Monday
14888,14889,15,10.0,2.0,2024-09-07,Saturday
14889,14890,283,2.0,2.0,2024-09-11,Wednesday
14890,14891,171,9.0,5.0,2024-09-11,Wednesday
14891,14892,297,18.0,7.0,2024-09-23,Monday
14892,14893,285,7.0,10.0,2024-09-25,Wednesday
14893,14894,241,9.0,7.0,2024-09-24,Tuesday
14894,14895,20,7.0,3.0,2024-09-27,Friday
14895,14896,241,12.0,10.0,2024-09-23,Monday
14896,14897,178,4.0,4.0,2024-09-02,Monday
14897,14898,180,24.0,2.0,2024-09-12,Thursday
14898,14899,102,18.0,5.0,2024-09-12,Thursday
14899,14900,63,19.0,3.0,2024-09-20,Friday
14900,14901,259,3.0,3.0,2024-09-05,Thursday
14901,14902,176,16.0,6.0,2024-09-15,Sunday
14902,14903,252,25.0,6.0,2024-09-01,Sunday
14903,14904,230,8.0,3.0,2024-09-17,Tuesday
14904,14905,290,24.0,8.0,2024-09-17,Tuesday
14905,14906,192,11.0,5.0,2024-09-24,Tuesday
14906,14907,242,1.0,3.0,2024-09-09,Monday
14907,14908,118,4.0,7.0,2024-09-10,Tuesday
14908,14909,276,21.0,8.0,2024-09-04,Wednesday
14909,14910,298,25.0,3.0,2024-09-02,Monday
14910,14911,74,15.0,2.0,2024-09-04,Wednesday
14911,14912,128,25.0,8.0,2024-09-17,Tuesday
14912,14913,130,1.0,3.0,2024-09-12,Thursday
14913,14914,193,9.0,9.0,2024-09-20,Friday
14914,14915,134,4.0,2.0,2024-09-25,Wednesday
14915,14916,43,13.0,2.0,2024-09-23,Monday
14916,14917,215,2.0,7.0,2024-09-10,Tuesday
14917,14918,70,5.0,1.0,2024-09-12,Thursday
14918,14919,17,19.0,10.0,2024-09-17,Tuesday
14919,14920,144,4.0,7.0,2024-09-19,Thursday
14920,14921,91,3.0,3.0,2024-09-22,Sunday
14921,14922,171,16.0,2.0,2024-09-03,Tuesday
14922,14923,10,4.0,1.0,2024-09-21,Saturday
14923,14924,250,1.0,4.0,2024-09-12,Thursday
14924,14925,174,8.0,7.0,2024-09-03,Tuesday
14925,14926,34,4.0,6.0,2024-09-19,Thursday
14926,14927,44,12.0,1.0,2024-09-09,Monday
14927,14928,209,14.0,10.0,2024-09-04,Wednesday
14928,14929,245,17.0,4.0,2024-09-26,Thursday
14929,14930,2,7.0,7.0,2024-09-05,Thursday
14930,14931,240,20.0,2.0,2024-09-22,Sunday
14931,14932,4,4.0,6.0,2024-09-17,Tuesday
14932,14933,81,6.0,1.0,2024-09-15,Sunday
14933,14934,249,17.0,5.0,2024-09-27,Friday
14934,14935,30,22.0,9.0,2024-09-09,Monday
14935,14936,282,2.0,8.0,2024-09-01,Sunday
14936,14937,160,6.0,10.0,2024-09-17,Tuesday
14937,14938,112,18.0,4.0,2024-09-04,Wednesday
14938,14939,58,10.0,1.0,2024-09-12,Thursday
14939,14940,168,20.0,5.0,2024-09-20,Friday
14940,14941,259,1.0,6.0,2024-09-17,Tuesday
14941,14942,70,7.0,7.0,2024-09-11,Wednesday
14942,14943,250,19.0,6.0,2024-09-10,Tuesday
14943,14944,283,9.0,4.0,2024-09-19,Thursday
14944,14945,20,10.0,2.0,2024-09-06,Friday
14945,14946,201,9.0,5.0,2024-09-10,Tuesday
14946,14947,17,6.0,9.0,2024-09-16,Monday
14947,14948,19,5.0,3.0,2024-09-24,Tuesday
14948,14949,202,2.0,8.0,2024-09-14,Saturday
14949,14950,129,19.0,3.0,2024-09-06,Friday
14950,14951,126,7.0,2.0,2024-09-02,Monday
14951,14952,190,18.0,2.0,2024-09-15,Sunday
14952,14953,45,22.0,4.0,2024-09-20,Friday
14953,14954,217,4.0,7.0,2024-09-13,Friday
14954,14955,78,23.0,8.0,2024-09-18,Wednesday
14955,14956,20,17.0,2.0,2024-09-11,Wednesday
14956,14957,16,7.0,2.0,2024-09-24,Tuesday
14957,14958,147,1.0,10.0,2024-09-27,Friday
14958,14959,12,1.0,1.0,2024-09-20,Friday
14959,14960,155,10.0,9.0,2024-09-21,Saturday
14960,14961,241,17.0,9.0,2024-09-11,Wednesday
14961,14962,222,17.0,3.0,2024-09-22,Sunday
14962,14963,245,13.0,4.0,2024-09-22,Sunday
14963,14964,161,24.0,2.0,2024-09-27,Friday
14964,14965,201,10.0,10.0,2024-09-20,Friday
14965,14966,263,15.0,6.0,2024-09-05,Thursday
14966,14967,214,3.0,10.0,2024-09-25,Wednesday
14967,14968,90,20.0,10.0,2024-09-05,Thursday
14968,14969,104,7.0,7.0,2024-09-11,Wednesday
14969,14970,263,12.0,8.0,2024-09-10,Tuesday
14970,14971,108,18.0,6.0,2024-09-10,Tuesday
14971,14972,56,10.0,8.0,2024-09-22,Sunday
14972,14973,1,21.0,1.0,2024-09-02,Monday
14973,14974,239,16.0,4.0,2024-09-03,Tuesday
14974,14975,94,12.0,4.0,2024-09-07,Saturday
14975,14976,219,24.0,10.0,2024-09-08,Sunday
14976,14977,185,17.0,3.0,2024-09-10,Tuesday
14977,14978,115,1.0,3.0,2024-09-19,Thursday
14978,14979,74,23.0,8.0,2024-09-20,Friday
14979,14980,15,6.0,3.0,2024-09-28,Saturday
14980,14981,117,16.0,1.0,2024-09-16,Monday
14981,14982,16,18.0,5.0,2024-09-22,Sunday
14982,14983,29,23.0,4.0,2024-09-21,Saturday
14983,14984,43,22.0,3.0,2024-09-28,Saturday
14984,14985,135,24.0,6.0,2024-09-03,Tuesday
14985,14986,171,15.0,10.0,2024-09-18,Wednesday
14986,14987,119,19.0,6.0,2024-09-05,Thursday
14987,14988,85,8.0,8.0,2024-09-24,Tuesday
14988,14989,166,16.0,6.0,2024-09-28,Saturday
14989,14990,237,25.0,8.0,2024-09-21,Saturday
14990,14991,299,7.0,6.0,2024-09-04,Wednesday
14991,14992,126,3.0,9.0,2024-09-05,Thursday
14992,14993,174,4.0,3.0,2024-09-25,Wednesday
14993,14994,286,11.0,6.0,2024-09-03,Tuesday
14994,14995,150,15.0,4.0,2024-10-05,Saturday
14995,14996,139,7.0,6.0,2024-10-05,Saturday
14996,14997,41,21.0,8.0,2024-10-02,Wednesday
14997,14998,75,17.0,1.0,2024-10-08,Tuesday
14998,14999,132,5.0,1.0,2024-10-15,Tuesday
14999,15000,92,13.0,4.0,2024-10-08,Tuesday
15000,15001,99,7.0,8.0,2024-10-16,Wednesday
15002,15003,62,8.0,4.0,2024-10-05,Saturday
15003,15004,224,1.0,2.0,2024-10-08,Tuesday
15004,15005,229,13.0,3.0,2024-10-07,Monday
15005,15006,16,20.0,2.0,2024-10-26,Saturday
15006,15007,270,2.0,10.0,2024-10-05,Saturday
15007,15008,85,19.0,8.0,2024-10-03,Thursday
15008,15009,119,15.0,5.0,2024-10-01,Tuesday
15009,15010,50,22.0,4.0,2024-10-24,Thursday
15010,15011,240,21.0,2.0,2024-10-23,Wednesday
15011,15012,104,25.0,6.0,2024-10-01,Tuesday
15012,15013,20,18.0,10.0,2024-10-06,Sunday
15013,15014,235,25.0,2.0,2024-10-08,Tuesday
15014,15015,70,5.0,5.0,2024-10-11,Friday
15015,15016,48,6.0,10.0,2024-10-07,Monday
15016,15017,41,9.0,10.0,2024-10-04,Friday
15017,15018,219,3.0,7.0,2024-10-20,Sunday
15018,15019,51,22.0,3.0,2024-10-08,Tuesday
15019,15020,170,10.0,6.0,2024-10-06,Sunday
15020,15021,287,5.0,10.0,2024-10-27,Sunday
15021,15022,96,4.0,8.0,2024-10-26,Saturday
15022,15023,137,9.0,6.0,2024-10-13,Sunday
15023,15024,72,11.0,9.0,2024-10-11,Friday
15024,15025,127,10.0,1.0,2024-10-01,Tuesday
15025,15026,159,20.0,10.0,2024-10-05,Saturday
15026,15027,196,18.0,8.0,2024-10-23,Wednesday
15027,15028,13,11.0,5.0,2024-10-10,Thursday
15028,15029,99,19.0,3.0,2024-10-20,Sunday
15029,15030,115,17.0,8.0,2024-10-01,Tuesday
15030,15031,233,16.0,3.0,2024-10-01,Tuesday
15031,15032,50,1.0,10.0,2024-10-28,Monday
15032,15033,124,24.0,8.0,2024-10-21,Monday
15033,15034,49,22.0,1.0,2024-10-19,Saturday
15034,15035,98,25.0,7.0,2024-10-04,Friday
15035,15036,84,16.0,4.0,2024-10-19,Saturday
15036,15037,213,22.0,5.0,2024-10-20,Sunday
15037,15038,243,17.0,1.0,2024-10-03,Thursday
15038,15039,26,12.0,7.0,2024-10-14,Monday
15039,15040,210,14.0,5.0,2024-10-09,Wednesday
15040,15041,249,4.0,1.0,2024-10-04,Friday
15041,15042,262,4.0,3.0,2024-10-22,Tuesday
15042,15043,296,3.0,3.0,2024-10-03,Thursday
15043,15044,204,20.0,8.0,2024-10-25,Friday
15044,15045,79,8.0,2.0,2024-10-04,Friday
15045,15046,116,8.0,5.0,2024-10-08,Tuesday
15046,15047,21,9.0,5.0,2024-10-26,Saturday
15047,15048,297,18.0,1.0,2024-10-12,Saturday
15048,15049,160,8.0,10.0,2024-10-19,Saturday
15049,15050,31,20.0,2.0,2024-10-02,Wednesday
15050,15051,132,13.0,9.0,2024-10-07,Monday
15051,15052,180,14.0,2.0,2024-10-23,Wednesday
15052,15053,157,24.0,1.0,2024-10-16,Wednesday
15053,15054,41,15.0,5.0,2024-10-10,Thursday
15054,15055,174,20.0,6.0,2024-10-20,Sunday
15055,15056,84,12.0,9.0,2024-10-07,Monday
15056,15057,298,14.0,7.0,2024-10-26,Saturday
15057,15058,77,1.0,6.0,2024-10-10,Thursday
15058,15059,259,23.0,8.0,2024-10-25,Friday
15059,15060,265,7.0,1.0,2024-10-18,Friday
15060,15061,235,14.0,5.0,2024-10-08,Tuesday
15061,15062,283,7.0,4.0,2024-10-04,Friday
15062,15063,31,1.0,8.0,2024-10-03,Thursday
15063,15064,246,15.0,6.0,2024-10-06,Sunday
15064,15065,275,17.0,4.0,2024-10-19,Saturday
15065,15066,110,18.0,1.0,2024-10-12,Saturday
15066,15067,58,3.0,8.0,2024-10-08,Tuesday
15067,15068,116,4.0,1.0,2024-10-16,Wednesday
15068,15069,238,2.0,2.0,2024-10-23,Wednesday
15069,15070,299,16.0,7.0,2024-10-26,Saturday
15070,15071,194,1.0,2.0,2024-10-10,Thursday
15071,15072,199,5.0,10.0,2024-10-11,Friday
15072,15073,194,5.0,6.0,2024-10-19,Saturday
15073,15074,248,18.0,1.0,2024-10-09,Wednesday
15074,15075,54,9.0,1.0,2024-10-25,Friday
15075,15076,169,1.0,4.0,2024-10-02,Wednesday
15076,15077,287,2.0,2.0,2024-10-11,Friday
15077,15078,25,21.0,4.0,2024-10-19,Saturday
15078,15079,234,13.0,5.0,2024-10-16,Wednesday
15079,15080,253,10.0,6.0,2024-10-21,Monday
15080,15081,124,2.0,5.0,2024-10-11,Friday
15081,15082,54,5.0,4.0,2024-10-22,Tuesday
15082,15083,204,21.0,5.0,2024-10-21,Monday
15083,15084,168,11.0,2.0,2024-10-02,Wednesday
15084,15085,244,16.0,4.0,2024-10-19,Saturday
15085,15086,79,18.0,2.0,2024-10-22,Tuesday
15086,15087,15,7.0,9.0,2024-10-10,Thursday
15087,15088,47,15.0,10.0,2024-10-17,Thursday
15088,15089,168,16.0,8.0,2024-10-21,Monday
15089,15090,87,21.0,1.0,2024-10-02,Wednesday
15090,15091,30,20.0,10.0,2024-10-12,Saturday
15091,15092,45,23.0,2.0,2024-10-05,Saturday
15092,15093,22,7.0,5.0,2024-10-24,Thursday
15093,15094,25,1.0,5.0,2024-10-09,Wednesday
15094,15095,37,6.0,7.0,2024-10-01,Tuesday
15095,15096,88,2.0,1.0,2024-10-12,Saturday
15096,15097,283,2.0,8.0,2024-10-18,Friday
15097,15098,162,7.0,10.0,2024-10-13,Sunday
15099,15100,174,17.0,10.0,2024-10-04,Friday
15100,15101,171,7.0,8.0,2024-10-27,Sunday
15101,15102,194,13.0,2.0,2024-10-12,Saturday
15102,15103,123,1.0,6.0,2024-10-03,Thursday
15103,15104,102,15.0,2.0,2024-10-19,Saturday
15104,15105,251,3.0,2.0,2024-10-26,Saturday
15105,15106,157,6.0,4.0,2024-10-12,Saturday
15106,15107,299,10.0,3.0,2024-10-13,Sunday
15107,15108,264,20.0,7.0,2024-10-09,Wednesday
15108,15109,146,14.0,7.0,2024-10-07,Monday
15109,15110,249,12.0,3.0,2024-10-02,Wednesday
15110,15111,11,13.0,6.0,2024-10-06,Sunday
15111,15112,255,13.0,2.0,2024-10-17,Thursday
15112,15113,46,16.0,10.0,2024-10-18,Friday
15113,15114,259,17.0,4.0,2024-10-14,Monday
15114,15115,223,25.0,8.0,2024-10-14,Monday
15115,15116,300,18.0,8.0,2024-10-25,Friday
15116,15117,24,3.0,5.0,2024-10-27,Sunday
15117,15118,45,25.0,5.0,2024-10-06,Sunday
15118,15119,68,3.0,5.0,2024-10-10,Thursday
15119,15120,182,7.0,2.0,2024-10-16,Wednesday
15120,15121,292,22.0,1.0,2024-10-14,Monday
15121,15122,177,1.0,5.0,2024-10-18,Friday
15122,15123,157,5.0,3.0,2024-10-26,Saturday
15123,15124,294,22.0,1.0,2024-10-25,Friday
15124,15125,212,12.0,8.0,2024-10-28,Monday
15125,15126,241,21.0,1.0,2024-10-17,Thursday
15126,15127,258,5.0,4.0,2024-10-04,Friday
15127,15128,58,19.0,1.0,2024-10-23,Wednesday
15128,15129,228,13.0,7.0,2024-10-14,Monday
15129,15130,105,2.0,10.0,2024-10-04,Friday
15130,15131,134,12.0,5.0,2024-10-02,Wednesday
15131,15132,247,8.0,7.0,2024-10-14,Monday
15132,15133,207,7.0,10.0,2024-10-02,Wednesday
15133,15134,114,13.0,8.0,2024-10-24,Thursday
15134,15135,242,5.0,7.0,2024-10-14,Monday
15135,15136,77,8.0,5.0,2024-10-03,Thursday
15136,15137,85,19.0,10.0,2024-10-10,Thursday
15137,15138,267,16.0,7.0,2024-10-28,Monday
15138,15139,59,2.0,4.0,2024-10-06,Sunday
15139,15140,261,9.0,2.0,2024-10-01,Tuesday
15140,15141,149,25.0,6.0,2024-10-19,Saturday
15141,15142,124,3.0,7.0,2024-10-23,Wednesday
15142,15143,88,15.0,10.0,2024-10-15,Tuesday
15143,15144,294,25.0,2.0,2024-10-25,Friday
15144,15145,296,21.0,1.0,2024-10-11,Friday
15145,15146,115,24.0,4.0,2024-10-21,Monday
15146,15147,185,15.0,3.0,2024-10-24,Thursday
15147,15148,195,17.0,9.0,2024-10-14,Monday
15148,15149,142,17.0,2.0,2024-10-08,Tuesday
15149,15150,90,6.0,6.0,2024-10-12,Saturday
15150,15151,142,6.0,3.0,2024-10-01,Tuesday
15151,15152,130,9.0,6.0,2024-10-20,Sunday
15152,15153,33,18.0,9.0,2024-10-05,Saturday
15153,15154,142,1.0,6.0,2024-10-28,Monday
15154,15155,1,11.0,6.0,2024-10-26,Saturday
15155,15156,261,19.0,3.0,2024-10-12,Saturday
15156,15157,286,16.0,5.0,2024-10-07,Monday
15157,15158,188,19.0,5.0,2024-10-09,Wednesday
15158,15159,133,4.0,4.0,2024-10-13,Sunday
15159,15160,150,8.0,6.0,2024-10-02,Wednesday
15160,15161,51,12.0,3.0,2024-10-15,Tuesday
15161,15162,2,5.0,7.0,2024-10-27,Sunday
15162,15163,177,18.0,1.0,2024-10-17,Thursday
15163,15164,226,6.0,1.0,2024-10-06,Sunday
15164,15165,147,3.0,5.0,2024-10-07,Monday
15165,15166,227,12.0,6.0,2024-10-05,Saturday
15166,15167,124,18.0,4.0,2024-10-17,Thursday
15167,15168,7,19.0,4.0,2024-10-15,Tuesday
15168,15169,262,22.0,5.0,2024-10-23,Wednesday
15169,15170,221,19.0,5.0,2024-10-18,Friday
15170,15171,216,12.0,2.0,2024-10-16,Wednesday
15171,15172,41,6.0,10.0,2024-10-13,Sunday
15172,15173,176,12.0,5.0,2024-10-05,Saturday
15173,15174,72,6.0,3.0,2024-10-23,Wednesday
15174,15175,271,16.0,8.0,2024-10-22,Tuesday
15175,15176,112,10.0,8.0,2024-10-11,Friday
15176,15177,76,4.0,5.0,2024-10-25,Friday
15177,15178,251,24.0,4.0,2024-10-02,Wednesday
15179,15180,28,3.0,4.0,2024-10-18,Friday
15180,15181,32,9.0,6.0,2024-10-12,Saturday
15181,15182,279,15.0,5.0,2024-10-12,Saturday
15182,15183,182,10.0,8.0,2024-10-16,Wednesday
15183,15184,127,16.0,6.0,2024-10-27,Sunday
15184,15185,36,2.0,5.0,2024-10-07,Monday
15185,15186,240,10.0,8.0,2024-10-23,Wednesday
15186,15187,115,10.0,9.0,2024-10-20,Sunday
15187,15188,274,6.0,8.0,2024-10-06,Sunday
15188,15189,214,1.0,2.0,2024-10-27,Sunday
15190,15191,167,8.0,7.0,2024-10-23,Wednesday
15191,15192,280,10.0,3.0,2024-10-18,Friday
15192,15193,39,12.0,5.0,2024-10-01,Tuesday
15193,15194,129,11.0,3.0,2024-10-16,Wednesday
15194,15195,114,5.0,2.0,2024-10-11,Friday
15195,15196,121,21.0,4.0,2024-10-07,Monday
15196,15197,103,22.0,8.0,2024-10-23,Wednesday
15197,15198,127,16.0,5.0,2024-10-25,Friday
15198,15199,104,10.0,6.0,2024-10-21,Monday
15199,15200,1,8.0,9.0,2024-10-02,Wednesday
15200,15201,78,4.0,1.0,2024-10-25,Friday
15201,15202,189,1.0,7.0,2024-10-26,Saturday
15202,15203,169,15.0,7.0,2024-10-25,Friday
15203,15204,153,13.0,8.0,2024-10-02,Wednesday
15204,15205,177,20.0,7.0,2024-10-13,Sunday
15205,15206,264,13.0,3.0,2024-10-18,Friday
15206,15207,252,16.0,6.0,2024-10-07,Monday
15207,15208,7,7.0,5.0,2024-10-16,Wednesday
15208,15209,51,21.0,5.0,2024-10-22,Tuesday
15209,15210,131,2.0,1.0,2024-10-14,Monday
15210,15211,148,13.0,5.0,2024-10-26,Saturday
15211,15212,237,18.0,9.0,2024-10-17,Thursday
15212,15213,80,8.0,3.0,2024-10-06,Sunday
15213,15214,29,22.0,10.0,2024-10-06,Sunday
15214,15215,265,12.0,1.0,2024-10-20,Sunday
15215,15216,198,24.0,1.0,2024-10-07,Monday
15216,15217,123,25.0,5.0,2024-10-13,Sunday
15217,15218,298,24.0,1.0,2024-10-09,Wednesday
15218,15219,291,19.0,2.0,2024-10-19,Saturday
15219,15220,6,19.0,4.0,2024-10-15,Tuesday
15220,15221,95,7.0,8.0,2024-10-26,Saturday
15221,15222,272,25.0,8.0,2024-10-21,Monday
15222,15223,228,19.0,6.0,2024-10-06,Sunday
15223,15224,124,17.0,3.0,2024-10-11,Friday
15225,15226,132,12.0,2.0,2024-10-23,Wednesday
15226,15227,150,17.0,4.0,2024-10-11,Friday
15227,15228,178,7.0,5.0,2024-10-06,Sunday
15228,15229,41,9.0,1.0,2024-10-19,Saturday
15229,15230,239,3.0,6.0,2024-10-12,Saturday
15230,15231,144,13.0,10.0,2024-10-17,Thursday
15231,15232,96,18.0,2.0,2024-10-08,Tuesday
15232,15233,79,17.0,1.0,2024-10-28,Monday
15233,15234,13,3.0,8.0,2024-10-01,Tuesday
15234,15235,126,24.0,2.0,2024-10-04,Friday
15235,15236,171,20.0,7.0,2024-10-10,Thursday
15236,15237,143,10.0,10.0,2024-10-26,Saturday
15237,15238,219,4.0,7.0,2024-10-12,Saturday
15238,15239,60,22.0,6.0,2024-10-28,Monday
15239,15240,192,13.0,8.0,2024-10-13,Sunday
15240,15241,184,2.0,9.0,2024-10-04,Friday
15241,15242,10,15.0,1.0,2024-10-23,Wednesday
15242,15243,28,9.0,5.0,2024-10-09,Wednesday
15243,15244,10,18.0,3.0,2024-10-01,Tuesday
15244,15245,15,5.0,7.0,2024-10-24,Thursday
15245,15246,177,1.0,4.0,2024-10-05,Saturday
15246,15247,5,6.0,9.0,2024-10-26,Saturday
15247,15248,22,10.0,8.0,2024-10-24,Thursday
15248,15249,118,24.0,7.0,2024-10-14,Monday
15249,15250,232,1.0,7.0,2024-10-05,Saturday
15250,15251,34,6.0,1.0,2024-10-15,Tuesday
15251,15252,15,7.0,4.0,2024-10-09,Wednesday
15252,15253,108,16.0,3.0,2024-10-27,Sunday
15253,15254,275,5.0,2.0,2024-10-20,Sunday
15254,15255,240,18.0,3.0,2024-10-04,Friday
15255,15256,71,23.0,9.0,2024-10-01,Tuesday
15256,15257,247,13.0,4.0,2024-10-13,Sunday
15257,15258,215,12.0,9.0,2024-10-04,Friday
15258,15259,88,15.0,7.0,2024-10-19,Saturday
15259,15260,46,4.0,10.0,2024-10-18,Friday
15260,15261,115,15.0,2.0,2024-10-24,Thursday
15261,15262,61,3.0,5.0,2024-10-28,Monday
15262,15263,35,18.0,6.0,2024-10-15,Tuesday
15263,15264,92,4.0,5.0,2024-10-10,Thursday
15264,15265,233,4.0,5.0,2024-10-01,Tuesday
15265,15266,20,23.0,5.0,2024-10-25,Friday
15266,15267,251,8.0,10.0,2024-10-28,Monday
15267,15268,8,8.0,2.0,2024-10-03,Thursday
15268,15269,249,20.0,6.0,2024-10-16,Wednesday
15269,15270,182,17.0,1.0,2024-10-19,Saturday
15270,15271,191,13.0,7.0,2024-10-09,Wednesday
15271,15272,122,18.0,2.0,2024-10-22,Tuesday
15272,15273,229,6.0,2.0,2024-10-14,Monday
15273,15274,223,12.0,1.0,2024-10-28,Monday
15274,15275,80,22.0,9.0,2024-10-20,Sunday
15276,15277,152,23.0,10.0,2024-10-04,Friday
15277,15278,24,14.0,3.0,2024-10-22,Tuesday
15278,15279,76,24.0,3.0,2024-10-23,Wednesday
15279,15280,218,9.0,6.0,2024-10-05,Saturday
15280,15281,105,13.0,5.0,2024-10-09,Wednesday
15281,15282,62,5.0,5.0,2024-10-02,Wednesday
15282,15283,69,13.0,5.0,2024-10-01,Tuesday
15283,15284,217,25.0,5.0,2024-10-24,Thursday
15284,15285,6,16.0,10.0,2024-10-20,Sunday
15285,15286,292,17.0,8.0,2024-10-28,Monday
15286,15287,64,23.0,7.0,2024-10-24,Thursday
15287,15288,32,15.0,7.0,2024-10-09,Wednesday
15289,15290,81,21.0,2.0,2024-10-28,Monday
15290,15291,287,13.0,5.0,2024-10-23,Wednesday
15291,15292,183,9.0,3.0,2024-10-24,Thursday
15292,15293,209,8.0,1.0,2024-10-13,Sunday
15293,15294,89,17.0,5.0,2024-10-07,Monday
15294,15295,169,14.0,2.0,2024-10-13,Sunday
15295,15296,208,22.0,3.0,2024-10-24,Thursday
15296,15297,271,14.0,6.0,2024-10-06,Sunday
15297,15298,298,5.0,4.0,2024-10-24,Thursday
15298,15299,191,24.0,1.0,2024-10-27,Sunday
15299,15300,250,9.0,4.0,2024-10-19,Saturday
15300,15301,106,3.0,6.0,2024-10-07,Monday
15301,15302,273,5.0,2.0,2024-10-11,Friday
15302,15303,292,9.0,8.0,2024-10-05,Saturday
15303,15304,62,2.0,1.0,2024-10-19,Saturday
15304,15305,88,2.0,2.0,2024-10-16,Wednesday
15305,15306,76,7.0,5.0,2024-10-03,Thursday
15306,15307,141,12.0,2.0,2024-10-27,Sunday
15307,15308,195,1.0,8.0,2024-10-07,Monday
15308,15309,103,16.0,7.0,2024-10-11,Friday
15309,15310,114,15.0,3.0,2024-10-24,Thursday
15311,15312,114,2.0,1.0,2024-10-15,Tuesday
15312,15313,9,15.0,4.0,2024-10-24,Thursday
15313,15314,13,7.0,1.0,2024-10-03,Thursday
15314,15315,131,3.0,3.0,2024-10-08,Tuesday
15315,15316,91,13.0,10.0,2024-10-17,Thursday
15316,15317,288,7.0,8.0,2024-10-15,Tuesday
15317,15318,179,14.0,1.0,2024-10-16,Wednesday
15319,15320,124,14.0,6.0,2024-10-07,Monday
15320,15321,82,20.0,7.0,2024-10-24,Thursday
15321,15322,72,22.0,4.0,2024-10-26,Saturday
15322,15323,290,15.0,2.0,2024-10-03,Thursday
15323,15324,153,7.0,4.0,2024-10-03,Thursday
15324,15325,111,10.0,4.0,2024-10-17,Thursday
15325,15326,166,7.0,5.0,2024-10-03,Thursday
15326,15327,298,9.0,1.0,2024-10-01,Tuesday
15327,15328,210,20.0,1.0,2024-10-15,Tuesday
15328,15329,2,16.0,7.0,2024-10-04,Friday
15329,15330,57,21.0,2.0,2024-10-20,Sunday
15330,15331,288,1.0,7.0,2024-10-25,Friday
15331,15332,189,25.0,6.0,2024-10-10,Thursday
15332,15333,242,14.0,8.0,2024-10-17,Thursday
15333,15334,77,3.0,4.0,2024-10-12,Saturday
15334,15335,181,8.0,7.0,2024-10-16,Wednesday
15335,15336,120,2.0,6.0,2024-10-11,Friday
15336,15337,30,24.0,1.0,2024-10-06,Sunday
15337,15338,275,4.0,4.0,2024-10-22,Tuesday
15338,15339,253,25.0,7.0,2024-10-21,Monday
15339,15340,149,13.0,9.0,2024-10-18,Friday
15340,15341,184,10.0,5.0,2024-10-07,Monday
15341,15342,39,15.0,4.0,2024-10-06,Sunday
15342,15343,222,12.0,2.0,2024-10-06,Sunday
15343,15344,50,3.0,8.0,2024-10-24,Thursday
15344,15345,155,18.0,7.0,2024-10-16,Wednesday
15345,15346,296,23.0,2.0,2024-10-11,Friday
15346,15347,32,22.0,4.0,2024-10-28,Monday
15347,15348,127,12.0,9.0,2024-10-21,Monday
15348,15349,60,15.0,7.0,2024-10-21,Monday
15349,15350,150,9.0,1.0,2024-10-26,Saturday
15350,15351,263,21.0,8.0,2024-10-11,Friday
15351,15352,68,22.0,4.0,2024-10-05,Saturday
15352,15353,146,5.0,3.0,2024-10-05,Saturday
15354,15355,174,2.0,10.0,2024-10-01,Tuesday
15355,15356,72,1.0,3.0,2024-10-18,Friday
15356,15357,66,25.0,9.0,2024-10-15,Tuesday
15357,15358,87,16.0,7.0,2024-10-13,Sunday
15358,15359,25,25.0,9.0,2024-10-19,Saturday
15359,15360,243,21.0,2.0,2024-10-03,Thursday
15360,15361,289,11.0,7.0,2024-10-23,Wednesday
15361,15362,91,24.0,4.0,2024-10-09,Wednesday
15362,15363,204,8.0,4.0,2024-10-04,Friday
15363,15364,45,13.0,8.0,2024-10-02,Wednesday
15364,15365,217,9.0,1.0,2024-10-15,Tuesday
15365,15366,64,22.0,5.0,2024-10-16,Wednesday
15366,15367,64,3.0,10.0,2024-10-26,Saturday
15367,15368,56,8.0,7.0,2024-10-10,Thursday
15368,15369,173,16.0,4.0,2024-10-22,Tuesday
15369,15370,291,21.0,3.0,2024-10-02,Wednesday
15370,15371,136,4.0,8.0,2024-10-03,Thursday
15371,15372,51,8.0,3.0,2024-10-22,Tuesday
15372,15373,248,2.0,1.0,2024-10-22,Tuesday
15373,15374,299,10.0,8.0,2024-10-01,Tuesday
15374,15375,55,22.0,6.0,2024-10-17,Thursday
15375,15376,125,7.0,2.0,2024-10-13,Sunday
15376,15377,137,14.0,8.0,2024-10-19,Saturday
15377,15378,73,9.0,1.0,2024-10-21,Monday
15378,15379,77,2.0,3.0,2024-10-07,Monday
15379,15380,88,9.0,5.0,2024-10-11,Friday
15380,15381,212,13.0,3.0,2024-10-16,Wednesday
15381,15382,193,14.0,3.0,2024-10-27,Sunday
15382,15383,3,9.0,9.0,2024-10-15,Tuesday
15383,15384,11,22.0,9.0,2024-10-11,Friday
15384,15385,23,20.0,10.0,2024-10-11,Friday
15385,15386,186,13.0,8.0,2024-10-05,Saturday
15386,15387,300,21.0,1.0,2024-10-14,Monday
15387,15388,26,12.0,5.0,2024-10-12,Saturday
15388,15389,95,16.0,10.0,2024-10-06,Sunday
15389,15390,72,6.0,3.0,2024-10-19,Saturday
15390,15391,245,18.0,10.0,2024-10-27,Sunday
15391,15392,238,16.0,1.0,2024-10-02,Wednesday
15392,15393,38,16.0,5.0,2024-10-08,Tuesday
15393,15394,173,5.0,5.0,2024-10-10,Thursday
15394,15395,35,15.0,8.0,2024-10-11,Friday
15395,15396,215,4.0,9.0,2024-10-06,Sunday
15396,15397,212,4.0,2.0,2024-10-24,Thursday
15397,15398,67,13.0,3.0,2024-10-13,Sunday
15398,15399,27,6.0,4.0,2024-10-06,Sunday
15399,15400,274,2.0,2.0,2024-10-19,Saturday
15400,15401,130,15.0,9.0,2024-10-25,Friday
15401,15402,143,3.0,2.0,2024-10-05,Saturday
15403,15404,275,10.0,9.0,2024-10-04,Friday
15404,15405,187,14.0,6.0,2024-10-07,Monday
15405,15406,80,21.0,6.0,2024-10-23,Wednesday
15406,15407,100,24.0,5.0,2024-10-21,Monday
15407,15408,140,10.0,7.0,2024-10-03,Thursday
15408,15409,69,21.0,2.0,2024-10-13,Sunday
15409,15410,140,22.0,3.0,2024-10-07,Monday
15410,15411,4,11.0,4.0,2024-10-06,Sunday
15411,15412,234,5.0,7.0,2024-10-07,Monday
15412,15413,282,3.0,5.0,2024-10-11,Friday
15413,15414,11,5.0,3.0,2024-10-25,Friday
15414,15415,13,13.0,6.0,2024-10-18,Friday
15415,15416,93,24.0,3.0,2024-10-26,Saturday
15416,15417,159,24.0,3.0,2024-10-19,Saturday
15417,15418,113,14.0,4.0,2024-10-06,Sunday
15418,15419,40,6.0,2.0,2024-10-08,Tuesday
15419,15420,34,3.0,8.0,2024-10-14,Monday
15420,15421,155,9.0,8.0,2024-10-18,Friday
15421,15422,292,23.0,6.0,2024-10-05,Saturday
15422,15423,196,7.0,8.0,2024-10-22,Tuesday
15423,15424,64,7.0,8.0,2024-10-18,Friday
15424,15425,86,12.0,4.0,2024-10-27,Sunday
15425,15426,15,21.0,2.0,2024-10-08,Tuesday
15426,15427,90,3.0,4.0,2024-10-17,Thursday
15427,15428,177,20.0,10.0,2024-10-15,Tuesday
15428,15429,209,15.0,7.0,2024-10-18,Friday
15429,15430,155,6.0,1.0,2024-10-05,Saturday
15431,15432,128,20.0,4.0,2024-10-03,Thursday
15432,15433,45,14.0,10.0,2024-10-27,Sunday
15433,15434,101,6.0,1.0,2024-10-12,Saturday
15434,15435,253,2.0,7.0,2024-10-01,Tuesday
15435,15436,283,13.0,3.0,2024-10-22,Tuesday
15436,15437,26,14.0,5.0,2024-10-13,Sunday
15437,15438,246,11.0,5.0,2024-10-03,Thursday
15438,15439,195,15.0,10.0,2024-10-22,Tuesday
15439,15440,113,13.0,9.0,2024-10-21,Monday
15440,15441,98,4.0,9.0,2024-10-25,Friday
15441,15442,99,1.0,10.0,2024-10-28,Monday
15442,15443,49,16.0,5.0,2024-10-14,Monday
15443,15444,106,2.0,4.0,2024-10-08,Tuesday
15444,15445,60,4.0,9.0,2024-10-03,Thursday
15445,15446,108,6.0,8.0,2024-10-16,Wednesday
15446,15447,224,13.0,6.0,2024-10-07,Monday
15447,15448,244,5.0,3.0,2024-10-28,Monday
15448,15449,285,19.0,3.0,2024-10-19,Saturday
15449,15450,207,1.0,10.0,2024-10-27,Sunday
15450,15451,297,13.0,6.0,2024-10-15,Tuesday
15451,15452,21,11.0,8.0,2024-10-12,Saturday
15452,15453,25,23.0,1.0,2024-10-25,Friday
15453,15454,156,2.0,2.0,2024-10-13,Sunday
15454,15455,155,25.0,10.0,2024-10-25,Friday
15455,15456,212,8.0,7.0,2024-10-03,Thursday
15456,15457,293,9.0,7.0,2024-10-19,Saturday
15457,15458,109,14.0,8.0,2024-10-13,Sunday
15458,15459,207,21.0,10.0,2024-10-14,Monday
15459,15460,103,13.0,8.0,2024-10-10,Thursday
15460,15461,97,10.0,5.0,2024-10-16,Wednesday
15461,15462,169,11.0,7.0,2024-10-20,Sunday
15462,15463,88,15.0,8.0,2024-10-26,Saturday
15463,15464,241,1.0,7.0,2024-10-03,Thursday
15464,15465,28,22.0,3.0,2024-10-23,Wednesday
15465,15466,269,15.0,7.0,2024-10-01,Tuesday
15466,15467,88,21.0,2.0,2024-10-19,Saturday
15467,15468,224,5.0,2.0,2024-10-23,Wednesday
15468,15469,265,20.0,9.0,2024-10-24,Thursday
15469,15470,113,15.0,6.0,2024-10-03,Thursday
15470,15471,42,22.0,1.0,2024-10-16,Wednesday
15471,15472,114,17.0,3.0,2024-10-11,Friday
15472,15473,210,3.0,7.0,2024-10-11,Friday
15473,15474,90,11.0,3.0,2024-10-12,Saturday
15474,15475,147,21.0,9.0,2024-10-08,Tuesday
15475,15476,195,16.0,2.0,2024-10-09,Wednesday
15476,15477,140,20.0,4.0,2024-10-10,Thursday
15477,15478,234,16.0,3.0,2024-10-09,Wednesday
15478,15479,138,25.0,3.0,2024-10-28,Monday
15479,15480,250,19.0,9.0,2024-10-16,Wednesday
15480,15481,222,19.0,9.0,2024-10-19,Saturday
15481,15482,253,3.0,4.0,2024-10-08,Tuesday
15482,15483,97,12.0,10.0,2024-10-05,Saturday
15483,15484,264,9.0,3.0,2024-10-04,Friday
15484,15485,193,5.0,1.0,2024-10-20,Sunday
15485,15486,124,9.0,7.0,2024-10-13,Sunday
15486,15487,278,12.0,2.0,2024-10-08,Tuesday
15487,15488,96,15.0,3.0,2024-10-15,Tuesday
15488,15489,25,11.0,5.0,2024-10-19,Saturday
15489,15490,64,14.0,2.0,2024-10-02,Wednesday
15490,15491,99,8.0,8.0,2024-10-16,Wednesday
15491,15492,24,9.0,4.0,2024-10-28,Monday
15492,15493,74,2.0,1.0,2024-10-18,Friday
15493,15494,177,19.0,8.0,2024-10-07,Monday
15494,15495,246,25.0,2.0,2024-10-04,Friday
15495,15496,297,14.0,4.0,2024-10-16,Wednesday
15496,15497,137,18.0,7.0,2024-10-08,Tuesday
15497,15498,131,1.0,8.0,2024-10-27,Sunday
15498,15499,13,21.0,9.0,2024-10-03,Thursday
15499,15500,50,25.0,6.0,2024-10-23,Wednesday
15500,15501,151,16.0,5.0,2024-10-24,Thursday
15501,15502,46,16.0,8.0,2024-10-18,Friday
15502,15503,268,15.0,8.0,2024-10-10,Thursday
15503,15504,165,7.0,3.0,2024-10-02,Wednesday
15504,15505,57,20.0,8.0,2024-10-10,Thursday
15505,15506,275,21.0,6.0,2024-10-07,Monday
15506,15507,164,2.0,7.0,2024-10-07,Monday
15507,15508,186,10.0,1.0,2024-10-10,Thursday
15508,15509,105,15.0,4.0,2024-10-05,Saturday
15509,15510,266,20.0,5.0,2024-10-18,Friday
15510,15511,211,12.0,4.0,2024-10-17,Thursday
15511,15512,16,25.0,9.0,2024-10-16,Wednesday
15512,15513,92,22.0,8.0,2024-10-03,Thursday
15513,15514,39,21.0,2.0,2024-10-16,Wednesday
15514,15515,31,19.0,6.0,2024-10-10,Thursday
15515,15516,259,4.0,2.0,2024-10-18,Friday
15516,15517,204,23.0,2.0,2024-10-01,Tuesday
15517,15518,10,3.0,1.0,2024-10-22,Tuesday
15518,15519,62,11.0,7.0,2024-10-25,Friday
15519,15520,262,16.0,1.0,2024-10-16,Wednesday
15520,15521,164,10.0,6.0,2024-10-28,Monday
15521,15522,227,21.0,6.0,2024-10-22,Tuesday
15522,15523,197,24.0,9.0,2024-10-13,Sunday
15523,15524,52,25.0,9.0,2024-10-20,Sunday
15524,15525,95,23.0,8.0,2024-10-20,Sunday
15525,15526,172,24.0,5.0,2024-10-05,Saturday
15526,15527,221,22.0,4.0,2024-10-18,Friday
15527,15528,185,6.0,1.0,2024-10-21,Monday
15528,15529,230,8.0,4.0,2024-10-05,Saturday
15529,15530,190,14.0,10.0,2024-10-10,Thursday
15530,15531,143,15.0,1.0,2024-10-07,Monday
15531,15532,7,11.0,3.0,2024-10-08,Tuesday
15532,15533,122,11.0,1.0,2024-10-22,Tuesday
15533,15534,93,14.0,4.0,2024-10-18,Friday
15534,15535,236,1.0,7.0,2024-10-22,Tuesday
15535,15536,52,13.0,2.0,2024-10-22,Tuesday
15536,15537,156,18.0,4.0,2024-10-19,Saturday
15537,15538,91,21.0,2.0,2024-10-24,Thursday
15538,15539,189,17.0,3.0,2024-10-20,Sunday
15539,15540,114,3.0,4.0,2024-10-28,Monday
15540,15541,67,9.0,1.0,2024-10-11,Friday
15541,15542,130,8.0,2.0,2024-10-19,Saturday
15542,15543,150,9.0,1.0,2024-10-07,Monday
15543,15544,207,19.0,9.0,2024-10-14,Monday
15544,15545,91,18.0,1.0,2024-10-15,Tuesday
15545,15546,81,10.0,8.0,2024-10-21,Monday
15546,15547,51,12.0,10.0,2024-10-26,Saturday
15547,15548,72,20.0,5.0,2024-10-15,Tuesday
15548,15549,86,5.0,10.0,2024-10-09,Wednesday
15550,15551,193,15.0,3.0,2024-10-03,Thursday
15551,15552,57,7.0,4.0,2024-10-19,Saturday
15552,15553,263,8.0,1.0,2024-10-01,Tuesday
15553,15554,1,10.0,5.0,2024-10-12,Saturday
15554,15555,203,7.0,4.0,2024-10-09,Wednesday
15555,15556,62,21.0,10.0,2024-10-07,Monday
15556,15557,68,11.0,7.0,2024-10-05,Saturday
15557,15558,119,4.0,2.0,2024-10-06,Sunday
15558,15559,47,11.0,10.0,2024-10-21,Monday
15559,15560,175,21.0,5.0,2024-10-17,Thursday
15560,15561,13,20.0,8.0,2024-10-20,Sunday
15561,15562,6,24.0,7.0,2024-10-15,Tuesday
15562,15563,61,6.0,7.0,2024-10-20,Sunday
15563,15564,81,20.0,8.0,2024-10-14,Monday
15564,15565,269,15.0,8.0,2024-10-27,Sunday
15565,15566,160,17.0,7.0,2024-10-17,Thursday
15566,15567,49,11.0,9.0,2024-10-13,Sunday
15567,15568,112,20.0,4.0,2024-10-02,Wednesday
15568,15569,269,7.0,8.0,2024-10-27,Sunday
15569,15570,117,22.0,10.0,2024-10-17,Thursday
15570,15571,98,8.0,6.0,2024-10-13,Sunday
15571,15572,291,3.0,8.0,2024-10-07,Monday
15572,15573,259,23.0,10.0,2024-10-24,Thursday
15573,15574,90,16.0,7.0,2024-10-03,Thursday
15574,15575,241,17.0,2.0,2024-10-23,Wednesday
15575,15576,291,17.0,6.0,2024-10-06,Sunday
15576,15577,101,5.0,10.0,2024-10-11,Friday
15577,15578,209,15.0,1.0,2024-10-17,Thursday
15578,15579,288,15.0,8.0,2024-10-18,Friday
15579,15580,219,21.0,7.0,2024-10-25,Friday
15580,15581,20,11.0,10.0,2024-10-25,Friday
15581,15582,233,14.0,6.0,2024-10-21,Monday
15582,15583,297,15.0,10.0,2024-10-24,Thursday
15583,15584,261,15.0,9.0,2024-10-15,Tuesday
15584,15585,127,22.0,1.0,2024-10-03,Thursday
15585,15586,4,11.0,7.0,2024-10-28,Monday
15586,15587,236,3.0,10.0,2024-10-03,Thursday
15587,15588,111,12.0,10.0,2024-10-16,Wednesday
15588,15589,183,11.0,3.0,2024-10-24,Thursday
15589,15590,267,16.0,9.0,2024-10-07,Monday
15590,15591,104,12.0,4.0,2024-10-26,Saturday
15591,15592,47,21.0,6.0,2024-10-10,Thursday
15592,15593,118,4.0,5.0,2024-10-02,Wednesday
15593,15594,150,19.0,10.0,2024-10-27,Sunday
15594,15595,113,7.0,9.0,2024-10-26,Saturday
15595,15596,279,10.0,5.0,2024-10-03,Thursday
15596,15597,229,5.0,1.0,2024-10-16,Wednesday
15597,15598,181,19.0,7.0,2024-10-12,Saturday
15598,15599,183,6.0,1.0,2024-10-03,Thursday
15599,15600,120,7.0,6.0,2024-10-18,Friday
15600,15601,238,25.0,10.0,2024-10-24,Thursday
15601,15602,94,19.0,1.0,2024-10-18,Friday
15602,15603,219,21.0,5.0,2024-10-12,Saturday
15603,15604,116,25.0,4.0,2024-10-16,Wednesday
15604,15605,3,4.0,5.0,2024-10-04,Friday
15605,15606,110,9.0,9.0,2024-10-24,Thursday
15607,15608,192,2.0,5.0,2024-10-10,Thursday
15608,15609,234,23.0,6.0,2024-10-28,Monday
15609,15610,262,13.0,1.0,2024-10-15,Tuesday
15610,15611,70,1.0,1.0,2024-10-08,Tuesday
15611,15612,28,6.0,8.0,2024-10-13,Sunday
15612,15613,37,17.0,8.0,2024-10-12,Saturday
15613,15614,288,7.0,9.0,2024-10-13,Sunday
15614,15615,195,18.0,9.0,2024-10-07,Monday
15615,15616,61,9.0,5.0,2024-10-22,Tuesday
15616,15617,154,24.0,8.0,2024-10-05,Saturday
15617,15618,144,24.0,9.0,2024-10-14,Monday
15618,15619,290,23.0,7.0,2024-10-18,Friday
15619,15620,215,25.0,5.0,2024-10-03,Thursday
15620,15621,229,13.0,6.0,2024-10-19,Saturday
15621,15622,8,23.0,3.0,2024-10-26,Saturday
15622,15623,105,16.0,9.0,2024-10-06,Sunday
15623,15624,205,2.0,5.0,2024-10-07,Monday
15624,15625,246,9.0,6.0,2024-10-22,Tuesday
15625,15626,61,17.0,3.0,2024-10-05,Saturday
15626,15627,272,22.0,1.0,2024-10-14,Monday
15627,15628,104,24.0,4.0,2024-10-26,Saturday
15628,15629,18,13.0,1.0,2024-10-16,Wednesday
15629,15630,70,11.0,9.0,2024-10-15,Tuesday
15630,15631,16,2.0,10.0,2024-10-12,Saturday
15631,15632,55,18.0,3.0,2024-10-07,Monday
15632,15633,169,9.0,7.0,2024-10-06,Sunday
15633,15634,166,14.0,6.0,2024-10-13,Sunday
15634,15635,22,3.0,9.0,2024-10-24,Thursday
15635,15636,105,16.0,7.0,2024-10-11,Friday
15636,15637,181,6.0,8.0,2024-10-23,Wednesday
15637,15638,15,20.0,1.0,2024-10-25,Friday
15638,15639,102,10.0,6.0,2024-10-06,Sunday
15639,15640,289,12.0,9.0,2024-10-22,Tuesday
15640,15641,87,13.0,2.0,2024-10-13,Sunday
15641,15642,242,18.0,2.0,2024-10-13,Sunday
15642,15643,22,15.0,4.0,2024-10-13,Sunday
15643,15644,69,1.0,10.0,2024-10-05,Saturday
15644,15645,253,15.0,9.0,2024-10-07,Monday
15645,15646,95,8.0,9.0,2024-10-26,Saturday
15646,15647,140,13.0,2.0,2024-10-02,Wednesday
15647,15648,31,12.0,4.0,2024-10-13,Sunday
15648,15649,252,9.0,3.0,2024-10-21,Monday
15649,15650,170,15.0,3.0,2024-10-03,Thursday
15650,15651,55,18.0,2.0,2024-10-17,Thursday
15651,15652,210,24.0,4.0,2024-10-25,Friday
15652,15653,178,20.0,9.0,2024-10-10,Thursday
15653,15654,166,13.0,4.0,2024-10-10,Thursday
15654,15655,267,5.0,5.0,2024-10-10,Thursday
15655,15656,41,10.0,7.0,2024-10-18,Friday
15656,15657,272,12.0,4.0,2024-10-10,Thursday
15657,15658,93,11.0,8.0,2024-10-19,Saturday
15658,15659,226,23.0,1.0,2024-10-09,Wednesday
15659,15660,171,19.0,8.0,2024-10-14,Monday
15660,15661,166,19.0,9.0,2024-10-20,Sunday
15661,15662,136,23.0,6.0,2024-10-03,Thursday
15662,15663,151,7.0,9.0,2024-10-21,Monday
15663,15664,68,4.0,2.0,2024-10-18,Friday
15664,15665,90,13.0,4.0,2024-10-22,Tuesday
15665,15666,266,11.0,3.0,2024-10-06,Sunday
15666,15667,47,4.0,8.0,2024-10-17,Thursday
15667,15668,226,22.0,7.0,2024-10-15,Tuesday
15668,15669,259,17.0,7.0,2024-10-04,Friday
15669,15670,290,19.0,4.0,2024-10-14,Monday
15670,15671,228,7.0,2.0,2024-10-19,Saturday
15671,15672,89,15.0,9.0,2024-10-23,Wednesday
15672,15673,172,12.0,7.0,2024-10-07,Monday
15673,15674,118,5.0,4.0,2024-10-26,Saturday
15674,15675,233,21.0,3.0,2024-10-09,Wednesday
15675,15676,207,9.0,8.0,2024-10-26,Saturday
15676,15677,47,6.0,6.0,2024-10-04,Friday
15677,15678,287,17.0,10.0,2024-10-18,Friday
15678,15679,56,18.0,7.0,2024-10-08,Tuesday
15679,15680,232,6.0,2.0,2024-10-04,Friday
15680,15681,1,20.0,3.0,2024-10-03,Thursday
15681,15682,286,7.0,10.0,2024-10-07,Monday
15682,15683,211,25.0,8.0,2024-10-26,Saturday
15683,15684,27,21.0,10.0,2024-10-02,Wednesday
15684,15685,199,18.0,1.0,2024-10-03,Thursday
15685,15686,229,8.0,8.0,2024-10-09,Wednesday
15686,15687,129,11.0,10.0,2024-10-27,Sunday
15687,15688,271,14.0,3.0,2024-10-12,Saturday
15688,15689,68,20.0,4.0,2024-10-19,Saturday
15689,15690,37,22.0,2.0,2024-10-24,Thursday
15690,15691,266,3.0,2.0,2024-10-10,Thursday
15692,15693,85,12.0,2.0,2024-10-09,Wednesday
15693,15694,124,14.0,9.0,2024-10-09,Wednesday
15694,15695,209,16.0,9.0,2024-10-12,Saturday
15695,15696,268,8.0,4.0,2024-10-08,Tuesday
15696,15697,137,3.0,8.0,2024-10-03,Thursday
15698,15699,290,18.0,3.0,2024-10-18,Friday
15699,15700,180,16.0,9.0,2024-10-06,Sunday
15700,15701,280,1.0,2.0,2024-10-18,Friday
15701,15702,78,20.0,4.0,2024-10-02,Wednesday
15702,15703,54,7.0,8.0,2024-10-02,Wednesday
15703,15704,102,20.0,9.0,2024-10-16,Wednesday
15704,15705,179,23.0,2.0,2024-10-10,Thursday
15705,15706,265,16.0,5.0,2024-10-14,Monday
15706,15707,18,17.0,4.0,2024-10-22,Tuesday
15707,15708,96,13.0,9.0,2024-10-09,Wednesday
15708,15709,174,13.0,1.0,2024-10-25,Friday
15709,15710,262,24.0,10.0,2024-10-25,Friday
15710,15711,162,17.0,7.0,2024-10-09,Wednesday
15711,15712,262,4.0,10.0,2024-10-24,Thursday
15712,15713,251,13.0,7.0,2024-10-08,Tuesday
15713,15714,72,14.0,9.0,2024-10-19,Saturday
15714,15715,251,5.0,5.0,2024-10-22,Tuesday
15715,15716,168,23.0,6.0,2024-10-16,Wednesday
15716,15717,295,3.0,10.0,2024-10-19,Saturday
15717,15718,286,2.0,10.0,2024-10-28,Monday
15718,15719,267,24.0,6.0,2024-10-01,Tuesday
15719,15720,103,2.0,7.0,2024-10-10,Thursday
15720,15721,149,10.0,10.0,2024-10-26,Saturday
15721,15722,155,8.0,6.0,2024-10-21,Monday
15722,15723,109,19.0,3.0,2024-10-18,Friday
15723,15724,115,9.0,10.0,2024-10-25,Friday
15724,15725,162,5.0,10.0,2024-10-03,Thursday
15725,15726,56,4.0,9.0,2024-10-12,Saturday
15726,15727,58,11.0,4.0,2024-10-21,Monday
15727,15728,156,8.0,10.0,2024-10-05,Saturday
15728,15729,163,13.0,8.0,2024-10-02,Wednesday
15729,15730,245,3.0,5.0,2024-10-28,Monday
15730,15731,11,16.0,4.0,2024-10-13,Sunday
15731,15732,280,17.0,9.0,2024-10-28,Monday
15732,15733,153,2.0,7.0,2024-10-28,Monday
15733,15734,280,6.0,2.0,2024-10-22,Tuesday
15734,15735,224,9.0,5.0,2024-10-07,Monday
15735,15736,200,8.0,6.0,2024-10-02,Wednesday
15736,15737,25,9.0,2.0,2024-10-12,Saturday
15737,15738,13,10.0,10.0,2024-10-22,Tuesday
15738,15739,168,24.0,2.0,2024-10-20,Sunday
15739,15740,227,15.0,8.0,2024-10-20,Sunday
15740,15741,46,8.0,8.0,2024-10-27,Sunday
15741,15742,243,11.0,7.0,2024-10-06,Sunday
15742,15743,150,19.0,9.0,2024-10-17,Thursday
15743,15744,68,15.0,10.0,2024-10-22,Tuesday
15744,15745,42,5.0,3.0,2024-10-08,Tuesday
15745,15746,172,16.0,9.0,2024-10-04,Friday
15746,15747,19,7.0,1.0,2024-10-21,Monday
15747,15748,286,24.0,10.0,2024-10-24,Thursday
15748,15749,150,19.0,5.0,2024-10-21,Monday
15749,15750,2,2.0,6.0,2024-10-12,Saturday
15750,15751,12,20.0,8.0,2024-10-26,Saturday
15751,15752,139,1.0,7.0,2024-10-11,Friday
15752,15753,254,7.0,3.0,2024-10-24,Thursday
15753,15754,167,10.0,9.0,2024-10-07,Monday
15754,15755,119,8.0,3.0,2024-10-22,Tuesday
15755,15756,286,22.0,9.0,2024-10-04,Friday
15756,15757,76,12.0,1.0,2024-10-20,Sunday
15757,15758,186,14.0,8.0,2024-10-08,Tuesday
15758,15759,70,12.0,8.0,2024-10-04,Friday
15759,15760,164,11.0,1.0,2024-10-23,Wednesday
15760,15761,82,17.0,1.0,2024-10-15,Tuesday
15761,15762,79,22.0,7.0,2024-10-19,Saturday
15762,15763,59,14.0,7.0,2024-10-03,Thursday
15763,15764,106,14.0,8.0,2024-10-06,Sunday
15764,15765,111,12.0,2.0,2024-10-21,Monday
15765,15766,13,23.0,7.0,2024-10-28,Monday
15766,15767,234,8.0,9.0,2024-10-08,Tuesday
15767,15768,28,10.0,5.0,2024-10-04,Friday
15768,15769,41,9.0,10.0,2024-10-18,Friday
15769,15770,197,14.0,1.0,2024-10-27,Sunday
15770,15771,270,9.0,2.0,2024-10-13,Sunday
15771,15772,15,5.0,9.0,2024-10-02,Wednesday
15772,15773,166,17.0,10.0,2024-10-14,Monday
15773,15774,164,2.0,7.0,2024-10-19,Saturday
15774,15775,82,11.0,3.0,2024-10-16,Wednesday
15775,15776,10,13.0,6.0,2024-10-25,Friday
15776,15777,171,1.0,5.0,2024-10-08,Tuesday
15777,15778,136,25.0,3.0,2024-10-27,Sunday
15778,15779,48,19.0,8.0,2024-10-22,Tuesday
15779,15780,23,8.0,6.0,2024-10-11,Friday
15780,15781,171,10.0,6.0,2024-10-03,Thursday
15781,15782,233,19.0,9.0,2024-10-21,Monday
15782,15783,192,12.0,4.0,2024-10-22,Tuesday
15783,15784,196,13.0,10.0,2024-10-25,Friday
15784,15785,37,14.0,1.0,2024-10-27,Sunday
15785,15786,139,13.0,6.0,2024-10-18,Friday
15786,15787,298,15.0,9.0,2024-10-12,Saturday
15787,15788,92,2.0,10.0,2024-10-09,Wednesday
15788,15789,97,10.0,10.0,2024-10-06,Sunday
15789,15790,296,14.0,5.0,2024-10-08,Tuesday
15790,15791,225,15.0,10.0,2024-10-18,Friday
15792,15793,137,4.0,3.0,2024-10-28,Monday
15793,15794,169,15.0,9.0,2024-10-19,Saturday
15795,15796,260,5.0,3.0,2024-10-23,Wednesday
15796,15797,12,10.0,4.0,2024-10-05,Saturday
15797,15798,148,2.0,7.0,2024-10-17,Thursday
15798,15799,5,1.0,8.0,2024-10-16,Wednesday
15799,15800,19,8.0,3.0,2024-10-27,Sunday
15800,15801,171,11.0,2.0,2024-10-03,Thursday
15801,15802,256,6.0,7.0,2024-10-05,Saturday
15802,15803,97,6.0,6.0,2024-10-16,Wednesday
15803,15804,271,9.0,7.0,2024-10-22,Tuesday
15804,15805,104,20.0,9.0,2024-10-23,Wednesday
15805,15806,169,14.0,3.0,2024-10-23,Wednesday
15806,15807,81,19.0,7.0,2024-10-17,Thursday
15807,15808,79,9.0,5.0,2024-10-17,Thursday
15808,15809,140,24.0,8.0,2024-10-13,Sunday
15809,15810,33,10.0,5.0,2024-10-27,Sunday
15810,15811,214,8.0,7.0,2024-10-10,Thursday
15811,15812,7,11.0,8.0,2024-10-12,Saturday
15812,15813,92,7.0,4.0,2024-10-24,Thursday
15813,15814,20,20.0,4.0,2024-10-12,Saturday
15814,15815,21,13.0,2.0,2024-10-20,Sunday
15815,15816,293,15.0,9.0,2024-10-14,Monday
15816,15817,280,3.0,8.0,2024-10-06,Sunday
15817,15818,194,17.0,8.0,2024-10-27,Sunday
15818,15819,268,7.0,2.0,2024-10-11,Friday
15819,15820,291,10.0,3.0,2024-10-06,Sunday
15821,15822,153,6.0,2.0,2024-10-17,Thursday
15822,15823,77,2.0,10.0,2024-10-18,Friday
15823,15824,285,14.0,3.0,2024-10-07,Monday
15824,15825,211,18.0,3.0,2024-10-08,Tuesday
15825,15826,280,18.0,10.0,2024-10-14,Monday
15826,15827,16,3.0,2.0,2024-10-16,Wednesday
15828,15829,68,18.0,3.0,2024-10-02,Wednesday
15829,15830,130,9.0,4.0,2024-10-12,Saturday
15830,15831,31,17.0,8.0,2024-10-12,Saturday
15831,15832,130,25.0,2.0,2024-10-28,Monday
15832,15833,156,5.0,8.0,2024-10-04,Friday
15833,15834,190,21.0,6.0,2024-10-11,Friday
15834,15835,295,15.0,3.0,2024-10-15,Tuesday
15835,15836,185,10.0,3.0,2024-10-19,Saturday
15836,15837,239,25.0,3.0,2024-10-12,Saturday
15837,15838,239,11.0,4.0,2024-10-06,Sunday
15838,15839,291,10.0,3.0,2024-10-24,Thursday
15839,15840,256,21.0,4.0,2024-10-09,Wednesday
15840,15841,45,24.0,6.0,2024-10-13,Sunday
15841,15842,224,20.0,2.0,2024-10-13,Sunday
15842,15843,115,5.0,9.0,2024-10-05,Saturday
15843,15844,3,6.0,4.0,2024-10-27,Sunday
15844,15845,296,25.0,10.0,2024-10-05,Saturday
15845,15846,35,9.0,8.0,2024-10-05,Saturday
15846,15847,295,8.0,1.0,2024-10-23,Wednesday
15847,15848,49,12.0,1.0,2024-10-19,Saturday
15848,15849,126,9.0,7.0,2024-10-11,Friday
15849,15850,146,17.0,8.0,2024-10-11,Friday
15850,15851,144,6.0,1.0,2024-10-12,Saturday
15851,15852,20,2.0,7.0,2024-10-18,Friday
15852,15853,190,6.0,9.0,2024-10-16,Wednesday
15853,15854,147,12.0,2.0,2024-10-28,Monday
15854,15855,199,25.0,5.0,2024-10-07,Monday
15855,15856,65,23.0,5.0,2024-10-19,Saturday
15856,15857,183,14.0,2.0,2024-10-16,Wednesday
15857,15858,129,19.0,6.0,2024-10-19,Saturday
15858,15859,50,9.0,4.0,2024-10-15,Tuesday
15859,15860,5,6.0,3.0,2024-10-06,Sunday
15860,15861,154,15.0,1.0,2024-10-09,Wednesday
15861,15862,223,20.0,6.0,2024-10-21,Monday
15862,15863,28,4.0,8.0,2024-10-16,Wednesday
15863,15864,64,11.0,7.0,2024-10-18,Friday
15864,15865,221,1.0,9.0,2024-10-02,Wednesday
15866,15867,67,9.0,3.0,2024-10-14,Monday
15867,15868,280,18.0,3.0,2024-10-25,Friday
15868,15869,233,14.0,10.0,2024-10-25,Friday
15869,15870,65,5.0,6.0,2024-10-01,Tuesday
15870,15871,152,25.0,1.0,2024-10-05,Saturday
15871,15872,163,6.0,4.0,2024-10-07,Monday
15872,15873,90,25.0,2.0,2024-10-10,Thursday
15873,15874,174,17.0,2.0,2024-10-26,Saturday
15874,15875,277,2.0,6.0,2024-10-28,Monday
15875,15876,14,9.0,2.0,2024-10-11,Friday
15876,15877,271,1.0,7.0,2024-10-09,Wednesday
15877,15878,196,2.0,4.0,2024-10-10,Thursday
15878,15879,193,14.0,8.0,2024-10-16,Wednesday
15879,15880,209,23.0,1.0,2024-10-15,Tuesday
15880,15881,21,6.0,9.0,2024-10-15,Tuesday
15881,15882,276,6.0,6.0,2024-10-04,Friday
15882,15883,40,14.0,7.0,2024-10-26,Saturday
15883,15884,192,21.0,10.0,2024-10-05,Saturday
15884,15885,198,3.0,6.0,2024-10-04,Friday
15885,15886,195,12.0,5.0,2024-10-09,Wednesday
15886,15887,98,18.0,5.0,2024-10-03,Thursday
15887,15888,176,9.0,9.0,2024-10-18,Friday
15888,15889,52,11.0,6.0,2024-10-02,Wednesday
15889,15890,270,1.0,5.0,2024-10-25,Friday
15890,15891,12,20.0,5.0,2024-10-26,Saturday
15891,15892,150,13.0,3.0,2024-10-23,Wednesday
15892,15893,243,12.0,4.0,2024-10-25,Friday
15893,15894,30,24.0,9.0,2024-10-03,Thursday
15894,15895,85,18.0,8.0,2024-10-17,Thursday
15895,15896,232,4.0,10.0,2024-10-14,Monday
15896,15897,142,2.0,9.0,2024-10-08,Tuesday
15897,15898,165,1.0,8.0,2024-10-20,Sunday
15898,15899,64,17.0,8.0,2024-10-15,Tuesday
15899,15900,153,8.0,10.0,2024-10-22,Tuesday
15900,15901,22,24.0,1.0,2024-10-02,Wednesday
15901,15902,27,3.0,2.0,2024-10-25,Friday
15902,15903,299,2.0,2.0,2024-10-07,Monday
15903,15904,102,10.0,2.0,2024-10-22,Tuesday
15904,15905,50,7.0,3.0,2024-10-06,Sunday
15906,15907,70,1.0,7.0,2024-10-28,Monday
15907,15908,133,18.0,2.0,2024-10-01,Tuesday
15908,15909,136,24.0,6.0,2024-10-22,Tuesday
15909,15910,240,3.0,8.0,2024-10-24,Thursday
15910,15911,143,13.0,3.0,2024-10-13,Sunday
15911,15912,34,11.0,10.0,2024-10-01,Tuesday
15912,15913,96,18.0,7.0,2024-10-11,Friday
15913,15914,83,12.0,5.0,2024-10-08,Tuesday
15914,15915,118,25.0,2.0,2024-10-13,Sunday
15915,15916,281,18.0,2.0,2024-10-19,Saturday
15916,15917,32,10.0,6.0,2024-10-20,Sunday
15917,15918,268,17.0,2.0,2024-10-23,Wednesday
15918,15919,158,19.0,9.0,2024-10-20,Sunday
15919,15920,246,13.0,9.0,2024-10-20,Sunday
15920,15921,30,13.0,7.0,2024-10-08,Tuesday
15921,15922,199,11.0,10.0,2024-10-20,Sunday
15922,15923,188,22.0,3.0,2024-10-17,Thursday
15923,15924,162,12.0,10.0,2024-10-01,Tuesday
15924,15925,295,14.0,10.0,2024-10-24,Thursday
15926,15927,67,17.0,8.0,2024-10-12,Saturday
15927,15928,114,22.0,1.0,2024-10-20,Sunday
15928,15929,41,22.0,6.0,2024-10-09,Wednesday
15929,15930,69,4.0,10.0,2024-10-10,Thursday
15930,15931,199,22.0,2.0,2024-10-27,Sunday
15931,15932,287,17.0,3.0,2024-10-03,Thursday
15932,15933,233,23.0,6.0,2024-10-21,Monday
15933,15934,275,24.0,1.0,2024-10-01,Tuesday
15934,15935,95,23.0,7.0,2024-10-03,Thursday
15935,15936,174,11.0,8.0,2024-10-27,Sunday
15937,15938,175,10.0,8.0,2024-10-22,Tuesday
15938,15939,265,22.0,4.0,2024-10-02,Wednesday
15939,15940,89,12.0,2.0,2024-10-11,Friday
15940,15941,120,21.0,2.0,2024-10-09,Wednesday
15941,15942,271,22.0,3.0,2024-10-01,Tuesday
15942,15943,279,8.0,7.0,2024-10-20,Sunday
15943,15944,154,19.0,4.0,2024-10-20,Sunday
15944,15945,82,11.0,9.0,2024-10-27,Sunday
15945,15946,1,15.0,4.0,2024-10-17,Thursday
15946,15947,297,24.0,8.0,2024-10-27,Sunday
15947,15948,138,16.0,10.0,2024-10-19,Saturday
15948,15949,244,3.0,10.0,2024-10-15,Tuesday
15949,15950,194,20.0,9.0,2024-10-13,Sunday
15950,15951,133,19.0,2.0,2024-10-13,Sunday
15951,15952,130,8.0,3.0,2024-10-22,Tuesday
15952,15953,9,5.0,9.0,2024-10-21,Monday
15953,15954,51,9.0,5.0,2024-10-14,Monday
15954,15955,274,4.0,10.0,2024-10-12,Saturday
15955,15956,266,10.0,9.0,2024-10-17,Thursday
15956,15957,154,10.0,10.0,2024-10-08,Tuesday
15957,15958,76,6.0,9.0,2024-10-16,Wednesday
15958,15959,200,21.0,4.0,2024-10-07,Monday
15959,15960,96,15.0,4.0,2024-10-09,Wednesday
15960,15961,190,12.0,7.0,2024-10-24,Thursday
15961,15962,2,18.0,1.0,2024-10-05,Saturday
15962,15963,252,4.0,8.0,2024-10-20,Sunday
15963,15964,87,22.0,9.0,2024-10-02,Wednesday
15964,15965,46,17.0,9.0,2024-10-15,Tuesday
15965,15966,64,12.0,7.0,2024-10-26,Saturday
15966,15967,164,23.0,5.0,2024-10-14,Monday
15967,15968,123,24.0,8.0,2024-10-06,Sunday
15968,15969,230,21.0,2.0,2024-10-04,Friday
15969,15970,185,19.0,1.0,2024-10-19,Saturday
15970,15971,176,21.0,7.0,2024-10-07,Monday
15971,15972,8,20.0,1.0,2024-10-15,Tuesday
15972,15973,33,13.0,10.0,2024-10-16,Wednesday
15973,15974,243,14.0,8.0,2024-10-20,Sunday
15974,15975,225,22.0,10.0,2024-10-04,Friday
15975,15976,202,24.0,8.0,2024-10-07,Monday
15976,15977,40,18.0,10.0,2024-10-10,Thursday
15977,15978,198,12.0,10.0,2024-10-03,Thursday
15978,15979,1,1.0,3.0,2024-10-04,Friday
15979,15980,278,16.0,4.0,2024-10-21,Monday
15980,15981,218,21.0,6.0,2024-10-12,Saturday
15981,15982,63,24.0,10.0,2024-10-25,Friday
15982,15983,238,5.0,1.0,2024-10-08,Tuesday
15983,15984,31,23.0,8.0,2024-10-08,Tuesday
15984,15985,292,9.0,7.0,2024-10-20,Sunday
15985,15986,11,4.0,3.0,2024-10-05,Saturday
15986,15987,2,11.0,6.0,2024-10-13,Sunday
15988,15989,183,3.0,3.0,2024-10-23,Wednesday
15989,15990,119,11.0,2.0,2024-10-25,Friday
15990,15991,181,14.0,9.0,2024-10-06,Sunday
15991,15992,266,8.0,6.0,2024-10-12,Saturday
15992,15993,181,7.0,10.0,2024-10-22,Tuesday
15993,15994,128,6.0,7.0,2024-10-03,Thursday
15994,15995,138,21.0,8.0,2024-10-01,Tuesday
15995,15996,131,21.0,7.0,2024-10-20,Sunday
15996,15997,216,25.0,1.0,2024-10-28,Monday
15997,15998,166,7.0,9.0,2024-10-05,Saturday
15998,15999,268,24.0,5.0,2024-10-17,Thursday
15999,16000,131,17.0,8.0,2024-10-25,Friday
16000,16001,79,12.0,9.0,2024-10-16,Wednesday
16001,16002,2,10.0,4.0,2024-10-18,Friday
16002,16003,29,7.0,2.0,2024-10-01,Tuesday
16003,16004,282,9.0,6.0,2024-10-07,Monday
16004,16005,300,3.0,3.0,2024-10-13,Sunday
16005,16006,246,13.0,2.0,2024-10-20,Sunday
16006,16007,185,21.0,6.0,2024-10-09,Wednesday
16007,16008,201,3.0,8.0,2024-10-06,Sunday
16008,16009,208,2.0,3.0,2024-10-13,Sunday
16009,16010,208,15.0,3.0,2024-10-16,Wednesday
16010,16011,266,9.0,4.0,2024-10-16,Wednesday
16011,16012,58,12.0,10.0,2024-10-01,Tuesday
16012,16013,101,21.0,7.0,2024-10-18,Friday
16013,16014,185,19.0,2.0,2024-10-21,Monday
16014,16015,300,11.0,8.0,2024-10-07,Monday
16015,16016,18,11.0,6.0,2024-10-02,Wednesday
16016,16017,179,9.0,9.0,2024-10-24,Thursday
16017,16018,170,5.0,4.0,2024-10-13,Sunday
16018,16019,156,8.0,4.0,2024-10-02,Wednesday
16019,16020,178,22.0,2.0,2024-10-26,Saturday
16020,16021,80,9.0,4.0,2024-10-15,Tuesday
16021,16022,233,12.0,7.0,2024-10-26,Saturday
16022,16023,248,2.0,7.0,2024-10-06,Sunday
16023,16024,293,22.0,9.0,2024-10-20,Sunday
16024,16025,185,9.0,6.0,2024-10-22,Tuesday
16025,16026,168,23.0,8.0,2024-10-27,Sunday
16026,16027,149,23.0,7.0,2024-10-03,Thursday
16027,16028,221,15.0,5.0,2024-10-20,Sunday
16028,16029,113,7.0,9.0,2024-10-18,Friday
16029,16030,273,10.0,9.0,2024-10-26,Saturday
16031,16032,281,11.0,8.0,2024-10-27,Sunday
16032,16033,109,4.0,1.0,2024-10-14,Monday
16033,16034,76,5.0,8.0,2024-10-16,Wednesday
16034,16035,278,3.0,10.0,2024-10-01,Tuesday
16035,16036,186,10.0,3.0,2024-10-28,Monday
16036,16037,114,10.0,10.0,2024-10-23,Wednesday
16037,16038,278,13.0,6.0,2024-10-04,Friday
16038,16039,277,16.0,8.0,2024-10-08,Tuesday
16039,16040,166,21.0,2.0,2024-10-02,Wednesday
16040,16041,290,16.0,8.0,2024-10-23,Wednesday
16041,16042,276,6.0,10.0,2024-10-06,Sunday
16042,16043,20,10.0,2.0,2024-10-20,Sunday
16043,16044,230,9.0,9.0,2024-10-12,Saturday
16044,16045,108,14.0,2.0,2024-10-14,Monday
16045,16046,14,14.0,10.0,2024-10-03,Thursday
16046,16047,300,19.0,9.0,2024-10-14,Monday
16047,16048,67,6.0,2.0,2024-10-26,Saturday
16048,16049,110,16.0,4.0,2024-10-10,Thursday
16049,16050,85,2.0,7.0,2024-10-21,Monday
16050,16051,90,17.0,1.0,2024-10-06,Sunday
16051,16052,32,19.0,1.0,2024-10-23,Wednesday
16052,16053,63,9.0,2.0,2024-10-17,Thursday
16053,16054,234,20.0,2.0,2024-10-26,Saturday
16054,16055,32,7.0,4.0,2024-10-26,Saturday
16055,16056,279,16.0,6.0,2024-10-11,Friday
16056,16057,34,17.0,1.0,2024-10-26,Saturday
16057,16058,32,9.0,6.0,2024-10-20,Sunday
16058,16059,127,22.0,9.0,2024-10-28,Monday
16059,16060,148,25.0,5.0,2024-10-27,Sunday
16060,16061,251,19.0,7.0,2024-10-07,Monday
16061,16062,137,23.0,4.0,2024-10-15,Tuesday
16062,16063,110,9.0,3.0,2024-10-06,Sunday
16063,16064,95,6.0,7.0,2024-10-17,Thursday
16064,16065,215,20.0,10.0,2024-10-08,Tuesday
16065,16066,298,8.0,3.0,2024-10-06,Sunday
16066,16067,142,24.0,9.0,2024-10-20,Sunday
16067,16068,98,24.0,5.0,2024-10-25,Friday
16068,16069,2,14.0,4.0,2024-10-26,Saturday
16069,16070,86,2.0,6.0,2024-10-14,Monday
16071,16072,133,25.0,9.0,2024-10-07,Monday
16072,16073,85,20.0,2.0,2024-10-20,Sunday
16073,16074,297,9.0,3.0,2024-10-06,Sunday
16074,16075,176,12.0,8.0,2024-10-16,Wednesday
16075,16076,195,3.0,5.0,2024-10-12,Saturday
16076,16077,128,17.0,8.0,2024-10-10,Thursday
16077,16078,89,23.0,1.0,2024-10-05,Saturday
16078,16079,114,5.0,5.0,2024-10-13,Sunday
16079,16080,260,10.0,6.0,2024-10-07,Monday
16080,16081,42,24.0,8.0,2024-10-15,Tuesday
16081,16082,17,14.0,8.0,2024-10-01,Tuesday
16082,16083,119,2.0,7.0,2024-10-23,Wednesday
16083,16084,254,14.0,9.0,2024-10-26,Saturday
16084,16085,12,24.0,3.0,2024-10-03,Thursday
16085,16086,122,7.0,4.0,2024-10-17,Thursday
16086,16087,105,2.0,4.0,2024-10-28,Monday
16087,16088,288,24.0,5.0,2024-10-13,Sunday
16088,16089,8,1.0,2.0,2024-10-16,Wednesday
16089,16090,296,21.0,9.0,2024-10-27,Sunday
16090,16091,29,4.0,5.0,2024-10-28,Monday
16091,16092,136,2.0,9.0,2024-10-04,Friday
16092,16093,166,20.0,2.0,2024-10-09,Wednesday
16093,16094,65,3.0,5.0,2024-10-26,Saturday
16094,16095,134,3.0,3.0,2024-10-06,Sunday
16095,16096,26,11.0,1.0,2024-10-03,Thursday
16096,16097,70,8.0,7.0,2024-10-26,Saturday
16097,16098,127,11.0,2.0,2024-10-24,Thursday
16098,16099,39,4.0,6.0,2024-10-21,Monday
16099,16100,259,21.0,3.0,2024-10-28,Monday
16101,16102,190,3.0,10.0,2024-10-11,Friday
16102,16103,73,16.0,6.0,2024-10-20,Sunday
16103,16104,40,11.0,10.0,2024-10-17,Thursday
16104,16105,209,13.0,4.0,2024-10-13,Sunday
16105,16106,178,8.0,5.0,2024-10-18,Friday
16107,16108,284,6.0,2.0,2024-10-07,Monday
16108,16109,125,6.0,2.0,2024-10-03,Thursday
16109,16110,107,6.0,1.0,2024-10-13,Sunday
16110,16111,91,14.0,1.0,2024-10-01,Tuesday
16111,16112,101,23.0,6.0,2024-10-02,Wednesday
16112,16113,148,19.0,4.0,2024-10-19,Saturday
16113,16114,203,18.0,6.0,2024-10-07,Monday
16114,16115,8,18.0,8.0,2024-10-08,Tuesday
16115,16116,261,2.0,8.0,2024-10-03,Thursday
16116,16117,277,8.0,6.0,2024-10-28,Monday
16117,16118,255,3.0,5.0,2024-10-21,Monday
16118,16119,185,1.0,6.0,2024-10-16,Wednesday
16119,16120,215,9.0,1.0,2024-10-17,Thursday
16120,16121,193,15.0,1.0,2024-10-05,Saturday
16121,16122,101,12.0,7.0,2024-10-01,Tuesday
16122,16123,154,13.0,8.0,2024-10-16,Wednesday
16123,16124,87,9.0,3.0,2024-10-17,Thursday
16124,16125,300,21.0,8.0,2024-10-04,Friday
16125,16126,280,4.0,7.0,2024-10-20,Sunday
16126,16127,98,7.0,3.0,2024-10-11,Friday
16127,16128,168,7.0,4.0,2024-10-06,Sunday
16128,16129,277,21.0,2.0,2024-10-05,Saturday
16129,16130,37,3.0,7.0,2024-10-25,Friday
16130,16131,42,15.0,4.0,2024-10-13,Sunday
16131,16132,171,3.0,7.0,2024-10-05,Saturday
16132,16133,27,9.0,10.0,2024-10-22,Tuesday
16133,16134,140,16.0,7.0,2024-10-17,Thursday
16134,16135,168,19.0,1.0,2024-10-08,Tuesday
16135,16136,69,16.0,2.0,2024-10-02,Wednesday
16136,16137,64,15.0,2.0,2024-10-23,Wednesday
16137,16138,152,6.0,5.0,2024-10-25,Friday
16138,16139,168,9.0,1.0,2024-10-13,Sunday
16139,16140,85,8.0,9.0,2024-10-12,Saturday
16140,16141,113,10.0,1.0,2024-10-25,Friday
16141,16142,33,18.0,6.0,2024-10-23,Wednesday
16142,16143,180,25.0,1.0,2024-10-02,Wednesday
16143,16144,48,24.0,9.0,2024-10-07,Monday
16144,16145,193,8.0,1.0,2024-10-08,Tuesday
16145,16146,161,18.0,4.0,2024-10-11,Friday
16146,16147,120,25.0,2.0,2024-10-28,Monday
16147,16148,208,2.0,1.0,2024-10-19,Saturday
16148,16149,134,19.0,3.0,2024-10-28,Monday
16149,16150,84,20.0,9.0,2024-10-03,Thursday
16150,16151,188,23.0,1.0,2024-10-15,Tuesday
16151,16152,104,25.0,8.0,2024-10-11,Friday
16152,16153,182,20.0,5.0,2024-10-14,Monday
16153,16154,103,4.0,5.0,2024-10-24,Thursday
16154,16155,147,2.0,4.0,2024-10-17,Thursday
16155,16156,119,10.0,4.0,2024-10-21,Monday
16156,16157,18,24.0,8.0,2024-10-11,Friday
16157,16158,115,16.0,8.0,2024-10-11,Friday
16158,16159,117,8.0,7.0,2024-10-26,Saturday
16159,16160,141,6.0,7.0,2024-10-22,Tuesday
16160,16161,127,18.0,6.0,2024-10-17,Thursday
16161,16162,40,4.0,8.0,2024-10-24,Thursday
16162,16163,89,3.0,9.0,2024-10-02,Wednesday
16163,16164,81,15.0,3.0,2024-10-06,Sunday
16164,16165,208,21.0,9.0,2024-10-12,Saturday
16165,16166,120,20.0,3.0,2024-10-11,Friday
16166,16167,127,18.0,7.0,2024-10-15,Tuesday
16167,16168,257,1.0,4.0,2024-10-11,Friday
16168,16169,237,7.0,7.0,2024-10-26,Saturday
16169,16170,231,8.0,3.0,2024-10-08,Tuesday
16170,16171,148,12.0,9.0,2024-10-18,Friday
16171,16172,268,12.0,9.0,2024-10-11,Friday
16172,16173,242,17.0,9.0,2024-10-09,Wednesday
16173,16174,297,8.0,7.0,2024-10-07,Monday
16174,16175,84,14.0,6.0,2024-10-16,Wednesday
16175,16176,300,16.0,3.0,2024-10-28,Monday
16176,16177,246,1.0,10.0,2024-10-28,Monday
16177,16178,154,23.0,6.0,2024-10-09,Wednesday
16178,16179,260,19.0,8.0,2024-10-07,Monday
16179,16180,2,9.0,10.0,2024-10-28,Monday
16180,16181,290,5.0,10.0,2024-10-07,Monday
16181,16182,75,20.0,5.0,2024-10-10,Thursday
16182,16183,141,6.0,2.0,2024-10-07,Monday
16183,16184,126,20.0,10.0,2024-10-21,Monday
16184,16185,43,4.0,10.0,2024-10-13,Sunday
16185,16186,240,9.0,7.0,2024-10-27,Sunday
16186,16187,289,5.0,2.0,2024-10-26,Saturday
16187,16188,22,4.0,4.0,2024-10-28,Monday
16188,16189,76,17.0,5.0,2024-10-27,Sunday
16189,16190,237,8.0,3.0,2024-10-16,Wednesday
16190,16191,101,11.0,5.0,2024-10-09,Wednesday
16191,16192,176,23.0,6.0,2024-10-01,Tuesday
16192,16193,158,12.0,10.0,2024-10-24,Thursday
16194,16195,86,5.0,6.0,2024-10-14,Monday
16196,16197,190,5.0,10.0,2024-10-23,Wednesday
16197,16198,148,20.0,9.0,2024-10-10,Thursday
16198,16199,203,11.0,3.0,2024-10-15,Tuesday
16199,16200,165,24.0,2.0,2024-10-14,Monday
16200,16201,23,17.0,4.0,2024-10-23,Wednesday
16201,16202,133,2.0,10.0,2024-10-09,Wednesday
16202,16203,150,20.0,6.0,2024-10-25,Friday
16203,16204,11,14.0,9.0,2024-10-04,Friday
16204,16205,127,5.0,3.0,2024-10-16,Wednesday
16205,16206,114,13.0,1.0,2024-10-05,Saturday
16206,16207,78,19.0,7.0,2024-10-11,Friday
16207,16208,198,9.0,1.0,2024-10-13,Sunday
16208,16209,191,15.0,9.0,2024-10-25,Friday
16209,16210,293,23.0,10.0,2024-10-03,Thursday
16210,16211,190,9.0,9.0,2024-10-26,Saturday
16211,16212,232,3.0,9.0,2024-10-21,Monday
16212,16213,192,21.0,8.0,2024-10-26,Saturday
16213,16214,157,15.0,10.0,2024-10-10,Thursday
16214,16215,67,7.0,1.0,2024-10-05,Saturday
16215,16216,59,15.0,6.0,2024-10-12,Saturday
16216,16217,156,13.0,9.0,2024-10-02,Wednesday
16217,16218,13,11.0,10.0,2024-10-21,Monday
16218,16219,147,6.0,9.0,2024-10-21,Monday
16219,16220,222,11.0,6.0,2024-10-16,Wednesday
16220,16221,57,8.0,10.0,2024-10-23,Wednesday
16221,16222,190,16.0,7.0,2024-10-26,Saturday
16222,16223,220,3.0,10.0,2024-10-15,Tuesday
16223,16224,195,13.0,10.0,2024-10-20,Sunday
16224,16225,270,1.0,8.0,2024-10-20,Sunday
16225,16226,82,23.0,5.0,2024-10-21,Monday
16226,16227,155,2.0,6.0,2024-10-08,Tuesday
16227,16228,263,11.0,6.0,2024-10-08,Tuesday
16228,16229,232,9.0,7.0,2024-10-25,Friday
16229,16230,98,20.0,8.0,2024-10-04,Friday
16230,16231,189,15.0,5.0,2024-10-08,Tuesday
16231,16232,1,14.0,9.0,2024-10-08,Tuesday
16232,16233,106,2.0,8.0,2024-10-19,Saturday
16233,16234,158,25.0,8.0,2024-10-23,Wednesday
16234,16235,260,14.0,4.0,2024-10-26,Saturday
16235,16236,296,25.0,3.0,2024-10-04,Friday
16236,16237,239,19.0,2.0,2024-10-10,Thursday
16237,16238,268,23.0,3.0,2024-10-08,Tuesday
16238,16239,105,6.0,9.0,2024-10-12,Saturday
16239,16240,88,7.0,9.0,2024-10-27,Sunday
16240,16241,160,25.0,4.0,2024-10-26,Saturday
16241,16242,237,23.0,2.0,2024-10-21,Monday
16242,16243,75,7.0,3.0,2024-10-04,Friday
16243,16244,277,16.0,8.0,2024-10-25,Friday
16244,16245,6,16.0,5.0,2024-10-04,Friday
16245,16246,191,24.0,2.0,2024-10-10,Thursday
16246,16247,68,20.0,1.0,2024-10-27,Sunday
16247,16248,32,21.0,2.0,2024-10-06,Sunday
16248,16249,8,11.0,7.0,2024-10-18,Friday
16249,16250,118,17.0,5.0,2024-10-09,Wednesday
16250,16251,41,18.0,3.0,2024-10-06,Sunday
16251,16252,167,25.0,3.0,2024-10-04,Friday
16252,16253,98,23.0,2.0,2024-10-09,Wednesday
16253,16254,123,18.0,6.0,2024-10-04,Friday
16254,16255,248,11.0,10.0,2024-10-24,Thursday
16255,16256,222,15.0,3.0,2024-10-10,Thursday
16257,16258,276,12.0,10.0,2024-10-17,Thursday
16258,16259,157,24.0,5.0,2024-10-05,Saturday
16259,16260,45,20.0,9.0,2024-10-08,Tuesday
16260,16261,278,17.0,6.0,2024-10-22,Tuesday
16261,16262,239,21.0,4.0,2024-10-21,Monday
16262,16263,144,24.0,3.0,2024-10-01,Tuesday
16263,16264,93,4.0,1.0,2024-10-25,Friday
16264,16265,185,12.0,3.0,2024-10-12,Saturday
16265,16266,166,2.0,9.0,2024-10-08,Tuesday
16266,16267,36,13.0,9.0,2024-10-07,Monday
16267,16268,66,3.0,3.0,2024-10-19,Saturday
16268,16269,183,24.0,8.0,2024-10-21,Monday
16269,16270,297,15.0,9.0,2024-10-11,Friday
16270,16271,112,15.0,7.0,2024-10-24,Thursday
16271,16272,106,20.0,4.0,2024-10-07,Monday
16273,16274,103,5.0,1.0,2024-10-11,Friday
16274,16275,129,6.0,3.0,2024-10-04,Friday
16275,16276,71,1.0,8.0,2024-10-16,Wednesday
16276,16277,138,16.0,4.0,2024-10-14,Monday
16277,16278,253,13.0,10.0,2024-10-05,Saturday
16278,16279,226,9.0,1.0,2024-10-09,Wednesday
16279,16280,179,23.0,3.0,2024-10-27,Sunday
16280,16281,252,23.0,5.0,2024-10-26,Saturday
16281,16282,177,9.0,10.0,2024-10-09,Wednesday
16282,16283,7,5.0,6.0,2024-10-11,Friday
16283,16284,100,21.0,4.0,2024-10-23,Wednesday
16284,16285,44,12.0,3.0,2024-10-23,Wednesday
16285,16286,110,14.0,9.0,2024-10-25,Friday
16286,16287,295,4.0,3.0,2024-10-12,Saturday
16287,16288,289,13.0,2.0,2024-10-16,Wednesday
16288,16289,116,25.0,5.0,2024-10-10,Thursday
16289,16290,258,5.0,3.0,2024-10-12,Saturday
16290,16291,255,13.0,2.0,2024-10-18,Friday
16291,16292,128,16.0,4.0,2024-10-16,Wednesday
16292,16293,64,14.0,10.0,2024-10-08,Tuesday
16293,16294,24,17.0,5.0,2024-10-08,Tuesday
16294,16295,120,10.0,7.0,2024-10-01,Tuesday
16295,16296,48,16.0,10.0,2024-10-28,Monday
16296,16297,79,23.0,4.0,2024-10-23,Wednesday
16297,16298,39,23.0,2.0,2024-10-21,Monday
16298,16299,257,11.0,5.0,2024-10-08,Tuesday
16299,16300,62,11.0,4.0,2024-10-18,Friday
16300,16301,201,24.0,5.0,2024-10-27,Sunday
16301,16302,210,24.0,3.0,2024-10-01,Tuesday
16302,16303,42,21.0,3.0,2024-10-23,Wednesday
16303,16304,55,8.0,4.0,2024-10-12,Saturday
16304,16305,182,3.0,7.0,2024-10-27,Sunday
16305,16306,76,11.0,4.0,2024-10-07,Monday
16306,16307,29,5.0,4.0,2024-10-19,Saturday
16307,16308,281,11.0,10.0,2024-10-05,Saturday
16308,16309,263,19.0,9.0,2024-10-24,Thursday
16309,16310,75,16.0,3.0,2024-10-03,Thursday
16310,16311,23,9.0,3.0,2024-10-18,Friday
16311,16312,68,4.0,2.0,2024-10-08,Tuesday
16312,16313,197,4.0,10.0,2024-10-18,Friday
16313,16314,283,25.0,10.0,2024-10-19,Saturday
16315,16316,75,2.0,7.0,2024-10-16,Wednesday
16316,16317,113,8.0,2.0,2024-10-05,Saturday
16317,16318,295,25.0,9.0,2024-10-10,Thursday
16318,16319,199,23.0,6.0,2024-10-19,Saturday
16319,16320,112,17.0,6.0,2024-10-04,Friday
16320,16321,195,4.0,6.0,2024-10-04,Friday
16321,16322,85,12.0,2.0,2024-10-18,Friday
16322,16323,251,18.0,4.0,2024-10-06,Sunday
16323,16324,193,12.0,8.0,2024-10-20,Sunday
16324,16325,242,7.0,9.0,2024-10-19,Saturday
16325,16326,28,14.0,8.0,2024-10-01,Tuesday
16326,16327,251,25.0,9.0,2024-10-28,Monday
16327,16328,9,25.0,9.0,2024-10-26,Saturday
16328,16329,106,13.0,6.0,2024-10-02,Wednesday
16329,16330,199,14.0,4.0,2024-10-07,Monday
16330,16331,121,10.0,5.0,2024-10-12,Saturday
16331,16332,101,18.0,10.0,2024-10-09,Wednesday
16332,16333,78,23.0,4.0,2024-10-14,Monday
16334,16335,20,11.0,10.0,2024-10-27,Sunday
16335,16336,40,2.0,8.0,2024-10-15,Tuesday
16336,16337,96,9.0,5.0,2024-10-26,Saturday
16337,16338,291,16.0,10.0,2024-10-04,Friday
16338,16339,147,6.0,2.0,2024-10-26,Saturday
16339,16340,152,13.0,3.0,2024-10-16,Wednesday
16340,16341,140,18.0,5.0,2024-10-25,Friday
16341,16342,90,25.0,7.0,2024-10-03,Thursday
16342,16343,222,17.0,1.0,2024-10-15,Tuesday
16343,16344,271,19.0,2.0,2024-10-23,Wednesday
16344,16345,195,22.0,1.0,2024-10-08,Tuesday
16345,16346,211,18.0,6.0,2024-10-05,Saturday
16346,16347,83,2.0,10.0,2024-10-12,Saturday
16347,16348,220,17.0,10.0,2024-10-01,Tuesday
16348,16349,96,24.0,3.0,2024-10-25,Friday
16349,16350,255,17.0,10.0,2024-10-26,Saturday
16350,16351,28,4.0,2.0,2024-10-26,Saturday
16351,16352,8,6.0,4.0,2024-10-11,Friday
16352,16353,207,2.0,2.0,2024-10-05,Saturday
16353,16354,234,12.0,4.0,2024-10-11,Friday
16354,16355,249,21.0,7.0,2024-10-06,Sunday
16355,16356,190,17.0,4.0,2024-10-27,Sunday
16356,16357,166,10.0,6.0,2024-10-24,Thursday
16357,16358,67,1.0,2.0,2024-10-24,Thursday
16358,16359,186,20.0,9.0,2024-10-11,Friday
16359,16360,40,5.0,7.0,2024-10-22,Tuesday
16360,16361,147,12.0,1.0,2024-10-03,Thursday
16361,16362,41,20.0,1.0,2024-10-26,Saturday
16362,16363,247,1.0,5.0,2024-10-06,Sunday
16363,16364,280,24.0,6.0,2024-10-02,Wednesday
16364,16365,120,1.0,1.0,2024-10-25,Friday
16365,16366,160,21.0,6.0,2024-10-22,Tuesday
16366,16367,152,10.0,2.0,2024-10-23,Wednesday
16367,16368,42,12.0,4.0,2024-10-16,Wednesday
16368,16369,179,14.0,8.0,2024-10-14,Monday
16369,16370,19,12.0,10.0,2024-10-20,Sunday
16370,16371,276,10.0,7.0,2024-10-09,Wednesday
16371,16372,41,20.0,7.0,2024-10-13,Sunday
16372,16373,146,3.0,3.0,2024-10-10,Thursday
16373,16374,79,9.0,10.0,2024-10-03,Thursday
16374,16375,47,20.0,9.0,2024-10-18,Friday
16375,16376,54,2.0,9.0,2024-10-17,Thursday
16376,16377,270,19.0,9.0,2024-10-04,Friday
16377,16378,252,23.0,5.0,2024-10-02,Wednesday
16378,16379,71,2.0,3.0,2024-10-12,Saturday
16379,16380,277,4.0,2.0,2024-10-28,Monday
16380,16381,128,5.0,2.0,2024-10-14,Monday
16381,16382,183,24.0,6.0,2024-10-07,Monday
16382,16383,82,11.0,6.0,2024-10-03,Thursday
16383,16384,130,3.0,9.0,2024-10-05,Saturday
16384,16385,89,14.0,10.0,2024-10-02,Wednesday
16385,16386,95,20.0,4.0,2024-10-12,Saturday
16386,16387,30,11.0,2.0,2024-10-21,Monday
16387,16388,57,20.0,1.0,2024-10-26,Saturday
16388,16389,19,23.0,4.0,2024-10-09,Wednesday
16389,16390,220,23.0,5.0,2024-10-13,Sunday
16390,16391,70,19.0,6.0,2024-10-06,Sunday
16391,16392,268,18.0,7.0,2024-10-06,Sunday
16392,16393,137,18.0,3.0,2024-10-21,Monday
16393,16394,26,18.0,5.0,2024-10-24,Thursday
16394,16395,241,22.0,2.0,2024-10-01,Tuesday
16395,16396,270,3.0,8.0,2024-10-01,Tuesday
16396,16397,297,4.0,3.0,2024-10-02,Wednesday
16397,16398,77,18.0,6.0,2024-10-15,Tuesday
16398,16399,11,1.0,3.0,2024-10-26,Saturday
16399,16400,201,20.0,3.0,2024-10-09,Wednesday
16400,16401,97,9.0,7.0,2024-10-07,Monday
16401,16402,207,7.0,7.0,2024-10-07,Monday
16402,16403,129,3.0,4.0,2024-10-13,Sunday
16403,16404,81,9.0,7.0,2024-10-21,Monday
16404,16405,80,25.0,1.0,2024-10-01,Tuesday
16405,16406,171,11.0,9.0,2024-10-23,Wednesday
16406,16407,90,22.0,5.0,2024-10-21,Monday
16407,16408,216,17.0,8.0,2024-10-23,Wednesday
16408,16409,168,12.0,5.0,2024-10-06,Sunday
16409,16410,211,17.0,5.0,2024-10-01,Tuesday
16410,16411,278,19.0,6.0,2024-10-08,Tuesday
16411,16412,290,9.0,10.0,2024-10-09,Wednesday
16412,16413,116,8.0,8.0,2024-10-07,Monday
16413,16414,102,9.0,4.0,2024-10-02,Wednesday
16414,16415,34,1.0,5.0,2024-10-19,Saturday
16415,16416,182,17.0,9.0,2024-10-18,Friday
16416,16417,222,15.0,8.0,2024-10-14,Monday
16417,16418,76,11.0,2.0,2024-10-14,Monday
16418,16419,2,14.0,5.0,2024-10-06,Sunday
16419,16420,9,13.0,3.0,2024-10-24,Thursday
16420,16421,225,13.0,10.0,2024-10-19,Saturday
16421,16422,296,2.0,2.0,2024-10-07,Monday
16422,16423,229,13.0,8.0,2024-10-22,Tuesday
16423,16424,292,9.0,5.0,2024-10-10,Thursday
16424,16425,9,21.0,8.0,2024-10-26,Saturday
16425,16426,290,2.0,2.0,2024-10-09,Wednesday
16426,16427,275,21.0,7.0,2024-10-21,Monday
16427,16428,125,1.0,4.0,2024-10-02,Wednesday
16428,16429,204,23.0,5.0,2024-10-05,Saturday
16429,16430,69,6.0,3.0,2024-10-24,Thursday
16431,16432,181,14.0,9.0,2024-10-15,Tuesday
16432,16433,20,11.0,4.0,2024-10-28,Monday
16433,16434,126,6.0,8.0,2024-10-22,Tuesday
16434,16435,209,25.0,8.0,2024-10-27,Sunday
16435,16436,166,19.0,3.0,2024-10-04,Friday
16437,16438,88,2.0,10.0,2024-10-26,Saturday
16438,16439,233,5.0,1.0,2024-10-10,Thursday
16439,16440,67,16.0,7.0,2024-10-05,Saturday
16440,16441,158,2.0,4.0,2024-10-24,Thursday
16441,16442,38,22.0,8.0,2024-10-27,Sunday
16442,16443,134,16.0,10.0,2024-10-25,Friday
16443,16444,256,4.0,2.0,2024-10-25,Friday
16444,16445,265,16.0,8.0,2024-10-17,Thursday
16446,16447,2,16.0,2.0,2024-10-02,Wednesday
16447,16448,80,17.0,1.0,2024-10-22,Tuesday
16448,16449,27,3.0,9.0,2024-10-27,Sunday
16449,16450,70,4.0,10.0,2024-10-05,Saturday
16450,16451,16,23.0,6.0,2024-10-16,Wednesday
16451,16452,30,3.0,1.0,2024-10-25,Friday
16452,16453,255,25.0,9.0,2024-10-14,Monday
16453,16454,43,14.0,5.0,2024-10-08,Tuesday
16454,16455,231,9.0,10.0,2024-10-03,Thursday
16455,16456,128,18.0,5.0,2024-10-16,Wednesday
16456,16457,184,8.0,3.0,2024-10-22,Tuesday
16457,16458,139,18.0,9.0,2024-10-20,Sunday
16458,16459,72,13.0,5.0,2024-10-26,Saturday
16459,16460,283,19.0,5.0,2024-10-02,Wednesday
16460,16461,78,23.0,9.0,2024-10-07,Monday
16461,16462,51,14.0,6.0,2024-10-10,Thursday
16462,16463,91,8.0,10.0,2024-10-05,Saturday
16463,16464,205,1.0,1.0,2024-10-17,Thursday
16465,16466,121,15.0,5.0,2024-10-11,Friday
16466,16467,218,23.0,3.0,2024-10-13,Sunday
16467,16468,187,3.0,7.0,2024-10-01,Tuesday
16468,16469,74,5.0,6.0,2024-10-09,Wednesday
16469,16470,235,7.0,7.0,2024-10-11,Friday
16470,16471,257,9.0,9.0,2024-10-02,Wednesday
16471,16472,43,17.0,7.0,2024-10-20,Sunday
16472,16473,201,19.0,7.0,2024-10-03,Thursday
16473,16474,166,4.0,6.0,2024-10-11,Friday
16474,16475,202,24.0,5.0,2024-10-03,Thursday
16475,16476,24,18.0,3.0,2024-10-12,Saturday
16476,16477,121,10.0,4.0,2024-10-01,Tuesday
16477,16478,54,18.0,1.0,2024-10-28,Monday
16478,16479,249,1.0,3.0,2024-10-11,Friday
16479,16480,155,7.0,9.0,2024-10-06,Sunday
16480,16481,40,1.0,4.0,2024-10-01,Tuesday
16481,16482,79,25.0,2.0,2024-10-16,Wednesday
16482,16483,268,6.0,4.0,2024-10-02,Wednesday
16483,16484,76,11.0,3.0,2024-10-10,Thursday
16484,16485,184,15.0,8.0,2024-10-06,Sunday
16485,16486,118,4.0,5.0,2024-10-10,Thursday
16486,16487,274,18.0,2.0,2024-10-04,Friday
16488,16489,297,13.0,8.0,2024-10-08,Tuesday
16489,16490,226,12.0,7.0,2024-10-23,Wednesday
16490,16491,196,23.0,2.0,2024-10-08,Tuesday
16491,16492,9,22.0,4.0,2024-10-22,Tuesday
16492,16493,64,9.0,1.0,2024-10-03,Thursday
16493,16494,263,17.0,4.0,2024-10-28,Monday
16494,16495,233,12.0,10.0,2024-10-14,Monday
16495,16496,146,18.0,7.0,2024-10-01,Tuesday
16496,16497,197,16.0,5.0,2024-10-12,Saturday
16498,16499,155,8.0,10.0,2024-10-19,Saturday
16499,16500,151,4.0,2.0,2024-10-22,Tuesday
16500,16501,17,7.0,2.0,2024-10-08,Tuesday
16501,16502,92,4.0,3.0,2024-10-01,Tuesday
16502,16503,221,10.0,4.0,2024-10-10,Thursday
16503,16504,173,7.0,8.0,2024-10-03,Thursday
16504,16505,66,24.0,2.0,2024-10-21,Monday
16505,16506,277,13.0,6.0,2024-10-21,Monday
16506,16507,72,2.0,5.0,2024-10-05,Saturday
16507,16508,159,25.0,3.0,2024-10-12,Saturday
16508,16509,154,7.0,8.0,2024-10-20,Sunday
16509,16510,267,14.0,3.0,2024-10-25,Friday
16510,16511,238,12.0,10.0,2024-10-16,Wednesday
16511,16512,63,7.0,10.0,2024-10-15,Tuesday
16512,16513,146,17.0,1.0,2024-10-21,Monday
16513,16514,114,12.0,6.0,2024-10-07,Monday
16514,16515,179,5.0,3.0,2024-10-24,Thursday
16515,16516,137,14.0,4.0,2024-10-11,Friday
16516,16517,114,13.0,8.0,2024-10-16,Wednesday
16517,16518,54,25.0,8.0,2024-10-20,Sunday
16518,16519,286,20.0,9.0,2024-10-11,Friday
16519,16520,257,12.0,5.0,2024-10-16,Wednesday
16520,16521,159,16.0,2.0,2024-10-05,Saturday
16521,16522,40,15.0,9.0,2024-10-08,Tuesday
16522,16523,38,9.0,3.0,2024-10-14,Monday
16523,16524,70,9.0,5.0,2024-10-17,Thursday
16524,16525,166,20.0,7.0,2024-10-27,Sunday
16525,16526,145,14.0,8.0,2024-10-09,Wednesday
16526,16527,45,1.0,7.0,2024-10-05,Saturday
16527,16528,272,12.0,2.0,2024-10-28,Monday
16528,16529,226,7.0,8.0,2024-10-27,Sunday
16529,16530,249,7.0,2.0,2024-10-28,Monday
16530,16531,258,6.0,2.0,2024-10-20,Sunday
16531,16532,37,5.0,1.0,2024-10-13,Sunday
16532,16533,102,23.0,9.0,2024-10-17,Thursday
16533,16534,210,19.0,4.0,2024-10-21,Monday
16534,16535,84,2.0,4.0,2024-10-26,Saturday
16535,16536,194,8.0,8.0,2024-10-12,Saturday
16536,16537,231,25.0,8.0,2024-10-19,Saturday
16537,16538,129,14.0,3.0,2024-10-10,Thursday
16538,16539,227,17.0,9.0,2024-10-09,Wednesday
16539,16540,151,23.0,8.0,2024-10-20,Sunday
16541,16542,171,11.0,5.0,2024-10-14,Monday
16542,16543,294,14.0,10.0,2024-10-09,Wednesday
16543,16544,182,14.0,8.0,2024-10-04,Friday
16544,16545,216,21.0,10.0,2024-10-11,Friday
16545,16546,243,22.0,7.0,2024-10-12,Saturday
16546,16547,46,18.0,4.0,2024-10-28,Monday
16547,16548,43,16.0,10.0,2024-10-28,Monday
16548,16549,294,21.0,1.0,2024-10-17,Thursday
16549,16550,117,7.0,6.0,2024-10-25,Friday
16550,16551,268,22.0,6.0,2024-10-24,Thursday
16551,16552,145,11.0,6.0,2024-10-15,Tuesday
16552,16553,202,4.0,10.0,2024-10-27,Sunday
16553,16554,221,13.0,5.0,2024-10-22,Tuesday
16554,16555,126,25.0,2.0,2024-10-24,Thursday
16555,16556,163,10.0,9.0,2024-10-23,Wednesday
16556,16557,139,12.0,2.0,2024-10-20,Sunday
16557,16558,136,17.0,6.0,2024-10-16,Wednesday
16558,16559,247,20.0,3.0,2024-10-01,Tuesday
16559,16560,9,19.0,8.0,2024-10-18,Friday
16560,16561,292,6.0,7.0,2024-10-13,Sunday
16561,16562,101,10.0,7.0,2024-10-07,Monday
16562,16563,189,10.0,6.0,2024-10-13,Sunday
16563,16564,298,24.0,8.0,2024-10-27,Sunday
16564,16565,193,20.0,8.0,2024-10-05,Saturday
16565,16566,275,16.0,8.0,2024-10-11,Friday
16566,16567,183,15.0,8.0,2024-10-01,Tuesday
16567,16568,141,5.0,5.0,2024-10-10,Thursday
16568,16569,143,19.0,8.0,2024-10-24,Thursday
16569,16570,285,3.0,8.0,2024-10-26,Saturday
16570,16571,291,16.0,9.0,2024-10-13,Sunday
16571,16572,286,23.0,1.0,2024-10-24,Thursday
16572,16573,54,21.0,5.0,2024-10-09,Wednesday
16573,16574,126,4.0,9.0,2024-10-18,Friday
16574,16575,51,20.0,2.0,2024-10-23,Wednesday
16575,16576,194,23.0,8.0,2024-10-15,Tuesday
16576,16577,235,1.0,6.0,2024-10-18,Friday
16577,16578,67,11.0,10.0,2024-10-17,Thursday
16578,16579,175,24.0,6.0,2024-10-02,Wednesday
16579,16580,81,15.0,4.0,2024-10-17,Thursday
16580,16581,150,6.0,5.0,2024-10-21,Monday
16581,16582,114,9.0,6.0,2024-10-27,Sunday
16582,16583,206,8.0,9.0,2024-10-18,Friday
16583,16584,15,5.0,6.0,2024-10-15,Tuesday
16584,16585,20,7.0,3.0,2024-10-04,Friday
16585,16586,10,22.0,4.0,2024-10-28,Monday
16586,16587,18,23.0,6.0,2024-10-12,Saturday
16587,16588,75,20.0,10.0,2024-10-06,Sunday
16588,16589,252,12.0,2.0,2024-10-19,Saturday
16589,16590,278,7.0,9.0,2024-10-05,Saturday
16590,16591,139,5.0,3.0,2024-10-26,Saturday
16591,16592,275,5.0,10.0,2024-10-24,Thursday
16592,16593,290,14.0,3.0,2024-10-01,Tuesday
16593,16594,111,3.0,5.0,2024-10-10,Thursday
16594,16595,74,17.0,5.0,2024-10-01,Tuesday
16595,16596,212,18.0,3.0,2024-10-02,Wednesday
16596,16597,294,11.0,4.0,2024-10-20,Sunday
16597,16598,8,17.0,5.0,2024-10-05,Saturday
16598,16599,120,10.0,7.0,2024-10-23,Wednesday
16599,16600,269,24.0,5.0,2024-10-25,Friday
16600,16601,51,12.0,7.0,2024-10-23,Wednesday
16601,16602,271,6.0,6.0,2024-10-03,Thursday
16602,16603,264,12.0,2.0,2024-10-03,Thursday
16603,16604,193,1.0,9.0,2024-10-19,Saturday
16605,16606,268,17.0,10.0,2024-10-12,Saturday
16606,16607,120,15.0,8.0,2024-10-14,Monday
16607,16608,118,12.0,7.0,2024-10-07,Monday
16608,16609,71,15.0,4.0,2024-10-18,Friday
16609,16610,45,19.0,1.0,2024-10-21,Monday
16610,16611,201,16.0,8.0,2024-10-09,Wednesday
16611,16612,246,7.0,4.0,2024-10-21,Monday
16612,16613,154,9.0,10.0,2024-10-10,Thursday
16613,16614,69,13.0,2.0,2024-10-26,Saturday
16614,16615,33,8.0,8.0,2024-10-08,Tuesday
16615,16616,97,23.0,5.0,2024-10-27,Sunday
16616,16617,277,22.0,10.0,2024-10-05,Saturday
16617,16618,279,1.0,9.0,2024-10-11,Friday
16618,16619,251,4.0,8.0,2024-10-21,Monday
16619,16620,174,3.0,8.0,2024-10-27,Sunday
16620,16621,229,24.0,8.0,2024-10-12,Saturday
16621,16622,287,10.0,6.0,2024-10-25,Friday
16622,16623,194,18.0,1.0,2024-10-19,Saturday
16623,16624,279,13.0,10.0,2024-10-28,Monday
16624,16625,219,18.0,6.0,2024-10-04,Friday
16625,16626,166,8.0,4.0,2024-10-25,Friday
16626,16627,259,7.0,10.0,2024-10-26,Saturday
16627,16628,106,11.0,1.0,2024-10-27,Sunday
16628,16629,10,7.0,4.0,2024-10-05,Saturday
16629,16630,135,19.0,7.0,2024-10-23,Wednesday
16630,16631,203,24.0,5.0,2024-10-23,Wednesday
16631,16632,14,8.0,4.0,2024-10-07,Monday
16632,16633,184,14.0,2.0,2024-10-26,Saturday
16633,16634,133,11.0,3.0,2024-10-27,Sunday
16634,16635,22,14.0,4.0,2024-10-09,Wednesday
16635,16636,154,17.0,8.0,2024-10-27,Sunday
16636,16637,236,14.0,9.0,2024-10-15,Tuesday
16637,16638,71,24.0,7.0,2024-10-27,Sunday
16638,16639,137,7.0,4.0,2024-10-27,Sunday
16639,16640,231,7.0,8.0,2024-10-07,Monday
16640,16641,288,22.0,1.0,2024-10-21,Monday
16641,16642,278,9.0,5.0,2024-10-23,Wednesday
16642,16643,41,8.0,8.0,2024-10-13,Sunday
16643,16644,60,10.0,1.0,2024-10-14,Monday
16644,16645,146,11.0,6.0,2024-10-04,Friday
16645,16646,223,4.0,1.0,2024-10-22,Tuesday
16646,16647,225,16.0,7.0,2024-10-18,Friday
16647,16648,177,7.0,3.0,2024-10-05,Saturday
16648,16649,254,3.0,4.0,2024-10-25,Friday
16649,16650,177,13.0,5.0,2024-10-25,Friday
16650,16651,105,16.0,1.0,2024-10-10,Thursday
16651,16652,104,23.0,6.0,2024-10-03,Thursday
16652,16653,154,2.0,7.0,2024-10-07,Monday
16653,16654,34,16.0,7.0,2024-10-09,Wednesday
16654,16655,95,5.0,9.0,2024-10-04,Friday
16655,16656,144,9.0,4.0,2024-10-17,Thursday
16656,16657,32,11.0,2.0,2024-10-17,Thursday
16657,16658,159,5.0,5.0,2024-10-05,Saturday
16658,16659,228,1.0,2.0,2024-10-07,Monday
16659,16660,278,22.0,7.0,2024-10-14,Monday
16660,16661,198,10.0,10.0,2024-11-24,Sunday
16661,16662,130,25.0,4.0,2024-11-20,Wednesday
16662,16663,31,21.0,4.0,2024-11-28,Thursday
16663,16664,192,6.0,10.0,2024-11-24,Sunday
16664,16665,135,20.0,8.0,2024-11-14,Thursday
16665,16666,289,2.0,7.0,2024-11-16,Saturday
16666,16667,90,13.0,1.0,2024-11-18,Monday
16667,16668,40,11.0,6.0,2024-11-08,Friday
16668,16669,68,14.0,4.0,2024-11-17,Sunday
16669,16670,170,18.0,2.0,2024-11-01,Friday
16670,16671,152,1.0,8.0,2024-11-04,Monday
16671,16672,198,7.0,2.0,2024-11-04,Monday
16672,16673,69,23.0,7.0,2024-11-22,Friday
16673,16674,29,1.0,3.0,2024-11-18,Monday
16674,16675,7,6.0,9.0,2024-11-06,Wednesday
16675,16676,55,6.0,5.0,2024-11-18,Monday
16676,16677,166,18.0,8.0,2024-11-15,Friday
16677,16678,118,16.0,9.0,2024-11-04,Monday
16678,16679,64,14.0,3.0,2024-11-03,Sunday
16679,16680,249,25.0,5.0,2024-11-11,Monday
16680,16681,257,3.0,2.0,2024-11-07,Thursday
16681,16682,42,19.0,2.0,2024-11-24,Sunday
16682,16683,146,25.0,1.0,2024-11-02,Saturday
16683,16684,145,15.0,1.0,2024-11-23,Saturday
16684,16685,265,4.0,1.0,2024-11-09,Saturday
16685,16686,194,17.0,7.0,2024-11-25,Monday
16686,16687,68,6.0,6.0,2024-11-21,Thursday
16687,16688,50,10.0,4.0,2024-11-23,Saturday
16688,16689,169,12.0,9.0,2024-11-05,Tuesday
16689,16690,109,5.0,7.0,2024-11-11,Monday
16690,16691,250,7.0,4.0,2024-11-04,Monday
16691,16692,132,16.0,5.0,2024-11-15,Friday
16692,16693,46,21.0,5.0,2024-11-26,Tuesday
16693,16694,18,18.0,6.0,2024-11-05,Tuesday
16694,16695,151,24.0,5.0,2024-11-16,Saturday
16695,16696,43,25.0,9.0,2024-11-16,Saturday
16696,16697,152,4.0,8.0,2024-11-27,Wednesday
16697,16698,23,9.0,8.0,2024-11-22,Friday
16698,16699,98,9.0,5.0,2024-11-03,Sunday
16700,16701,7,15.0,6.0,2024-11-10,Sunday
16701,16702,189,23.0,4.0,2024-11-11,Monday
16702,16703,81,10.0,10.0,2024-11-28,Thursday
16703,16704,176,11.0,7.0,2024-11-28,Thursday
16704,16705,235,14.0,3.0,2024-11-14,Thursday
16705,16706,175,19.0,1.0,2024-11-09,Saturday
16706,16707,74,17.0,4.0,2024-11-13,Wednesday
16707,16708,51,25.0,3.0,2024-11-24,Sunday
16708,16709,247,22.0,1.0,2024-11-10,Sunday
16709,16710,97,20.0,10.0,2024-11-18,Monday
16710,16711,4,19.0,1.0,2024-11-03,Sunday
16711,16712,108,3.0,5.0,2024-11-24,Sunday
16712,16713,5,10.0,10.0,2024-11-21,Thursday
16713,16714,65,17.0,7.0,2024-11-24,Sunday
16714,16715,234,7.0,8.0,2024-11-26,Tuesday
16715,16716,114,18.0,4.0,2024-11-11,Monday
16716,16717,179,7.0,4.0,2024-11-03,Sunday
16717,16718,190,8.0,3.0,2024-11-03,Sunday
16718,16719,109,20.0,7.0,2024-11-19,Tuesday
16719,16720,144,12.0,2.0,2024-11-04,Monday
16720,16721,220,15.0,10.0,2024-11-11,Monday
16721,16722,8,15.0,10.0,2024-11-20,Wednesday
16722,16723,252,20.0,2.0,2024-11-28,Thursday
16723,16724,119,24.0,10.0,2024-11-25,Monday
16724,16725,16,9.0,4.0,2024-11-13,Wednesday
16725,16726,170,22.0,6.0,2024-11-08,Friday
16726,16727,75,8.0,8.0,2024-11-11,Monday
16727,16728,253,2.0,6.0,2024-11-09,Saturday
16728,16729,105,6.0,4.0,2024-11-27,Wednesday
16729,16730,212,10.0,3.0,2024-11-21,Thursday
16730,16731,197,20.0,8.0,2024-11-19,Tuesday
16731,16732,121,18.0,2.0,2024-11-17,Sunday
16732,16733,122,11.0,6.0,2024-11-20,Wednesday
16733,16734,245,8.0,9.0,2024-11-01,Friday
16734,16735,49,16.0,4.0,2024-11-28,Thursday
16735,16736,79,16.0,9.0,2024-11-14,Thursday
16736,16737,118,22.0,10.0,2024-11-15,Friday
16737,16738,251,5.0,4.0,2024-11-21,Thursday
16738,16739,149,13.0,7.0,2024-11-01,Friday
16739,16740,11,13.0,4.0,2024-11-08,Friday
16740,16741,220,3.0,2.0,2024-11-03,Sunday
16741,16742,159,17.0,5.0,2024-11-16,Saturday
16742,16743,187,20.0,5.0,2024-11-22,Friday
16744,16745,42,25.0,5.0,2024-11-11,Monday
16745,16746,101,19.0,9.0,2024-11-10,Sunday
16746,16747,156,1.0,1.0,2024-11-18,Monday
16747,16748,282,16.0,2.0,2024-11-24,Sunday
16748,16749,42,4.0,4.0,2024-11-08,Friday
16749,16750,67,15.0,8.0,2024-11-24,Sunday
16750,16751,126,23.0,6.0,2024-11-06,Wednesday
16751,16752,215,25.0,10.0,2024-11-11,Monday
16752,16753,108,1.0,5.0,2024-11-02,Saturday
16753,16754,145,13.0,8.0,2024-11-19,Tuesday
16754,16755,193,2.0,10.0,2024-11-04,Monday
16755,16756,276,16.0,6.0,2024-11-20,Wednesday
16756,16757,134,14.0,8.0,2024-11-21,Thursday
16757,16758,21,6.0,3.0,2024-11-12,Tuesday
16758,16759,227,6.0,5.0,2024-11-21,Thursday
16759,16760,153,6.0,8.0,2024-11-24,Sunday
16760,16761,183,13.0,7.0,2024-11-04,Monday
16762,16763,188,24.0,2.0,2024-11-12,Tuesday
16763,16764,213,5.0,8.0,2024-11-21,Thursday
16764,16765,81,22.0,6.0,2024-11-05,Tuesday
16765,16766,246,13.0,8.0,2024-11-14,Thursday
16766,16767,205,3.0,10.0,2024-11-23,Saturday
16767,16768,138,3.0,7.0,2024-11-15,Friday
16768,16769,134,25.0,9.0,2024-11-09,Saturday
16769,16770,173,12.0,3.0,2024-11-10,Sunday
16770,16771,27,21.0,8.0,2024-11-17,Sunday
16771,16772,199,7.0,1.0,2024-11-28,Thursday
16773,16774,156,19.0,5.0,2024-11-12,Tuesday
16774,16775,237,3.0,3.0,2024-11-20,Wednesday
16775,16776,170,20.0,8.0,2024-11-07,Thursday
16776,16777,206,15.0,1.0,2024-11-28,Thursday
16777,16778,98,16.0,8.0,2024-11-01,Friday
16778,16779,276,22.0,1.0,2024-11-13,Wednesday
16779,16780,299,18.0,1.0,2024-11-04,Monday
16780,16781,137,1.0,1.0,2024-11-22,Friday
16781,16782,109,10.0,2.0,2024-11-22,Friday
16782,16783,298,25.0,2.0,2024-11-16,Saturday
16783,16784,44,17.0,3.0,2024-11-12,Tuesday
16784,16785,265,3.0,10.0,2024-11-27,Wednesday
16785,16786,148,10.0,9.0,2024-11-26,Tuesday
16786,16787,105,7.0,1.0,2024-11-06,Wednesday
16787,16788,126,6.0,3.0,2024-11-21,Thursday
16788,16789,155,5.0,9.0,2024-11-10,Sunday
16790,16791,296,11.0,6.0,2024-11-09,Saturday
16791,16792,37,2.0,2.0,2024-11-17,Sunday
16792,16793,131,8.0,8.0,2024-11-17,Sunday
16793,16794,164,14.0,9.0,2024-11-22,Friday
16794,16795,277,10.0,8.0,2024-11-20,Wednesday
16795,16796,128,20.0,3.0,2024-11-14,Thursday
16796,16797,100,5.0,5.0,2024-11-18,Monday
16797,16798,203,17.0,5.0,2024-11-11,Monday
16798,16799,45,11.0,1.0,2024-11-24,Sunday
16799,16800,85,16.0,10.0,2024-11-03,Sunday
16800,16801,90,17.0,4.0,2024-11-12,Tuesday
16801,16802,138,6.0,5.0,2024-11-12,Tuesday
16802,16803,220,24.0,2.0,2024-11-18,Monday
16803,16804,161,6.0,4.0,2024-11-13,Wednesday
16804,16805,216,11.0,6.0,2024-11-05,Tuesday
16805,16806,52,8.0,7.0,2024-11-02,Saturday
16806,16807,161,17.0,8.0,2024-11-11,Monday
16807,16808,180,13.0,2.0,2024-11-02,Saturday
16808,16809,228,5.0,5.0,2024-11-17,Sunday
16809,16810,252,10.0,8.0,2024-11-27,Wednesday
16810,16811,66,21.0,3.0,2024-11-02,Saturday
16811,16812,246,15.0,9.0,2024-11-14,Thursday
16812,16813,219,11.0,8.0,2024-11-06,Wednesday
16813,16814,256,20.0,10.0,2024-11-23,Saturday
16814,16815,298,4.0,10.0,2024-11-08,Friday
16815,16816,263,13.0,8.0,2024-11-04,Monday
16816,16817,257,15.0,1.0,2024-11-14,Thursday
16817,16818,239,19.0,2.0,2024-11-10,Sunday
16818,16819,199,5.0,4.0,2024-11-11,Monday
16819,16820,153,20.0,4.0,2024-11-20,Wednesday
16820,16821,197,18.0,5.0,2024-11-22,Friday
16821,16822,201,14.0,3.0,2024-11-18,Monday
16822,16823,286,22.0,7.0,2024-11-14,Thursday
16823,16824,224,18.0,7.0,2024-11-26,Tuesday
16824,16825,177,9.0,3.0,2024-11-13,Wednesday
16825,16826,181,8.0,8.0,2024-11-08,Friday
16826,16827,23,16.0,8.0,2024-11-12,Tuesday
16827,16828,281,22.0,10.0,2024-11-24,Sunday
16828,16829,291,11.0,7.0,2024-11-26,Tuesday
16829,16830,131,10.0,4.0,2024-11-20,Wednesday
16830,16831,188,15.0,5.0,2024-11-01,Friday
16831,16832,205,4.0,5.0,2024-11-04,Monday
16832,16833,19,8.0,7.0,2024-11-21,Thursday
16833,16834,250,9.0,8.0,2024-11-09,Saturday
16834,16835,214,22.0,3.0,2024-11-21,Thursday
16835,16836,299,16.0,9.0,2024-11-16,Saturday
16836,16837,300,4.0,3.0,2024-11-19,Tuesday
16837,16838,116,13.0,2.0,2024-11-08,Friday
16838,16839,288,16.0,9.0,2024-11-11,Monday
16839,16840,54,18.0,3.0,2024-11-17,Sunday
16840,16841,183,3.0,3.0,2024-11-19,Tuesday
16841,16842,31,21.0,7.0,2024-11-20,Wednesday
16842,16843,145,12.0,7.0,2024-11-22,Friday
16843,16844,282,6.0,1.0,2024-11-15,Friday
16844,16845,73,12.0,4.0,2024-11-09,Saturday
16845,16846,132,23.0,8.0,2024-11-18,Monday
16846,16847,262,6.0,6.0,2024-11-25,Monday
16847,16848,1,3.0,1.0,2024-11-13,Wednesday
16848,16849,298,4.0,7.0,2024-11-01,Friday
16849,16850,157,4.0,7.0,2024-11-17,Sunday
16850,16851,100,16.0,9.0,2024-11-09,Saturday
16851,16852,146,16.0,7.0,2024-11-06,Wednesday
16852,16853,175,5.0,4.0,2024-11-02,Saturday
16853,16854,257,19.0,7.0,2024-11-17,Sunday
16854,16855,39,5.0,1.0,2024-11-07,Thursday
16855,16856,21,20.0,1.0,2024-11-26,Tuesday
16856,16857,300,8.0,8.0,2024-11-11,Monday
16857,16858,119,14.0,5.0,2024-11-20,Wednesday
16858,16859,209,16.0,6.0,2024-11-07,Thursday
16859,16860,281,7.0,9.0,2024-11-22,Friday
16860,16861,30,6.0,10.0,2024-11-15,Friday
16861,16862,297,25.0,10.0,2024-11-06,Wednesday
16862,16863,240,25.0,7.0,2024-11-10,Sunday
16863,16864,184,2.0,4.0,2024-11-11,Monday
16864,16865,217,12.0,3.0,2024-11-15,Friday
16865,16866,117,6.0,9.0,2024-11-23,Saturday
16866,16867,96,4.0,5.0,2024-11-02,Saturday
16867,16868,215,22.0,5.0,2024-11-24,Sunday
16868,16869,217,23.0,9.0,2024-11-18,Monday
16869,16870,259,4.0,9.0,2024-11-01,Friday
16870,16871,19,8.0,8.0,2024-11-09,Saturday
16871,16872,215,14.0,3.0,2024-11-20,Wednesday
16872,16873,86,20.0,7.0,2024-11-17,Sunday
16873,16874,211,18.0,7.0,2024-11-03,Sunday
16874,16875,157,2.0,5.0,2024-11-09,Saturday
16875,16876,16,25.0,9.0,2024-11-26,Tuesday
16876,16877,145,21.0,4.0,2024-11-06,Wednesday
16877,16878,207,9.0,10.0,2024-11-27,Wednesday
16878,16879,133,25.0,2.0,2024-11-07,Thursday
16879,16880,21,22.0,9.0,2024-11-06,Wednesday
16880,16881,180,9.0,10.0,2024-11-01,Friday
16881,16882,65,4.0,5.0,2024-11-22,Friday
16882,16883,60,2.0,1.0,2024-11-07,Thursday
16883,16884,176,7.0,2.0,2024-11-20,Wednesday
16884,16885,171,15.0,2.0,2024-11-18,Monday
16885,16886,110,11.0,7.0,2024-11-23,Saturday
16886,16887,35,25.0,5.0,2024-11-12,Tuesday
16887,16888,138,9.0,3.0,2024-11-15,Friday
16888,16889,68,12.0,7.0,2024-11-05,Tuesday
16889,16890,281,16.0,1.0,2024-11-01,Friday
16890,16891,22,25.0,10.0,2024-11-28,Thursday
16891,16892,146,7.0,6.0,2024-11-07,Thursday
16892,16893,185,7.0,7.0,2024-11-05,Tuesday
16893,16894,110,20.0,8.0,2024-11-17,Sunday
16894,16895,174,13.0,7.0,2024-11-26,Tuesday
16895,16896,41,15.0,9.0,2024-11-06,Wednesday
16896,16897,167,22.0,2.0,2024-11-21,Thursday
16897,16898,247,23.0,5.0,2024-11-17,Sunday
16898,16899,41,7.0,3.0,2024-11-25,Monday
16899,16900,149,19.0,5.0,2024-11-22,Friday
16900,16901,175,19.0,5.0,2024-11-25,Monday
16901,16902,218,25.0,9.0,2024-11-02,Saturday
16902,16903,181,13.0,2.0,2024-11-14,Thursday
16903,16904,292,3.0,8.0,2024-11-04,Monday
16904,16905,299,4.0,6.0,2024-11-14,Thursday
16905,16906,22,25.0,3.0,2024-11-26,Tuesday
16906,16907,197,20.0,9.0,2024-11-11,Monday
16907,16908,2,17.0,1.0,2024-11-12,Tuesday
16908,16909,134,23.0,3.0,2024-11-21,Thursday
16909,16910,132,23.0,4.0,2024-11-01,Friday
16910,16911,166,5.0,9.0,2024-11-03,Sunday
16911,16912,246,22.0,9.0,2024-11-27,Wednesday
16912,16913,52,12.0,8.0,2024-11-27,Wednesday
16913,16914,266,14.0,2.0,2024-11-25,Monday
16914,16915,61,10.0,2.0,2024-11-28,Thursday
16915,16916,50,15.0,3.0,2024-11-09,Saturday
16916,16917,26,4.0,6.0,2024-11-09,Saturday
16917,16918,59,15.0,7.0,2024-11-03,Sunday
16918,16919,3,15.0,8.0,2024-11-09,Saturday
16919,16920,7,7.0,10.0,2024-11-25,Monday
16920,16921,60,25.0,8.0,2024-11-27,Wednesday
16921,16922,25,3.0,9.0,2024-11-25,Monday
16922,16923,136,20.0,1.0,2024-11-15,Friday
16923,16924,78,12.0,1.0,2024-11-25,Monday
16924,16925,207,1.0,6.0,2024-11-14,Thursday
16925,16926,31,22.0,9.0,2024-11-15,Friday
16926,16927,292,16.0,3.0,2024-11-12,Tuesday
16927,16928,9,5.0,2.0,2024-11-19,Tuesday
16928,16929,26,2.0,5.0,2024-11-15,Friday
16929,16930,4,7.0,5.0,2024-11-24,Sunday
16930,16931,249,21.0,3.0,2024-11-08,Friday
16931,16932,275,23.0,1.0,2024-11-17,Sunday
16932,16933,149,13.0,7.0,2024-11-16,Saturday
16933,16934,61,25.0,4.0,2024-11-28,Thursday
16934,16935,266,21.0,2.0,2024-11-20,Wednesday
16935,16936,117,16.0,9.0,2024-11-12,Tuesday
16936,16937,258,8.0,10.0,2024-11-08,Friday
16937,16938,205,5.0,9.0,2024-11-15,Friday
16938,16939,227,4.0,1.0,2024-11-11,Monday
16939,16940,99,1.0,5.0,2024-11-16,Saturday
16940,16941,224,14.0,3.0,2024-11-22,Friday
16941,16942,21,8.0,8.0,2024-11-12,Tuesday
16942,16943,168,11.0,8.0,2024-11-20,Wednesday
16943,16944,73,13.0,10.0,2024-11-18,Monday
16944,16945,282,4.0,3.0,2024-11-10,Sunday
16945,16946,259,8.0,2.0,2024-11-04,Monday
16946,16947,63,2.0,4.0,2024-11-27,Wednesday
16947,16948,28,16.0,7.0,2024-11-02,Saturday
16948,16949,166,21.0,2.0,2024-11-18,Monday
16949,16950,241,15.0,7.0,2024-11-01,Friday
16950,16951,183,22.0,9.0,2024-11-17,Sunday
16951,16952,69,19.0,5.0,2024-11-13,Wednesday
16952,16953,155,19.0,7.0,2024-11-22,Friday
16953,16954,130,1.0,6.0,2024-11-16,Saturday
16954,16955,34,6.0,1.0,2024-11-21,Thursday
16955,16956,118,8.0,4.0,2024-11-25,Monday
16956,16957,241,22.0,2.0,2024-11-25,Monday
16957,16958,268,4.0,1.0,2024-11-06,Wednesday
16959,16960,37,14.0,1.0,2024-11-01,Friday
16960,16961,241,9.0,4.0,2024-11-04,Monday
16961,16962,10,13.0,8.0,2024-11-11,Monday
16963,16964,278,4.0,6.0,2024-11-06,Wednesday
16964,16965,138,5.0,10.0,2024-11-13,Wednesday
16965,16966,270,24.0,2.0,2024-11-13,Wednesday
16966,16967,117,22.0,5.0,2024-11-18,Monday
16967,16968,159,14.0,2.0,2024-11-06,Wednesday
16968,16969,259,19.0,6.0,2024-11-08,Friday
16969,16970,168,19.0,2.0,2024-11-05,Tuesday
16970,16971,51,14.0,1.0,2024-11-15,Friday
16971,16972,210,10.0,10.0,2024-11-19,Tuesday
16972,16973,29,12.0,10.0,2024-11-17,Sunday
16973,16974,99,23.0,3.0,2024-11-12,Tuesday
16974,16975,295,16.0,6.0,2024-11-07,Thursday
16975,16976,130,6.0,4.0,2024-11-20,Wednesday
16976,16977,81,16.0,5.0,2024-11-23,Saturday
16977,16978,134,17.0,6.0,2024-11-24,Sunday
16978,16979,154,13.0,7.0,2024-11-17,Sunday
16980,16981,105,5.0,5.0,2024-11-20,Wednesday
16981,16982,259,21.0,7.0,2024-11-09,Saturday
16982,16983,17,14.0,10.0,2024-11-10,Sunday
16983,16984,201,4.0,2.0,2024-11-15,Friday
16984,16985,25,12.0,5.0,2024-11-08,Friday
16985,16986,227,22.0,5.0,2024-11-06,Wednesday
16986,16987,114,4.0,8.0,2024-11-12,Tuesday
16987,16988,157,17.0,8.0,2024-11-16,Saturday
16988,16989,194,11.0,6.0,2024-11-18,Monday
16989,16990,249,24.0,2.0,2024-11-20,Wednesday
16990,16991,211,9.0,10.0,2024-11-03,Sunday
16991,16992,154,3.0,5.0,2024-11-10,Sunday
16992,16993,34,5.0,2.0,2024-11-14,Thursday
16993,16994,19,3.0,8.0,2024-11-17,Sunday
16994,16995,53,20.0,4.0,2024-11-03,Sunday
16995,16996,253,14.0,3.0,2024-11-05,Tuesday
16996,16997,264,8.0,1.0,2024-11-25,Monday
16997,16998,222,5.0,1.0,2024-11-22,Friday
16998,16999,285,25.0,2.0,2024-11-07,Thursday
16999,17000,237,8.0,2.0,2024-11-07,Thursday
17000,17001,175,2.0,4.0,2024-11-09,Saturday
17001,17002,295,1.0,2.0,2024-11-12,Tuesday
17002,17003,222,4.0,3.0,2024-11-07,Thursday
17003,17004,255,18.0,7.0,2024-11-02,Saturday
17004,17005,105,3.0,7.0,2024-11-02,Saturday
17005,17006,39,16.0,2.0,2024-11-02,Saturday
17006,17007,2,16.0,10.0,2024-11-18,Monday
17007,17008,126,7.0,4.0,2024-11-26,Tuesday
17008,17009,147,7.0,6.0,2024-11-04,Monday
17009,17010,120,4.0,1.0,2024-11-09,Saturday
17010,17011,155,14.0,10.0,2024-11-20,Wednesday
17011,17012,8,4.0,7.0,2024-11-25,Monday
17012,17013,139,23.0,9.0,2024-11-08,Friday
17013,17014,42,16.0,5.0,2024-11-16,Saturday
17014,17015,166,15.0,4.0,2024-11-10,Sunday
17015,17016,246,25.0,6.0,2024-11-22,Friday
17016,17017,215,13.0,8.0,2024-11-28,Thursday
17017,17018,1,13.0,4.0,2024-11-13,Wednesday
17018,17019,207,21.0,5.0,2024-11-03,Sunday
17019,17020,262,19.0,10.0,2024-11-20,Wednesday
17020,17021,235,1.0,4.0,2024-11-22,Friday
17021,17022,62,25.0,10.0,2024-11-27,Wednesday
17022,17023,44,7.0,3.0,2024-11-24,Sunday
17023,17024,122,13.0,2.0,2024-11-23,Saturday
17024,17025,151,22.0,6.0,2024-11-22,Friday
17025,17026,144,24.0,2.0,2024-11-16,Saturday
17026,17027,10,4.0,4.0,2024-11-02,Saturday
17027,17028,133,24.0,4.0,2024-11-25,Monday
17028,17029,46,11.0,7.0,2024-11-08,Friday
17029,17030,161,20.0,1.0,2024-11-18,Monday
17031,17032,145,18.0,3.0,2024-11-21,Thursday
17032,17033,250,1.0,5.0,2024-11-22,Friday
17033,17034,273,9.0,9.0,2024-11-21,Thursday
17034,17035,208,7.0,6.0,2024-11-13,Wednesday
17035,17036,226,8.0,6.0,2024-11-23,Saturday
17036,17037,87,18.0,9.0,2024-11-27,Wednesday
17037,17038,114,18.0,7.0,2024-11-12,Tuesday
17038,17039,87,15.0,3.0,2024-11-16,Saturday
17039,17040,282,2.0,1.0,2024-11-05,Tuesday
17040,17041,101,11.0,4.0,2024-11-09,Saturday
17041,17042,154,19.0,5.0,2024-11-10,Sunday
17042,17043,260,15.0,3.0,2024-11-11,Monday
17043,17044,277,14.0,1.0,2024-11-11,Monday
17044,17045,284,1.0,7.0,2024-11-28,Thursday
17045,17046,279,8.0,2.0,2024-11-03,Sunday
17046,17047,261,6.0,8.0,2024-11-25,Monday
17047,17048,107,12.0,2.0,2024-11-20,Wednesday
17048,17049,259,20.0,1.0,2024-11-04,Monday
17049,17050,260,17.0,2.0,2024-11-13,Wednesday
17050,17051,65,2.0,9.0,2024-11-02,Saturday
17051,17052,11,3.0,6.0,2024-11-06,Wednesday
17052,17053,178,23.0,8.0,2024-11-15,Friday
17053,17054,81,21.0,8.0,2024-11-20,Wednesday
17054,17055,121,12.0,2.0,2024-11-16,Saturday
17055,17056,293,4.0,5.0,2024-11-22,Friday
17056,17057,120,25.0,3.0,2024-11-05,Tuesday
17058,17059,198,3.0,5.0,2024-11-02,Saturday
17059,17060,52,24.0,7.0,2024-11-13,Wednesday
17060,17061,140,12.0,6.0,2024-11-01,Friday
17061,17062,138,6.0,10.0,2024-11-11,Monday
17062,17063,155,12.0,6.0,2024-11-28,Thursday
17063,17064,271,16.0,8.0,2024-11-10,Sunday
17064,17065,142,20.0,1.0,2024-11-20,Wednesday
17065,17066,9,15.0,8.0,2024-11-23,Saturday
17066,17067,188,20.0,10.0,2024-11-18,Monday
17067,17068,14,2.0,9.0,2024-11-23,Saturday
17068,17069,167,5.0,1.0,2024-11-21,Thursday
17069,17070,269,16.0,10.0,2024-11-17,Sunday
17070,17071,26,6.0,2.0,2024-11-02,Saturday
17071,17072,124,20.0,3.0,2024-11-13,Wednesday
17072,17073,24,23.0,1.0,2024-11-10,Sunday
17073,17074,105,23.0,3.0,2024-11-18,Monday
17074,17075,140,22.0,10.0,2024-11-16,Saturday
17075,17076,88,16.0,8.0,2024-11-02,Saturday
17076,17077,242,21.0,5.0,2024-11-17,Sunday
17077,17078,61,9.0,9.0,2024-11-25,Monday
17078,17079,135,5.0,3.0,2024-11-02,Saturday
17079,17080,37,8.0,5.0,2024-11-18,Monday
17080,17081,300,1.0,5.0,2024-11-24,Sunday
17081,17082,233,15.0,7.0,2024-11-15,Friday
17082,17083,239,8.0,6.0,2024-11-15,Friday
17083,17084,282,9.0,1.0,2024-11-06,Wednesday
17084,17085,16,21.0,3.0,2024-11-09,Saturday
17085,17086,38,23.0,5.0,2024-11-27,Wednesday
17086,17087,90,3.0,9.0,2024-11-14,Thursday
17087,17088,225,7.0,3.0,2024-11-16,Saturday
17088,17089,61,22.0,7.0,2024-11-28,Thursday
17089,17090,85,13.0,9.0,2024-11-15,Friday
17090,17091,124,4.0,7.0,2024-11-21,Thursday
17091,17092,275,16.0,7.0,2024-11-21,Thursday
17092,17093,190,25.0,7.0,2024-11-11,Monday
17093,17094,219,11.0,2.0,2024-11-19,Tuesday
17094,17095,83,24.0,4.0,2024-11-20,Wednesday
17095,17096,164,2.0,5.0,2024-11-14,Thursday
17096,17097,254,22.0,7.0,2024-11-05,Tuesday
17097,17098,56,8.0,5.0,2024-11-04,Monday
17098,17099,2,18.0,1.0,2024-11-27,Wednesday
17099,17100,178,17.0,8.0,2024-11-09,Saturday
17100,17101,263,14.0,9.0,2024-11-10,Sunday
17101,17102,210,10.0,6.0,2024-11-17,Sunday
17102,17103,44,5.0,7.0,2024-11-15,Friday
17103,17104,69,6.0,10.0,2024-11-13,Wednesday
17104,17105,132,20.0,2.0,2024-11-24,Sunday
17105,17106,96,20.0,10.0,2024-11-16,Saturday
17106,17107,55,22.0,2.0,2024-11-18,Monday
17107,17108,57,9.0,5.0,2024-11-17,Sunday
17108,17109,116,21.0,3.0,2024-11-08,Friday
17109,17110,20,14.0,5.0,2024-11-23,Saturday
17110,17111,148,9.0,5.0,2024-11-27,Wednesday
17111,17112,248,21.0,5.0,2024-11-06,Wednesday
17112,17113,37,5.0,8.0,2024-11-20,Wednesday
17113,17114,221,3.0,1.0,2024-11-15,Friday
17114,17115,280,3.0,6.0,2024-11-23,Saturday
17115,17116,136,21.0,4.0,2024-11-20,Wednesday
17116,17117,229,5.0,3.0,2024-11-05,Tuesday
17117,17118,274,12.0,10.0,2024-11-13,Wednesday
17118,17119,137,11.0,7.0,2024-11-26,Tuesday
17119,17120,292,22.0,1.0,2024-11-13,Wednesday
17120,17121,29,5.0,7.0,2024-11-28,Thursday
17121,17122,15,15.0,2.0,2024-11-26,Tuesday
17122,17123,4,10.0,1.0,2024-11-01,Friday
17123,17124,186,24.0,7.0,2024-11-26,Tuesday
17124,17125,150,23.0,1.0,2024-11-19,Tuesday
17125,17126,115,24.0,9.0,2024-11-07,Thursday
17126,17127,241,7.0,8.0,2024-11-06,Wednesday
17127,17128,196,14.0,6.0,2024-11-16,Saturday
17128,17129,236,20.0,3.0,2024-11-05,Tuesday
17129,17130,77,11.0,9.0,2024-11-10,Sunday
17130,17131,27,15.0,1.0,2024-11-11,Monday
17131,17132,4,3.0,9.0,2024-11-21,Thursday
17132,17133,254,25.0,10.0,2024-11-26,Tuesday
17133,17134,45,6.0,1.0,2024-11-24,Sunday
17136,17137,281,13.0,7.0,2024-11-20,Wednesday
17137,17138,296,12.0,5.0,2024-11-18,Monday
17138,17139,105,2.0,5.0,2024-11-03,Sunday
17139,17140,136,11.0,9.0,2024-11-16,Saturday
17140,17141,45,25.0,5.0,2024-11-13,Wednesday
17141,17142,103,19.0,6.0,2024-11-12,Tuesday
17142,17143,66,19.0,6.0,2024-11-05,Tuesday
17143,17144,18,2.0,7.0,2024-11-23,Saturday
17144,17145,11,13.0,7.0,2024-11-06,Wednesday
17145,17146,280,2.0,4.0,2024-11-14,Thursday
17146,17147,28,1.0,2.0,2024-11-14,Thursday
17147,17148,276,25.0,7.0,2024-11-13,Wednesday
17148,17149,6,10.0,4.0,2024-11-13,Wednesday
17149,17150,145,15.0,4.0,2024-11-24,Sunday
17150,17151,187,5.0,5.0,2024-11-17,Sunday
17151,17152,193,16.0,2.0,2024-11-02,Saturday
17152,17153,251,17.0,6.0,2024-11-19,Tuesday
17153,17154,255,7.0,9.0,2024-11-17,Sunday
17154,17155,100,5.0,9.0,2024-11-20,Wednesday
17155,17156,151,10.0,1.0,2024-11-06,Wednesday
17156,17157,180,10.0,6.0,2024-11-04,Monday
17157,17158,241,7.0,6.0,2024-11-11,Monday
17158,17159,162,17.0,3.0,2024-11-19,Tuesday
17159,17160,7,16.0,3.0,2024-11-26,Tuesday
17160,17161,291,5.0,3.0,2024-11-04,Monday
17161,17162,99,12.0,5.0,2024-11-07,Thursday
17162,17163,191,4.0,2.0,2024-11-07,Thursday
17163,17164,267,20.0,9.0,2024-11-06,Wednesday
17164,17165,226,11.0,4.0,2024-11-07,Thursday
17165,17166,68,19.0,4.0,2024-11-11,Monday
17166,17167,56,1.0,3.0,2024-11-09,Saturday
17167,17168,129,15.0,6.0,2024-11-17,Sunday
17168,17169,284,21.0,6.0,2024-11-05,Tuesday
17169,17170,187,19.0,9.0,2024-11-28,Thursday
17170,17171,107,23.0,9.0,2024-11-21,Thursday
17171,17172,264,1.0,9.0,2024-11-02,Saturday
17172,17173,24,19.0,7.0,2024-11-18,Monday
17173,17174,5,14.0,4.0,2024-11-11,Monday
17174,17175,156,23.0,3.0,2024-11-05,Tuesday
17175,17176,183,13.0,3.0,2024-11-15,Friday
17176,17177,150,10.0,8.0,2024-11-22,Friday
17177,17178,73,1.0,3.0,2024-11-06,Wednesday
17178,17179,213,2.0,1.0,2024-11-28,Thursday
17179,17180,119,14.0,9.0,2024-11-26,Tuesday
17180,17181,162,1.0,5.0,2024-11-23,Saturday
17181,17182,254,13.0,6.0,2024-11-08,Friday
17182,17183,104,13.0,4.0,2024-11-03,Sunday
17183,17184,107,15.0,5.0,2024-11-15,Friday
17184,17185,257,23.0,2.0,2024-11-05,Tuesday
17185,17186,47,4.0,5.0,2024-11-17,Sunday
17186,17187,214,15.0,4.0,2024-11-25,Monday
17187,17188,78,17.0,6.0,2024-11-07,Thursday
17188,17189,129,23.0,2.0,2024-11-05,Tuesday
17189,17190,109,2.0,10.0,2024-11-20,Wednesday
17190,17191,116,7.0,7.0,2024-11-06,Wednesday
17191,17192,184,23.0,6.0,2024-11-06,Wednesday
17192,17193,128,9.0,6.0,2024-11-14,Thursday
17193,17194,127,17.0,7.0,2024-11-05,Tuesday
17194,17195,79,6.0,10.0,2024-11-02,Saturday
17195,17196,191,11.0,9.0,2024-11-18,Monday
17196,17197,69,23.0,8.0,2024-11-22,Friday
17197,17198,27,17.0,10.0,2024-11-25,Monday
17198,17199,72,13.0,9.0,2024-11-03,Sunday
17199,17200,238,21.0,10.0,2024-11-14,Thursday
17200,17201,164,19.0,9.0,2024-11-27,Wednesday
17201,17202,124,7.0,7.0,2024-11-25,Monday
17202,17203,246,8.0,7.0,2024-11-18,Monday
17203,17204,100,16.0,6.0,2024-11-02,Saturday
17204,17205,150,6.0,3.0,2024-11-18,Monday
17205,17206,53,5.0,3.0,2024-11-20,Wednesday
17206,17207,70,12.0,2.0,2024-11-03,Sunday
17207,17208,120,2.0,1.0,2024-11-16,Saturday
17208,17209,162,5.0,1.0,2024-11-26,Tuesday
17209,17210,240,15.0,9.0,2024-11-17,Sunday
17210,17211,185,5.0,9.0,2024-11-06,Wednesday
17211,17212,23,24.0,4.0,2024-11-01,Friday
17212,17213,18,10.0,10.0,2024-11-21,Thursday
17213,17214,250,15.0,3.0,2024-11-06,Wednesday
17214,17215,195,12.0,2.0,2024-11-27,Wednesday
17215,17216,101,15.0,10.0,2024-11-16,Saturday
17216,17217,26,15.0,9.0,2024-11-18,Monday
17217,17218,76,7.0,10.0,2024-11-04,Monday
17218,17219,201,3.0,4.0,2024-11-17,Sunday
17219,17220,268,20.0,1.0,2024-11-05,Tuesday
17220,17221,60,23.0,4.0,2024-11-05,Tuesday
17221,17222,21,24.0,5.0,2024-11-18,Monday
17222,17223,208,3.0,6.0,2024-11-07,Thursday
17223,17224,218,7.0,3.0,2024-11-25,Monday
17224,17225,3,12.0,3.0,2024-11-03,Sunday
17225,17226,241,24.0,3.0,2024-11-09,Saturday
17226,17227,103,5.0,8.0,2024-11-23,Saturday
17227,17228,208,22.0,3.0,2024-11-24,Sunday
17228,17229,269,16.0,6.0,2024-11-20,Wednesday
17229,17230,43,9.0,7.0,2024-11-24,Sunday
17230,17231,219,7.0,1.0,2024-11-12,Tuesday
17231,17232,220,20.0,4.0,2024-11-04,Monday
17232,17233,146,3.0,7.0,2024-11-03,Sunday
17233,17234,168,19.0,9.0,2024-11-19,Tuesday
17234,17235,135,17.0,8.0,2024-11-01,Friday
17235,17236,281,21.0,4.0,2024-11-27,Wednesday
17236,17237,233,20.0,4.0,2024-11-21,Thursday
17237,17238,276,25.0,6.0,2024-11-02,Saturday
17238,17239,205,22.0,7.0,2024-11-18,Monday
17239,17240,83,19.0,1.0,2024-11-18,Monday
17240,17241,153,16.0,4.0,2024-11-09,Saturday
17241,17242,29,14.0,5.0,2024-11-24,Sunday
17242,17243,294,2.0,4.0,2024-11-22,Friday
17243,17244,232,21.0,1.0,2024-11-07,Thursday
17244,17245,80,13.0,5.0,2024-11-21,Thursday
17245,17246,148,11.0,3.0,2024-11-09,Saturday
17246,17247,291,6.0,3.0,2024-11-09,Saturday
17247,17248,244,21.0,1.0,2024-11-15,Friday
17248,17249,242,22.0,7.0,2024-11-13,Wednesday
17249,17250,249,22.0,2.0,2024-11-22,Friday
17250,17251,290,1.0,4.0,2024-11-27,Wednesday
17251,17252,139,9.0,6.0,2024-11-25,Monday
17252,17253,116,19.0,6.0,2024-11-11,Monday
17253,17254,260,17.0,5.0,2024-11-04,Monday
17254,17255,128,19.0,5.0,2024-11-10,Sunday
17255,17256,58,3.0,1.0,2024-11-13,Wednesday
17256,17257,16,21.0,10.0,2024-11-24,Sunday
17257,17258,136,7.0,3.0,2024-11-02,Saturday
17258,17259,70,9.0,8.0,2024-11-12,Tuesday
17259,17260,51,16.0,5.0,2024-11-11,Monday
17260,17261,288,2.0,9.0,2024-11-17,Sunday
17261,17262,211,14.0,2.0,2024-11-28,Thursday
17262,17263,287,25.0,3.0,2024-11-17,Sunday
17263,17264,299,12.0,9.0,2024-11-23,Saturday
17264,17265,115,4.0,10.0,2024-11-06,Wednesday
17265,17266,299,9.0,7.0,2024-11-27,Wednesday
17266,17267,253,13.0,6.0,2024-11-06,Wednesday
17267,17268,16,5.0,10.0,2024-11-26,Tuesday
17268,17269,103,17.0,6.0,2024-11-20,Wednesday
17269,17270,65,22.0,8.0,2024-11-16,Saturday
17270,17271,292,14.0,1.0,2024-11-10,Sunday
17271,17272,243,25.0,4.0,2024-11-24,Sunday
17272,17273,113,19.0,6.0,2024-11-23,Saturday
17273,17274,86,16.0,5.0,2024-11-25,Monday
17274,17275,120,19.0,8.0,2024-11-11,Monday
17275,17276,272,1.0,3.0,2024-11-12,Tuesday
17276,17277,99,21.0,3.0,2024-11-25,Monday
17277,17278,52,18.0,1.0,2024-11-15,Friday
17278,17279,241,25.0,7.0,2024-11-12,Tuesday
17279,17280,43,21.0,10.0,2024-11-22,Friday
17280,17281,87,24.0,10.0,2024-11-07,Thursday
17281,17282,269,13.0,8.0,2024-11-18,Monday
17282,17283,2,4.0,4.0,2024-11-02,Saturday
17283,17284,210,5.0,6.0,2024-11-25,Monday
17284,17285,210,3.0,1.0,2024-11-09,Saturday
17285,17286,173,17.0,1.0,2024-11-04,Monday
17286,17287,257,11.0,9.0,2024-11-17,Sunday
17287,17288,57,3.0,1.0,2024-11-12,Tuesday
17288,17289,30,13.0,6.0,2024-11-14,Thursday
17289,17290,269,15.0,8.0,2024-11-12,Tuesday
17290,17291,124,1.0,10.0,2024-11-02,Saturday
17291,17292,80,6.0,8.0,2024-11-26,Tuesday
17292,17293,81,13.0,1.0,2024-11-17,Sunday
17293,17294,51,18.0,2.0,2024-11-07,Thursday
17294,17295,224,7.0,2.0,2024-11-18,Monday
17295,17296,115,3.0,7.0,2024-11-12,Tuesday
17296,17297,242,6.0,6.0,2024-11-10,Sunday
17297,17298,292,14.0,9.0,2024-11-22,Friday
17298,17299,92,6.0,3.0,2024-11-26,Tuesday
17299,17300,255,24.0,10.0,2024-11-13,Wednesday
17300,17301,103,9.0,10.0,2024-11-01,Friday
17301,17302,267,8.0,7.0,2024-11-10,Sunday
17302,17303,47,21.0,9.0,2024-11-18,Monday
17303,17304,229,17.0,5.0,2024-11-17,Sunday
17304,17305,206,7.0,10.0,2024-11-27,Wednesday
17305,17306,27,24.0,10.0,2024-11-16,Saturday
17306,17307,16,16.0,3.0,2024-11-05,Tuesday
17307,17308,275,17.0,4.0,2024-11-10,Sunday
17308,17309,126,15.0,9.0,2024-11-05,Tuesday
17309,17310,169,14.0,2.0,2024-11-10,Sunday
17310,17311,37,11.0,10.0,2024-11-17,Sunday
17311,17312,242,12.0,4.0,2024-11-20,Wednesday
17312,17313,238,23.0,5.0,2024-11-15,Friday
17313,17314,192,25.0,4.0,2024-11-11,Monday
17314,17315,70,8.0,8.0,2024-11-20,Wednesday
17315,17316,260,19.0,5.0,2024-11-20,Wednesday
17316,17317,49,15.0,6.0,2024-11-04,Monday
17317,17318,93,25.0,3.0,2024-11-05,Tuesday
17318,17319,292,15.0,6.0,2024-11-08,Friday
17319,17320,127,23.0,9.0,2024-11-19,Tuesday
17320,17321,265,25.0,4.0,2024-11-22,Friday
17321,17322,29,7.0,9.0,2024-11-08,Friday
17322,17323,97,23.0,6.0,2024-11-14,Thursday
17323,17324,255,10.0,8.0,2024-11-06,Wednesday
17324,17325,128,8.0,2.0,2024-11-20,Wednesday
17325,17326,211,10.0,2.0,2024-11-07,Thursday
17326,17327,66,19.0,4.0,2024-11-27,Wednesday
17327,17328,271,19.0,5.0,2024-11-10,Sunday
17328,17329,255,8.0,3.0,2024-11-26,Tuesday
17329,17330,78,11.0,2.0,2024-11-09,Saturday
17330,17331,195,7.0,4.0,2024-11-01,Friday
17331,17332,218,1.0,6.0,2024-11-12,Tuesday
17332,17333,235,8.0,7.0,2024-11-14,Thursday
17333,17334,88,16.0,5.0,2024-11-18,Monday
17334,17335,256,23.0,7.0,2024-11-05,Tuesday
17335,17336,152,7.0,3.0,2024-11-18,Monday
17336,17337,160,20.0,3.0,2024-11-27,Wednesday
17337,17338,265,7.0,9.0,2024-11-26,Tuesday
17338,17339,76,16.0,10.0,2024-11-24,Sunday
17339,17340,47,7.0,2.0,2024-11-03,Sunday
17340,17341,170,23.0,6.0,2024-11-13,Wednesday
17341,17342,143,13.0,4.0,2024-11-08,Friday
17342,17343,186,24.0,8.0,2024-11-06,Wednesday
17343,17344,275,15.0,10.0,2024-11-08,Friday
17344,17345,94,4.0,5.0,2024-11-26,Tuesday
17345,17346,65,12.0,7.0,2024-11-11,Monday
17346,17347,84,2.0,9.0,2024-11-21,Thursday
17347,17348,253,7.0,10.0,2024-11-06,Wednesday
17348,17349,106,3.0,5.0,2024-11-28,Thursday
17349,17350,218,12.0,9.0,2024-11-23,Saturday
17350,17351,174,19.0,9.0,2024-11-04,Monday
17351,17352,295,17.0,6.0,2024-11-24,Sunday
17352,17353,136,19.0,4.0,2024-11-02,Saturday
17353,17354,41,20.0,7.0,2024-11-09,Saturday
17354,17355,261,6.0,3.0,2024-11-26,Tuesday
17355,17356,291,25.0,10.0,2024-11-28,Thursday
17356,17357,150,4.0,5.0,2024-11-26,Tuesday
17357,17358,244,24.0,9.0,2024-11-19,Tuesday
17358,17359,243,14.0,2.0,2024-11-04,Monday
17359,17360,91,4.0,5.0,2024-11-01,Friday
17360,17361,289,23.0,6.0,2024-11-09,Saturday
17361,17362,287,15.0,6.0,2024-11-17,Sunday
17362,17363,264,21.0,3.0,2024-11-05,Tuesday
17363,17364,78,2.0,4.0,2024-11-17,Sunday
17364,17365,84,10.0,3.0,2024-11-25,Monday
17365,17366,35,4.0,7.0,2024-11-25,Monday
17366,17367,24,19.0,6.0,2024-11-02,Saturday
17367,17368,145,21.0,4.0,2024-11-08,Friday
17368,17369,188,21.0,6.0,2024-11-03,Sunday
17369,17370,31,1.0,9.0,2024-11-09,Saturday
17370,17371,153,2.0,8.0,2024-11-05,Tuesday
17371,17372,208,12.0,2.0,2024-11-21,Thursday
17372,17373,190,3.0,10.0,2024-11-08,Friday
17373,17374,79,11.0,3.0,2024-11-08,Friday
17374,17375,97,7.0,1.0,2024-11-26,Tuesday
17375,17376,137,4.0,3.0,2024-11-07,Thursday
17376,17377,10,7.0,7.0,2024-11-27,Wednesday
17377,17378,190,11.0,8.0,2024-11-03,Sunday
17378,17379,244,24.0,7.0,2024-11-03,Sunday
17379,17380,111,3.0,8.0,2024-11-20,Wednesday
17380,17381,31,21.0,6.0,2024-11-02,Saturday
17381,17382,181,6.0,10.0,2024-11-07,Thursday
17382,17383,221,11.0,2.0,2024-11-22,Friday
17383,17384,218,22.0,10.0,2024-11-14,Thursday
17384,17385,89,10.0,1.0,2024-11-22,Friday
17385,17386,275,8.0,7.0,2024-11-05,Tuesday
17386,17387,65,12.0,2.0,2024-11-17,Sunday
17387,17388,19,21.0,10.0,2024-11-05,Tuesday
17388,17389,38,18.0,8.0,2024-11-14,Thursday
17389,17390,56,4.0,10.0,2024-11-10,Sunday
17390,17391,284,24.0,4.0,2024-11-18,Monday
17392,17393,150,1.0,6.0,2024-11-27,Wednesday
17393,17394,193,10.0,3.0,2024-11-16,Saturday
17394,17395,156,1.0,8.0,2024-11-16,Saturday
17395,17396,209,18.0,8.0,2024-11-28,Thursday
17396,17397,116,20.0,5.0,2024-11-26,Tuesday
17397,17398,152,5.0,2.0,2024-11-16,Saturday
17398,17399,63,7.0,2.0,2024-11-15,Friday
17399,17400,160,10.0,9.0,2024-11-15,Friday
17400,17401,77,22.0,6.0,2024-11-18,Monday
17401,17402,115,16.0,2.0,2024-11-25,Monday
17402,17403,139,17.0,1.0,2024-11-04,Monday
17403,17404,229,13.0,6.0,2024-11-11,Monday
17404,17405,181,25.0,7.0,2024-11-11,Monday
17405,17406,40,17.0,8.0,2024-11-01,Friday
17406,17407,120,24.0,8.0,2024-11-16,Saturday
17407,17408,108,2.0,4.0,2024-11-04,Monday
17408,17409,63,12.0,10.0,2024-11-04,Monday
17409,17410,171,17.0,8.0,2024-11-12,Tuesday
17410,17411,155,11.0,3.0,2024-11-16,Saturday
17411,17412,281,2.0,2.0,2024-11-05,Tuesday
17412,17413,50,24.0,7.0,2024-11-19,Tuesday
17413,17414,272,24.0,6.0,2024-11-21,Thursday
17414,17415,15,1.0,8.0,2024-11-10,Sunday
17415,17416,71,16.0,6.0,2024-11-01,Friday
17417,17418,200,9.0,3.0,2024-11-15,Friday
17418,17419,170,24.0,1.0,2024-11-24,Sunday
17419,17420,221,6.0,2.0,2024-11-06,Wednesday
17420,17421,107,12.0,10.0,2024-11-23,Saturday
17421,17422,19,18.0,4.0,2024-11-13,Wednesday
17422,17423,209,5.0,9.0,2024-11-14,Thursday
17423,17424,259,21.0,1.0,2024-11-23,Saturday
17424,17425,215,5.0,3.0,2024-11-11,Monday
17425,17426,84,14.0,6.0,2024-11-22,Friday
17426,17427,235,11.0,1.0,2024-11-10,Sunday
17427,17428,49,20.0,2.0,2024-11-08,Friday
17428,17429,163,19.0,7.0,2024-11-20,Wednesday
17429,17430,165,13.0,7.0,2024-11-26,Tuesday
17430,17431,172,1.0,8.0,2024-11-15,Friday
17431,17432,187,1.0,7.0,2024-11-11,Monday
17432,17433,15,1.0,5.0,2024-11-25,Monday
17433,17434,300,3.0,8.0,2024-11-09,Saturday
17434,17435,188,16.0,8.0,2024-11-10,Sunday
17435,17436,141,16.0,3.0,2024-11-15,Friday
17436,17437,233,21.0,5.0,2024-11-15,Friday
17437,17438,140,14.0,1.0,2024-11-11,Monday
17438,17439,250,12.0,2.0,2024-11-19,Tuesday
17439,17440,176,2.0,4.0,2024-11-02,Saturday
17441,17442,152,16.0,6.0,2024-11-28,Thursday
17442,17443,60,13.0,8.0,2024-11-24,Sunday
17443,17444,111,1.0,7.0,2024-11-14,Thursday
17444,17445,249,16.0,1.0,2024-11-14,Thursday
17445,17446,203,22.0,10.0,2024-11-15,Friday
17446,17447,233,6.0,10.0,2024-11-25,Monday
17447,17448,269,10.0,6.0,2024-11-24,Sunday
17448,17449,76,24.0,1.0,2024-11-10,Sunday
17449,17450,197,16.0,1.0,2024-11-01,Friday
17450,17451,277,17.0,3.0,2024-11-24,Sunday
17451,17452,199,9.0,5.0,2024-11-11,Monday
17452,17453,298,13.0,7.0,2024-11-07,Thursday
17453,17454,247,21.0,5.0,2024-11-25,Monday
17454,17455,49,5.0,10.0,2024-11-13,Wednesday
17455,17456,248,7.0,3.0,2024-11-10,Sunday
17456,17457,17,25.0,2.0,2024-11-20,Wednesday
17457,17458,215,19.0,4.0,2024-11-19,Tuesday
17458,17459,243,8.0,10.0,2024-11-17,Sunday
17459,17460,83,6.0,8.0,2024-11-18,Monday
17460,17461,86,13.0,2.0,2024-11-19,Tuesday
17461,17462,181,23.0,3.0,2024-11-19,Tuesday
17462,17463,151,8.0,8.0,2024-11-23,Saturday
17463,17464,123,23.0,2.0,2024-11-21,Thursday
17464,17465,290,16.0,7.0,2024-11-09,Saturday
17465,17466,2,7.0,8.0,2024-11-09,Saturday
17466,17467,216,4.0,2.0,2024-11-11,Monday
17467,17468,274,20.0,5.0,2024-11-19,Tuesday
17468,17469,132,13.0,1.0,2024-11-08,Friday
17469,17470,91,20.0,5.0,2024-11-08,Friday
17470,17471,205,8.0,9.0,2024-11-22,Friday
17471,17472,35,1.0,1.0,2024-11-21,Thursday
17472,17473,196,19.0,5.0,2024-11-12,Tuesday
17473,17474,126,15.0,2.0,2024-11-25,Monday
17474,17475,91,10.0,5.0,2024-11-23,Saturday
17475,17476,189,15.0,2.0,2024-11-05,Tuesday
17476,17477,39,2.0,9.0,2024-11-07,Thursday
17477,17478,213,13.0,2.0,2024-11-01,Friday
17478,17479,93,12.0,9.0,2024-11-13,Wednesday
17479,17480,26,3.0,4.0,2024-11-27,Wednesday
17480,17481,28,23.0,2.0,2024-11-17,Sunday
17481,17482,107,19.0,8.0,2024-11-18,Monday
17482,17483,191,16.0,7.0,2024-11-19,Tuesday
17483,17484,226,4.0,9.0,2024-11-02,Saturday
17484,17485,291,6.0,8.0,2024-11-03,Sunday
17485,17486,284,9.0,2.0,2024-11-16,Saturday
17486,17487,252,7.0,9.0,2024-11-13,Wednesday
17487,17488,209,25.0,2.0,2024-11-27,Wednesday
17488,17489,56,19.0,3.0,2024-11-09,Saturday
17489,17490,48,6.0,6.0,2024-11-04,Monday
17490,17491,223,22.0,10.0,2024-11-26,Tuesday
17491,17492,222,6.0,9.0,2024-11-25,Monday
17492,17493,236,15.0,3.0,2024-11-24,Sunday
17493,17494,107,14.0,10.0,2024-11-17,Sunday
17494,17495,85,19.0,3.0,2024-11-07,Thursday
17495,17496,277,18.0,10.0,2024-11-28,Thursday
17496,17497,287,12.0,9.0,2024-11-04,Monday
17497,17498,291,14.0,3.0,2024-11-18,Monday
17498,17499,281,2.0,5.0,2024-11-28,Thursday
17499,17500,155,5.0,2.0,2024-11-24,Sunday
17500,17501,300,11.0,2.0,2024-11-23,Saturday
17501,17502,12,5.0,3.0,2024-11-09,Saturday
17502,17503,256,6.0,9.0,2024-11-12,Tuesday
17503,17504,138,3.0,1.0,2024-11-14,Thursday
17504,17505,279,24.0,9.0,2024-11-02,Saturday
17505,17506,247,20.0,7.0,2024-11-03,Sunday
17506,17507,150,10.0,6.0,2024-11-09,Saturday
17507,17508,1,20.0,3.0,2024-11-23,Saturday
17508,17509,273,25.0,4.0,2024-11-01,Friday
17509,17510,197,21.0,1.0,2024-11-08,Friday
17510,17511,109,12.0,10.0,2024-11-25,Monday
17511,17512,204,18.0,5.0,2024-11-23,Saturday
17512,17513,253,5.0,7.0,2024-11-05,Tuesday
17513,17514,94,21.0,6.0,2024-11-20,Wednesday
17514,17515,164,2.0,9.0,2024-11-23,Saturday
17515,17516,229,13.0,1.0,2024-11-09,Saturday
17516,17517,289,3.0,10.0,2024-11-11,Monday
17517,17518,173,21.0,9.0,2024-11-17,Sunday
17518,17519,164,12.0,6.0,2024-11-01,Friday
17519,17520,278,24.0,1.0,2024-11-08,Friday
17520,17521,161,6.0,5.0,2024-11-12,Tuesday
17521,17522,136,2.0,2.0,2024-11-10,Sunday
17522,17523,156,22.0,4.0,2024-11-26,Tuesday
17523,17524,178,25.0,3.0,2024-11-20,Wednesday
17524,17525,127,25.0,4.0,2024-11-26,Tuesday
17525,17526,29,1.0,2.0,2024-11-28,Thursday
17526,17527,203,17.0,9.0,2024-11-26,Tuesday
17527,17528,264,18.0,9.0,2024-11-06,Wednesday
17528,17529,71,14.0,9.0,2024-11-24,Sunday
17529,17530,58,8.0,1.0,2024-11-28,Thursday
17530,17531,251,11.0,7.0,2024-11-12,Tuesday
17532,17533,175,14.0,1.0,2024-11-10,Sunday
17533,17534,53,6.0,9.0,2024-11-24,Sunday
17534,17535,105,18.0,3.0,2024-11-13,Wednesday
17535,17536,93,11.0,4.0,2024-11-21,Thursday
17536,17537,141,19.0,1.0,2024-11-09,Saturday
17537,17538,278,7.0,6.0,2024-11-11,Monday
17538,17539,9,15.0,2.0,2024-11-19,Tuesday
17539,17540,199,6.0,4.0,2024-11-02,Saturday
17540,17541,20,16.0,6.0,2024-11-12,Tuesday
17541,17542,252,22.0,10.0,2024-11-16,Saturday
17542,17543,172,5.0,1.0,2024-11-03,Sunday
17543,17544,194,17.0,6.0,2024-11-09,Saturday
17544,17545,190,24.0,2.0,2024-11-08,Friday
17545,17546,138,4.0,8.0,2024-11-28,Thursday
17546,17547,206,14.0,2.0,2024-11-01,Friday
17547,17548,111,23.0,9.0,2024-11-10,Sunday
17548,17549,45,6.0,9.0,2024-11-15,Friday
17549,17550,269,24.0,2.0,2024-11-08,Friday
17550,17551,240,15.0,2.0,2024-11-04,Monday
17551,17552,16,12.0,10.0,2024-11-16,Saturday
17552,17553,41,22.0,3.0,2024-11-21,Thursday
17553,17554,90,7.0,6.0,2024-11-23,Saturday
17554,17555,80,23.0,4.0,2024-11-15,Friday
17555,17556,263,15.0,7.0,2024-11-26,Tuesday
17556,17557,228,11.0,6.0,2024-11-16,Saturday
17557,17558,209,21.0,8.0,2024-11-02,Saturday
17558,17559,250,2.0,8.0,2024-11-01,Friday
17559,17560,180,9.0,6.0,2024-11-20,Wednesday
17560,17561,191,17.0,5.0,2024-11-15,Friday
17561,17562,129,5.0,4.0,2024-11-10,Sunday
17562,17563,134,6.0,9.0,2024-11-20,Wednesday
17563,17564,86,18.0,9.0,2024-11-27,Wednesday
17564,17565,52,23.0,1.0,2024-11-28,Thursday
17565,17566,237,2.0,4.0,2024-11-28,Thursday
17566,17567,74,15.0,5.0,2024-11-20,Wednesday
17567,17568,77,11.0,3.0,2024-11-26,Tuesday
17569,17570,77,17.0,9.0,2024-11-03,Sunday
17570,17571,117,13.0,6.0,2024-11-14,Thursday
17571,17572,224,17.0,8.0,2024-11-14,Thursday
17572,17573,178,1.0,2.0,2024-11-20,Wednesday
17573,17574,83,22.0,2.0,2024-11-20,Wednesday
17574,17575,128,17.0,3.0,2024-11-09,Saturday
17576,17577,241,15.0,8.0,2024-11-20,Wednesday
17577,17578,6,5.0,9.0,2024-11-27,Wednesday
17578,17579,145,8.0,2.0,2024-11-19,Tuesday
17579,17580,284,7.0,7.0,2024-11-17,Sunday
17580,17581,107,6.0,9.0,2024-11-21,Thursday
17581,17582,227,18.0,2.0,2024-11-15,Friday
17582,17583,186,16.0,9.0,2024-11-10,Sunday
17583,17584,127,19.0,1.0,2024-11-05,Tuesday
17584,17585,25,4.0,1.0,2024-11-21,Thursday
17585,17586,159,13.0,10.0,2024-11-08,Friday
17586,17587,230,20.0,1.0,2024-11-15,Friday
17587,17588,215,1.0,9.0,2024-11-09,Saturday
17588,17589,272,14.0,6.0,2024-11-25,Monday
17589,17590,291,19.0,6.0,2024-11-09,Saturday
17590,17591,236,15.0,10.0,2024-11-28,Thursday
17591,17592,120,7.0,5.0,2024-11-18,Monday
17592,17593,231,6.0,1.0,2024-11-27,Wednesday
17593,17594,227,1.0,2.0,2024-11-24,Sunday
17594,17595,210,11.0,5.0,2024-11-15,Friday
17595,17596,260,3.0,7.0,2024-11-21,Thursday
17596,17597,177,13.0,7.0,2024-11-09,Saturday
17597,17598,277,3.0,3.0,2024-11-16,Saturday
17598,17599,157,12.0,7.0,2024-11-10,Sunday
17599,17600,193,20.0,3.0,2024-11-21,Thursday
17600,17601,252,23.0,2.0,2024-11-13,Wednesday
17601,17602,63,20.0,2.0,2024-11-16,Saturday
17602,17603,213,1.0,8.0,2024-11-07,Thursday
17603,17604,89,21.0,4.0,2024-11-05,Tuesday
17604,17605,249,2.0,8.0,2024-11-14,Thursday
17605,17606,103,17.0,4.0,2024-11-15,Friday
17606,17607,57,21.0,2.0,2024-11-01,Friday
17607,17608,219,24.0,1.0,2024-11-19,Tuesday
17608,17609,63,10.0,8.0,2024-11-07,Thursday
17609,17610,253,14.0,4.0,2024-11-21,Thursday
17610,17611,33,9.0,2.0,2024-11-16,Saturday
17611,17612,24,25.0,3.0,2024-11-24,Sunday
17612,17613,107,25.0,3.0,2024-11-07,Thursday
17613,17614,216,12.0,1.0,2024-11-20,Wednesday
17614,17615,21,14.0,9.0,2024-11-13,Wednesday
17615,17616,56,20.0,2.0,2024-11-04,Monday
17616,17617,6,22.0,1.0,2024-11-28,Thursday
17617,17618,31,2.0,3.0,2024-11-08,Friday
17618,17619,195,20.0,10.0,2024-11-09,Saturday
17619,17620,181,9.0,2.0,2024-11-19,Tuesday
17620,17621,146,18.0,4.0,2024-11-14,Thursday
17621,17622,174,22.0,6.0,2024-11-04,Monday
17622,17623,25,15.0,1.0,2024-11-22,Friday
17623,17624,41,17.0,5.0,2024-11-27,Wednesday
17624,17625,79,3.0,6.0,2024-11-08,Friday
17625,17626,127,5.0,8.0,2024-11-17,Sunday
17626,17627,40,18.0,6.0,2024-11-09,Saturday
17627,17628,31,21.0,2.0,2024-11-20,Wednesday
17628,17629,235,17.0,9.0,2024-11-12,Tuesday
17629,17630,216,9.0,10.0,2024-11-16,Saturday
17630,17631,229,5.0,5.0,2024-11-08,Friday
17631,17632,216,16.0,10.0,2024-11-10,Sunday
17632,17633,270,13.0,8.0,2024-11-04,Monday
17633,17634,162,15.0,3.0,2024-11-14,Thursday
17634,17635,114,24.0,9.0,2024-11-15,Friday
17635,17636,160,20.0,5.0,2024-11-19,Tuesday
17636,17637,269,12.0,8.0,2024-11-11,Monday
17637,17638,139,17.0,3.0,2024-11-17,Sunday
17638,17639,272,23.0,3.0,2024-11-05,Tuesday
17639,17640,75,23.0,10.0,2024-11-11,Monday
17640,17641,273,4.0,6.0,2024-11-26,Tuesday
17641,17642,276,8.0,2.0,2024-11-11,Monday
17642,17643,247,17.0,6.0,2024-11-03,Sunday
17643,17644,297,23.0,9.0,2024-11-10,Sunday
17644,17645,62,3.0,10.0,2024-11-21,Thursday
17645,17646,29,1.0,7.0,2024-11-05,Tuesday
17646,17647,65,9.0,1.0,2024-11-02,Saturday
17647,17648,165,14.0,2.0,2024-11-12,Tuesday
17648,17649,147,4.0,6.0,2024-11-10,Sunday
17649,17650,270,19.0,9.0,2024-11-19,Tuesday
17650,17651,138,12.0,7.0,2024-11-01,Friday
17651,17652,149,10.0,4.0,2024-11-07,Thursday
17652,17653,200,14.0,2.0,2024-11-13,Wednesday
17653,17654,70,18.0,9.0,2024-11-11,Monday
17654,17655,224,7.0,7.0,2024-11-26,Tuesday
17655,17656,214,11.0,7.0,2024-11-13,Wednesday
17656,17657,6,17.0,2.0,2024-11-22,Friday
17657,17658,7,16.0,4.0,2024-11-21,Thursday
17658,17659,158,11.0,1.0,2024-11-05,Tuesday
17659,17660,165,17.0,1.0,2024-11-07,Thursday
17660,17661,207,18.0,6.0,2024-11-12,Tuesday
17661,17662,21,9.0,5.0,2024-11-08,Friday
17662,17663,94,20.0,6.0,2024-11-15,Friday
17663,17664,172,16.0,1.0,2024-11-12,Tuesday
17664,17665,61,18.0,3.0,2024-11-21,Thursday
17665,17666,210,17.0,10.0,2024-11-09,Saturday
17667,17668,248,24.0,7.0,2024-11-22,Friday
17668,17669,31,5.0,8.0,2024-11-26,Tuesday
17669,17670,112,8.0,4.0,2024-11-03,Sunday
17670,17671,47,8.0,8.0,2024-11-10,Sunday
17671,17672,130,1.0,3.0,2024-11-03,Sunday
17672,17673,131,19.0,1.0,2024-11-01,Friday
17673,17674,253,11.0,3.0,2024-11-10,Sunday
17674,17675,235,23.0,4.0,2024-11-05,Tuesday
17675,17676,168,3.0,3.0,2024-11-09,Saturday
17676,17677,179,6.0,2.0,2024-11-27,Wednesday
17677,17678,238,6.0,2.0,2024-11-07,Thursday
17678,17679,167,20.0,5.0,2024-11-14,Thursday
17679,17680,122,2.0,1.0,2024-11-23,Saturday
17680,17681,299,25.0,10.0,2024-11-09,Saturday
17681,17682,20,1.0,8.0,2024-11-01,Friday
17682,17683,151,8.0,4.0,2024-11-10,Sunday
17683,17684,54,4.0,8.0,2024-11-27,Wednesday
17684,17685,265,4.0,6.0,2024-11-13,Wednesday
17685,17686,207,24.0,4.0,2024-11-28,Thursday
17686,17687,216,21.0,2.0,2024-11-20,Wednesday
17687,17688,299,25.0,8.0,2024-11-15,Friday
17688,17689,113,7.0,8.0,2024-11-07,Thursday
17689,17690,282,4.0,7.0,2024-11-17,Sunday
17690,17691,189,18.0,6.0,2024-11-06,Wednesday
17691,17692,246,22.0,6.0,2024-11-22,Friday
17692,17693,26,5.0,10.0,2024-11-26,Tuesday
17693,17694,243,20.0,6.0,2024-11-16,Saturday
17694,17695,36,1.0,10.0,2024-11-12,Tuesday
17695,17696,83,7.0,10.0,2024-11-12,Tuesday
17696,17697,70,4.0,7.0,2024-11-18,Monday
17697,17698,153,22.0,1.0,2024-11-18,Monday
17698,17699,113,20.0,7.0,2024-11-07,Thursday
17699,17700,225,17.0,8.0,2024-11-03,Sunday
17700,17701,154,19.0,10.0,2024-11-11,Monday
17701,17702,37,11.0,6.0,2024-11-28,Thursday
17702,17703,156,13.0,9.0,2024-11-02,Saturday
17703,17704,130,18.0,2.0,2024-11-25,Monday
17704,17705,244,21.0,9.0,2024-11-07,Thursday
17705,17706,101,13.0,6.0,2024-11-14,Thursday
17706,17707,76,11.0,2.0,2024-11-27,Wednesday
17707,17708,81,13.0,9.0,2024-11-11,Monday
17708,17709,284,23.0,10.0,2024-11-09,Saturday
17709,17710,151,14.0,6.0,2024-11-24,Sunday
17710,17711,238,5.0,6.0,2024-11-21,Thursday
17711,17712,156,11.0,10.0,2024-11-23,Saturday
17712,17713,35,3.0,5.0,2024-11-01,Friday
17713,17714,93,16.0,2.0,2024-11-23,Saturday
17714,17715,242,9.0,2.0,2024-11-13,Wednesday
17715,17716,44,6.0,7.0,2024-11-01,Friday
17716,17717,193,1.0,8.0,2024-11-16,Saturday
17717,17718,251,4.0,8.0,2024-11-24,Sunday
17718,17719,80,23.0,6.0,2024-11-01,Friday
17719,17720,295,4.0,4.0,2024-11-15,Friday
17720,17721,99,23.0,3.0,2024-11-28,Thursday
17721,17722,237,21.0,1.0,2024-11-20,Wednesday
17722,17723,116,17.0,8.0,2024-11-24,Sunday
17723,17724,240,9.0,8.0,2024-11-24,Sunday
17724,17725,293,13.0,8.0,2024-11-16,Saturday
17725,17726,112,5.0,1.0,2024-11-15,Friday
17726,17727,228,12.0,9.0,2024-11-14,Thursday
17727,17728,46,16.0,2.0,2024-11-13,Wednesday
17728,17729,282,21.0,5.0,2024-11-03,Sunday
17729,17730,217,18.0,1.0,2024-11-09,Saturday
17730,17731,38,3.0,1.0,2024-11-01,Friday
17731,17732,286,14.0,3.0,2024-11-26,Tuesday
17732,17733,226,10.0,4.0,2024-11-10,Sunday
17733,17734,23,1.0,6.0,2024-11-22,Friday
17734,17735,176,2.0,7.0,2024-11-24,Sunday
17735,17736,279,5.0,8.0,2024-11-28,Thursday
17736,17737,245,6.0,10.0,2024-11-17,Sunday
17737,17738,2,5.0,5.0,2024-11-26,Tuesday
17738,17739,168,21.0,3.0,2024-11-24,Sunday
17739,17740,248,8.0,8.0,2024-11-12,Tuesday
17740,17741,76,18.0,4.0,2024-11-04,Monday
17741,17742,217,24.0,10.0,2024-11-06,Wednesday
17742,17743,194,11.0,6.0,2024-11-09,Saturday
17743,17744,85,18.0,6.0,2024-11-07,Thursday
17744,17745,98,22.0,5.0,2024-11-16,Saturday
17745,17746,105,10.0,10.0,2024-11-03,Sunday
17746,17747,11,9.0,1.0,2024-11-21,Thursday
17747,17748,229,23.0,10.0,2024-11-06,Wednesday
17748,17749,49,23.0,2.0,2024-11-03,Sunday
17749,17750,281,8.0,7.0,2024-11-24,Sunday
17750,17751,242,14.0,6.0,2024-11-07,Thursday
17751,17752,209,22.0,10.0,2024-11-17,Sunday
17752,17753,162,5.0,7.0,2024-11-25,Monday
17753,17754,5,5.0,1.0,2024-11-01,Friday
17754,17755,271,5.0,10.0,2024-11-08,Friday
17755,17756,253,10.0,10.0,2024-11-02,Saturday
17756,17757,179,4.0,3.0,2024-11-16,Saturday
17757,17758,179,8.0,5.0,2024-11-23,Saturday
17758,17759,165,11.0,10.0,2024-11-19,Tuesday
17759,17760,254,14.0,5.0,2024-11-25,Monday
17760,17761,60,1.0,4.0,2024-11-08,Friday
17761,17762,74,14.0,7.0,2024-11-17,Sunday
17762,17763,199,4.0,2.0,2024-11-25,Monday
17763,17764,71,3.0,8.0,2024-11-08,Friday
17764,17765,25,3.0,2.0,2024-11-07,Thursday
17765,17766,204,7.0,9.0,2024-11-22,Friday
17766,17767,112,16.0,3.0,2024-11-24,Sunday
17767,17768,92,7.0,2.0,2024-11-01,Friday
17768,17769,282,1.0,2.0,2024-11-20,Wednesday
17769,17770,50,4.0,4.0,2024-11-15,Friday
17770,17771,238,16.0,3.0,2024-11-27,Wednesday
17771,17772,9,24.0,5.0,2024-11-06,Wednesday
17772,17773,220,3.0,6.0,2024-11-03,Sunday
17773,17774,227,4.0,9.0,2024-11-25,Monday
17774,17775,286,19.0,2.0,2024-11-11,Monday
17775,17776,264,2.0,3.0,2024-11-28,Thursday
17776,17777,278,5.0,1.0,2024-11-02,Saturday
17777,17778,106,23.0,3.0,2024-11-10,Sunday
17778,17779,217,23.0,6.0,2024-11-07,Thursday
17779,17780,56,7.0,3.0,2024-11-28,Thursday
17780,17781,226,15.0,9.0,2024-11-02,Saturday
17781,17782,37,21.0,7.0,2024-11-27,Wednesday
17782,17783,52,19.0,4.0,2024-11-27,Wednesday
17783,17784,222,9.0,10.0,2024-11-18,Monday
17784,17785,162,19.0,8.0,2024-11-09,Saturday
17785,17786,3,20.0,3.0,2024-11-18,Monday
17786,17787,215,12.0,5.0,2024-11-05,Tuesday
17787,17788,92,1.0,3.0,2024-11-23,Saturday
17788,17789,300,23.0,1.0,2024-11-16,Saturday
17789,17790,83,9.0,4.0,2024-11-13,Wednesday
17790,17791,205,11.0,10.0,2024-11-26,Tuesday
17791,17792,266,14.0,8.0,2024-11-16,Saturday
17792,17793,4,19.0,7.0,2024-11-15,Friday
17793,17794,130,20.0,7.0,2024-11-11,Monday
17794,17795,171,10.0,7.0,2024-11-23,Saturday
17795,17796,83,21.0,4.0,2024-11-25,Monday
17796,17797,163,17.0,7.0,2024-11-16,Saturday
17797,17798,111,6.0,8.0,2024-11-16,Saturday
17798,17799,79,1.0,5.0,2024-11-06,Wednesday
17799,17800,137,17.0,8.0,2024-11-09,Saturday
17800,17801,214,13.0,5.0,2024-11-04,Monday
17801,17802,184,25.0,5.0,2024-11-25,Monday
17802,17803,198,25.0,9.0,2024-11-20,Wednesday
17803,17804,50,2.0,7.0,2024-11-11,Monday
17804,17805,280,13.0,4.0,2024-11-24,Sunday
17805,17806,213,18.0,8.0,2024-11-17,Sunday
17806,17807,226,24.0,4.0,2024-11-07,Thursday
17807,17808,126,16.0,8.0,2024-11-20,Wednesday
17808,17809,271,22.0,5.0,2024-11-25,Monday
17809,17810,44,21.0,6.0,2024-11-20,Wednesday
17810,17811,90,18.0,6.0,2024-11-27,Wednesday
17811,17812,178,18.0,8.0,2024-11-12,Tuesday
17812,17813,120,2.0,8.0,2024-11-22,Friday
17813,17814,75,21.0,8.0,2024-11-01,Friday
17814,17815,223,3.0,1.0,2024-11-02,Saturday
17815,17816,300,11.0,5.0,2024-11-06,Wednesday
17816,17817,210,15.0,7.0,2024-11-23,Saturday
17817,17818,95,14.0,6.0,2024-11-15,Friday
17818,17819,197,23.0,3.0,2024-11-23,Saturday
17819,17820,171,2.0,3.0,2024-11-20,Wednesday
17820,17821,203,18.0,8.0,2024-11-23,Saturday
17821,17822,218,2.0,5.0,2024-11-16,Saturday
17822,17823,156,25.0,2.0,2024-11-06,Wednesday
17823,17824,99,13.0,2.0,2024-11-06,Wednesday
17824,17825,210,18.0,4.0,2024-11-08,Friday
17825,17826,251,18.0,5.0,2024-11-10,Sunday
17826,17827,160,18.0,9.0,2024-11-22,Friday
17827,17828,1,12.0,9.0,2024-11-24,Sunday
17828,17829,240,24.0,7.0,2024-11-16,Saturday
17829,17830,152,25.0,10.0,2024-11-12,Tuesday
17830,17831,14,17.0,10.0,2024-11-18,Monday
17831,17832,279,23.0,2.0,2024-11-17,Sunday
17832,17833,123,20.0,8.0,2024-11-04,Monday
17833,17834,278,5.0,8.0,2024-11-19,Tuesday
17834,17835,251,5.0,4.0,2024-11-20,Wednesday
17835,17836,114,16.0,7.0,2024-11-10,Sunday
17836,17837,97,12.0,3.0,2024-11-07,Thursday
17837,17838,224,17.0,5.0,2024-11-16,Saturday
17838,17839,262,7.0,3.0,2024-11-16,Saturday
17839,17840,90,16.0,4.0,2024-11-20,Wednesday
17840,17841,104,12.0,7.0,2024-11-20,Wednesday
17841,17842,293,12.0,2.0,2024-11-25,Monday
17842,17843,214,25.0,2.0,2024-11-27,Wednesday
17843,17844,52,7.0,10.0,2024-11-23,Saturday
17844,17845,51,14.0,1.0,2024-11-06,Wednesday
17845,17846,233,12.0,1.0,2024-11-17,Sunday
17846,17847,260,16.0,5.0,2024-11-15,Friday
17847,17848,258,2.0,5.0,2024-11-09,Saturday
17848,17849,103,3.0,10.0,2024-11-02,Saturday
17849,17850,58,20.0,2.0,2024-11-10,Sunday
17850,17851,61,9.0,8.0,2024-11-03,Sunday
17851,17852,137,11.0,8.0,2024-11-22,Friday
17852,17853,240,7.0,7.0,2024-11-11,Monday
17853,17854,84,25.0,4.0,2024-11-25,Monday
17854,17855,207,14.0,7.0,2024-11-12,Tuesday
17855,17856,146,22.0,7.0,2024-11-23,Saturday
17856,17857,170,13.0,7.0,2024-11-13,Wednesday
17857,17858,159,10.0,5.0,2024-11-12,Tuesday
17858,17859,189,8.0,7.0,2024-11-20,Wednesday
17859,17860,270,24.0,6.0,2024-11-25,Monday
17860,17861,190,6.0,1.0,2024-11-18,Monday
17861,17862,268,24.0,9.0,2024-11-04,Monday
17862,17863,283,2.0,9.0,2024-11-08,Friday
17863,17864,146,2.0,9.0,2024-11-21,Thursday
17864,17865,272,24.0,8.0,2024-11-06,Wednesday
17865,17866,126,2.0,4.0,2024-11-18,Monday
17866,17867,231,24.0,7.0,2024-11-12,Tuesday
17867,17868,255,18.0,5.0,2024-11-18,Monday
17868,17869,292,10.0,6.0,2024-11-24,Sunday
17869,17870,57,24.0,2.0,2024-11-20,Wednesday
17870,17871,113,11.0,1.0,2024-11-02,Saturday
17871,17872,209,17.0,7.0,2024-11-19,Tuesday
17872,17873,228,8.0,2.0,2024-11-26,Tuesday
17873,17874,34,9.0,1.0,2024-11-16,Saturday
17874,17875,82,13.0,8.0,2024-11-26,Tuesday
17875,17876,191,11.0,1.0,2024-11-12,Tuesday
17876,17877,44,24.0,1.0,2024-11-24,Sunday
17877,17878,129,13.0,1.0,2024-11-21,Thursday
17878,17879,7,1.0,2.0,2024-11-09,Saturday
17879,17880,187,12.0,1.0,2024-11-02,Saturday
17880,17881,131,7.0,3.0,2024-11-20,Wednesday
17881,17882,118,15.0,6.0,2024-11-01,Friday
17882,17883,167,13.0,8.0,2024-11-16,Saturday
17883,17884,49,6.0,6.0,2024-11-09,Saturday
17884,17885,27,5.0,2.0,2024-11-27,Wednesday
17885,17886,131,24.0,4.0,2024-11-02,Saturday
17886,17887,276,17.0,4.0,2024-11-20,Wednesday
17887,17888,172,7.0,8.0,2024-11-28,Thursday
17888,17889,281,16.0,7.0,2024-11-26,Tuesday
17889,17890,143,22.0,1.0,2024-11-08,Friday
17890,17891,201,23.0,7.0,2024-11-01,Friday
17892,17893,239,12.0,2.0,2024-11-03,Sunday
17893,17894,187,9.0,3.0,2024-11-14,Thursday
17894,17895,287,2.0,5.0,2024-11-28,Thursday
17895,17896,95,1.0,2.0,2024-11-04,Monday
17896,17897,114,8.0,2.0,2024-11-22,Friday
17897,17898,62,17.0,10.0,2024-11-27,Wednesday
17898,17899,35,25.0,1.0,2024-11-12,Tuesday
17899,17900,79,3.0,6.0,2024-11-28,Thursday
17900,17901,95,20.0,1.0,2024-11-14,Thursday
17901,17902,128,14.0,2.0,2024-11-20,Wednesday
17902,17903,79,21.0,10.0,2024-11-26,Tuesday
17903,17904,152,5.0,1.0,2024-11-25,Monday
17904,17905,235,19.0,5.0,2024-11-19,Tuesday
17905,17906,59,22.0,8.0,2024-11-13,Wednesday
17906,17907,174,12.0,9.0,2024-11-05,Tuesday
17907,17908,263,11.0,10.0,2024-11-09,Saturday
17908,17909,176,8.0,1.0,2024-11-07,Thursday
17909,17910,53,16.0,7.0,2024-11-27,Wednesday
17910,17911,171,8.0,1.0,2024-11-21,Thursday
17911,17912,280,18.0,1.0,2024-11-19,Tuesday
17912,17913,50,16.0,2.0,2024-11-12,Tuesday
17913,17914,227,15.0,9.0,2024-11-23,Saturday
17914,17915,21,13.0,1.0,2024-11-14,Thursday
17915,17916,207,3.0,8.0,2024-11-10,Sunday
17916,17917,89,21.0,10.0,2024-11-25,Monday
17917,17918,115,5.0,3.0,2024-11-08,Friday
17918,17919,278,15.0,7.0,2024-11-25,Monday
17919,17920,15,3.0,6.0,2024-11-19,Tuesday
17920,17921,162,25.0,10.0,2024-11-22,Friday
17921,17922,226,10.0,7.0,2024-11-09,Saturday
17922,17923,221,24.0,2.0,2024-11-19,Tuesday
17923,17924,185,2.0,8.0,2024-11-12,Tuesday
17924,17925,81,25.0,2.0,2024-11-12,Tuesday
17925,17926,239,20.0,5.0,2024-11-27,Wednesday
17926,17927,141,1.0,9.0,2024-11-24,Sunday
17927,17928,286,22.0,1.0,2024-11-28,Thursday
17928,17929,294,5.0,1.0,2024-11-21,Thursday
17929,17930,292,16.0,6.0,2024-11-09,Saturday
17930,17931,207,12.0,3.0,2024-11-05,Tuesday
17931,17932,25,20.0,7.0,2024-11-13,Wednesday
17932,17933,275,18.0,2.0,2024-11-21,Thursday
17933,17934,209,12.0,4.0,2024-11-07,Thursday
17935,17936,167,5.0,10.0,2024-11-06,Wednesday
17936,17937,254,22.0,2.0,2024-11-27,Wednesday
17937,17938,231,4.0,6.0,2024-11-12,Tuesday
17938,17939,29,12.0,1.0,2024-11-09,Saturday
17939,17940,238,1.0,8.0,2024-11-02,Saturday
17940,17941,90,6.0,9.0,2024-11-10,Sunday
17941,17942,69,20.0,5.0,2024-11-01,Friday
17942,17943,200,20.0,9.0,2024-11-23,Saturday
17943,17944,254,3.0,9.0,2024-11-06,Wednesday
17944,17945,241,12.0,4.0,2024-11-16,Saturday
17945,17946,139,24.0,9.0,2024-11-24,Sunday
17946,17947,220,20.0,2.0,2024-11-20,Wednesday
17947,17948,293,20.0,4.0,2024-11-03,Sunday
17948,17949,244,18.0,9.0,2024-11-06,Wednesday
17949,17950,157,14.0,5.0,2024-11-26,Tuesday
17950,17951,199,3.0,10.0,2024-11-21,Thursday
17951,17952,251,11.0,10.0,2024-11-16,Saturday
17952,17953,285,18.0,7.0,2024-11-07,Thursday
17953,17954,223,14.0,7.0,2024-11-25,Monday
17954,17955,197,2.0,6.0,2024-11-20,Wednesday
17955,17956,89,20.0,3.0,2024-11-07,Thursday
17956,17957,228,19.0,7.0,2024-11-14,Thursday
17957,17958,182,23.0,7.0,2024-11-08,Friday
17958,17959,16,2.0,8.0,2024-11-16,Saturday
17959,17960,269,22.0,3.0,2024-11-20,Wednesday
17960,17961,195,12.0,10.0,2024-11-22,Friday
17961,17962,122,7.0,6.0,2024-11-27,Wednesday
17962,17963,212,19.0,10.0,2024-11-22,Friday
17963,17964,247,20.0,8.0,2024-11-07,Thursday
17964,17965,143,16.0,6.0,2024-11-24,Sunday
17965,17966,201,12.0,8.0,2024-11-06,Wednesday
17966,17967,178,13.0,8.0,2024-11-01,Friday
17967,17968,207,5.0,9.0,2024-11-16,Saturday
17968,17969,284,12.0,3.0,2024-11-18,Monday
17969,17970,188,14.0,2.0,2024-11-02,Saturday
17970,17971,68,11.0,10.0,2024-11-28,Thursday
17971,17972,160,6.0,1.0,2024-11-20,Wednesday
17972,17973,216,15.0,4.0,2024-11-23,Saturday
17973,17974,127,19.0,1.0,2024-11-27,Wednesday
17974,17975,81,25.0,9.0,2024-11-15,Friday
17975,17976,88,18.0,4.0,2024-11-03,Sunday
17976,17977,223,6.0,10.0,2024-11-16,Saturday
17977,17978,275,22.0,4.0,2024-11-12,Tuesday
17978,17979,98,21.0,4.0,2024-11-13,Wednesday
17979,17980,278,12.0,5.0,2024-11-01,Friday
17980,17981,248,19.0,5.0,2024-11-25,Monday
17981,17982,94,2.0,5.0,2024-11-07,Thursday
17982,17983,168,2.0,1.0,2024-11-06,Wednesday
17983,17984,52,5.0,1.0,2024-11-20,Wednesday
17984,17985,27,2.0,6.0,2024-11-22,Friday
17985,17986,17,6.0,3.0,2024-11-10,Sunday
17986,17987,85,16.0,3.0,2024-11-28,Thursday
17987,17988,201,8.0,4.0,2024-11-06,Wednesday
17988,17989,141,18.0,10.0,2024-11-05,Tuesday
17989,17990,283,1.0,6.0,2024-11-25,Monday
17990,17991,35,21.0,6.0,2024-11-16,Saturday
17991,17992,281,25.0,6.0,2024-11-24,Sunday
17992,17993,57,22.0,8.0,2024-11-08,Friday
17993,17994,79,2.0,7.0,2024-11-15,Friday
17994,17995,79,23.0,3.0,2024-11-07,Thursday
17995,17996,27,15.0,7.0,2024-11-26,Tuesday
17997,17998,65,21.0,5.0,2024-11-13,Wednesday
17998,17999,65,13.0,3.0,2024-11-03,Sunday
17999,18000,205,9.0,7.0,2024-11-16,Saturday
18000,18001,266,9.0,6.0,2024-11-21,Thursday
18001,18002,262,5.0,10.0,2024-11-21,Thursday
18002,18003,173,2.0,1.0,2024-11-23,Saturday
18003,18004,112,2.0,7.0,2024-11-22,Friday
18004,18005,220,14.0,5.0,2024-11-19,Tuesday
18005,18006,28,21.0,3.0,2024-11-25,Monday
18006,18007,120,24.0,3.0,2024-11-09,Saturday
18007,18008,73,25.0,6.0,2024-11-22,Friday
18009,18010,151,11.0,4.0,2024-11-05,Tuesday
18010,18011,207,20.0,8.0,2024-11-04,Monday
18011,18012,42,12.0,10.0,2024-11-07,Thursday
18012,18013,182,21.0,1.0,2024-11-20,Wednesday
18013,18014,136,5.0,6.0,2024-11-25,Monday
18014,18015,187,18.0,10.0,2024-11-03,Sunday
18015,18016,253,5.0,7.0,2024-11-23,Saturday
18016,18017,27,3.0,8.0,2024-11-25,Monday
18017,18018,22,12.0,1.0,2024-11-12,Tuesday
18018,18019,15,1.0,4.0,2024-11-05,Tuesday
18020,18021,241,5.0,2.0,2024-11-13,Wednesday
18021,18022,41,16.0,1.0,2024-11-28,Thursday
18022,18023,123,21.0,10.0,2024-11-07,Thursday
18023,18024,171,16.0,9.0,2024-11-15,Friday
18024,18025,103,19.0,10.0,2024-11-20,Wednesday
18025,18026,240,19.0,1.0,2024-11-23,Saturday
18026,18027,86,14.0,7.0,2024-11-19,Tuesday
18028,18029,131,24.0,9.0,2024-11-07,Thursday
18029,18030,186,5.0,4.0,2024-11-03,Sunday
18030,18031,21,14.0,6.0,2024-11-08,Friday
18031,18032,123,16.0,6.0,2024-11-18,Monday
18032,18033,300,8.0,8.0,2024-11-11,Monday
18033,18034,136,21.0,2.0,2024-11-13,Wednesday
18034,18035,259,21.0,4.0,2024-11-14,Thursday
18035,18036,215,13.0,7.0,2024-11-08,Friday
18036,18037,65,21.0,5.0,2024-11-18,Monday
18037,18038,118,3.0,3.0,2024-11-22,Friday
18038,18039,130,19.0,7.0,2024-11-08,Friday
18039,18040,112,18.0,5.0,2024-11-19,Tuesday
18040,18041,248,11.0,4.0,2024-11-21,Thursday
18041,18042,151,11.0,10.0,2024-11-10,Sunday
18042,18043,93,8.0,5.0,2024-11-11,Monday
18043,18044,127,4.0,5.0,2024-11-08,Friday
18044,18045,216,5.0,10.0,2024-11-14,Thursday
18045,18046,276,20.0,8.0,2024-11-13,Wednesday
18046,18047,276,17.0,2.0,2024-11-21,Thursday
18047,18048,227,10.0,1.0,2024-11-09,Saturday
18048,18049,104,2.0,4.0,2024-11-01,Friday
18049,18050,15,8.0,3.0,2024-11-20,Wednesday
18050,18051,279,20.0,10.0,2024-11-04,Monday
18051,18052,120,16.0,7.0,2024-11-06,Wednesday
18052,18053,227,11.0,1.0,2024-11-06,Wednesday
18053,18054,50,23.0,7.0,2024-11-07,Thursday
18054,18055,237,2.0,9.0,2024-11-25,Monday
18055,18056,116,3.0,4.0,2024-11-06,Wednesday
18056,18057,23,6.0,7.0,2024-11-18,Monday
18057,18058,283,12.0,7.0,2024-11-26,Tuesday
18058,18059,113,3.0,9.0,2024-11-12,Tuesday
18059,18060,144,17.0,3.0,2024-11-15,Friday
18060,18061,136,21.0,10.0,2024-11-28,Thursday
18061,18062,239,11.0,8.0,2024-11-12,Tuesday
18062,18063,34,3.0,10.0,2024-11-05,Tuesday
18063,18064,295,18.0,1.0,2024-11-23,Saturday
18064,18065,2,24.0,2.0,2024-11-07,Thursday
18065,18066,152,21.0,2.0,2024-11-15,Friday
18066,18067,62,6.0,4.0,2024-11-12,Tuesday
18067,18068,105,10.0,6.0,2024-11-13,Wednesday
18068,18069,243,22.0,8.0,2024-11-20,Wednesday
18069,18070,103,4.0,4.0,2024-11-12,Tuesday
18070,18071,242,21.0,10.0,2024-11-21,Thursday
18071,18072,64,7.0,8.0,2024-11-18,Monday
18072,18073,272,12.0,7.0,2024-11-05,Tuesday
18073,18074,30,21.0,2.0,2024-11-21,Thursday
18074,18075,238,8.0,7.0,2024-11-28,Thursday
18075,18076,290,22.0,7.0,2024-11-18,Monday
18076,18077,278,6.0,1.0,2024-11-26,Tuesday
18077,18078,110,14.0,3.0,2024-11-21,Thursday
18078,18079,2,22.0,2.0,2024-11-08,Friday
18079,18080,209,11.0,2.0,2024-11-16,Saturday
18080,18081,125,22.0,8.0,2024-11-09,Saturday
18081,18082,33,4.0,2.0,2024-11-02,Saturday
18082,18083,118,13.0,2.0,2024-11-14,Thursday
18083,18084,229,14.0,2.0,2024-11-06,Wednesday
18084,18085,176,22.0,10.0,2024-11-20,Wednesday
18085,18086,188,9.0,6.0,2024-11-27,Wednesday
18086,18087,95,9.0,8.0,2024-11-21,Thursday
18087,18088,171,11.0,9.0,2024-11-20,Wednesday
18088,18089,256,13.0,4.0,2024-11-12,Tuesday
18089,18090,16,3.0,10.0,2024-11-23,Saturday
18090,18091,182,12.0,8.0,2024-11-10,Sunday
18091,18092,66,24.0,6.0,2024-11-20,Wednesday
18092,18093,147,11.0,7.0,2024-11-17,Sunday
18093,18094,238,12.0,4.0,2024-11-03,Sunday
18094,18095,160,9.0,1.0,2024-11-02,Saturday
18095,18096,58,7.0,6.0,2024-11-17,Sunday
18096,18097,200,14.0,4.0,2024-11-04,Monday
18097,18098,14,18.0,10.0,2024-11-11,Monday
18098,18099,93,20.0,6.0,2024-11-27,Wednesday
18099,18100,266,1.0,1.0,2024-11-13,Wednesday
18101,18102,27,21.0,1.0,2024-11-08,Friday
18102,18103,286,22.0,4.0,2024-11-19,Tuesday
18103,18104,295,6.0,10.0,2024-11-25,Monday
18104,18105,249,24.0,6.0,2024-11-25,Monday
18105,18106,139,6.0,9.0,2024-11-02,Saturday
18106,18107,248,13.0,5.0,2024-11-13,Wednesday
18107,18108,126,19.0,4.0,2024-11-18,Monday
18108,18109,111,15.0,8.0,2024-11-21,Thursday
18109,18110,236,5.0,6.0,2024-11-13,Wednesday
18110,18111,3,11.0,2.0,2024-11-13,Wednesday
18111,18112,44,5.0,10.0,2024-11-12,Tuesday
18112,18113,250,6.0,10.0,2024-11-08,Friday
18113,18114,257,4.0,6.0,2024-11-13,Wednesday
18114,18115,248,25.0,7.0,2024-11-23,Saturday
18115,18116,71,10.0,10.0,2024-11-28,Thursday
18116,18117,157,9.0,8.0,2024-11-13,Wednesday
18117,18118,183,6.0,9.0,2024-11-22,Friday
18118,18119,65,9.0,4.0,2024-11-06,Wednesday
18119,18120,275,3.0,6.0,2024-11-06,Wednesday
18120,18121,154,3.0,8.0,2024-11-16,Saturday
18121,18122,205,24.0,1.0,2024-11-09,Saturday
18122,18123,190,11.0,4.0,2024-11-15,Friday
18124,18125,293,4.0,6.0,2024-11-05,Tuesday
18125,18126,131,9.0,6.0,2024-11-23,Saturday
18126,18127,154,17.0,4.0,2024-11-16,Saturday
18127,18128,244,23.0,6.0,2024-11-05,Tuesday
18128,18129,275,20.0,2.0,2024-11-12,Tuesday
18129,18130,95,19.0,3.0,2024-11-11,Monday
18130,18131,220,15.0,1.0,2024-11-19,Tuesday
18131,18132,46,11.0,1.0,2024-11-28,Thursday
18132,18133,285,11.0,10.0,2024-11-21,Thursday
18133,18134,194,22.0,6.0,2024-11-23,Saturday
18134,18135,135,21.0,3.0,2024-11-06,Wednesday
18135,18136,94,2.0,2.0,2024-11-24,Sunday
18136,18137,194,2.0,5.0,2024-11-09,Saturday
18137,18138,197,17.0,1.0,2024-11-22,Friday
18138,18139,40,1.0,7.0,2024-11-19,Tuesday
18139,18140,20,3.0,10.0,2024-11-22,Friday
18140,18141,276,2.0,6.0,2024-11-22,Friday
18141,18142,197,21.0,9.0,2024-11-01,Friday
18142,18143,103,7.0,5.0,2024-11-25,Monday
18143,18144,82,10.0,1.0,2024-11-13,Wednesday
18144,18145,110,16.0,7.0,2024-11-21,Thursday
18145,18146,119,9.0,5.0,2024-11-20,Wednesday
18146,18147,281,15.0,8.0,2024-11-12,Tuesday
18147,18148,145,18.0,8.0,2024-11-26,Tuesday
18148,18149,218,10.0,5.0,2024-11-15,Friday
18149,18150,159,10.0,8.0,2024-11-07,Thursday
18150,18151,298,1.0,9.0,2024-11-13,Wednesday
18151,18152,289,13.0,9.0,2024-11-20,Wednesday
18152,18153,136,16.0,7.0,2024-11-20,Wednesday
18153,18154,123,6.0,1.0,2024-11-04,Monday
18154,18155,261,12.0,1.0,2024-11-14,Thursday
18155,18156,130,20.0,3.0,2024-11-23,Saturday
18157,18158,116,15.0,9.0,2024-11-23,Saturday
18159,18160,49,14.0,5.0,2024-11-26,Tuesday
18160,18161,77,16.0,5.0,2024-11-12,Tuesday
18161,18162,205,20.0,6.0,2024-11-20,Wednesday
18162,18163,215,13.0,10.0,2024-11-06,Wednesday
18163,18164,44,5.0,8.0,2024-11-08,Friday
18164,18165,187,5.0,2.0,2024-11-15,Friday
18165,18166,140,23.0,6.0,2024-11-01,Friday
18166,18167,243,10.0,5.0,2024-11-04,Monday
18167,18168,176,23.0,5.0,2024-11-19,Tuesday
18168,18169,36,5.0,1.0,2024-11-21,Thursday
18169,18170,204,9.0,8.0,2024-11-25,Monday
18170,18171,171,1.0,5.0,2024-11-24,Sunday
18172,18173,298,22.0,1.0,2024-11-05,Tuesday
18173,18174,253,17.0,3.0,2024-11-16,Saturday
18174,18175,176,25.0,6.0,2024-11-25,Monday
18175,18176,233,19.0,5.0,2024-11-25,Monday
18176,18177,274,5.0,6.0,2024-11-22,Friday
18177,18178,259,25.0,7.0,2024-11-15,Friday
18178,18179,217,12.0,4.0,2024-11-17,Sunday
18179,18180,144,3.0,10.0,2024-11-15,Friday
18180,18181,254,3.0,9.0,2024-11-23,Saturday
18181,18182,252,4.0,4.0,2024-11-23,Saturday
18182,18183,148,15.0,8.0,2024-11-16,Saturday
18183,18184,237,20.0,7.0,2024-11-11,Monday
18184,18185,189,23.0,9.0,2024-11-19,Tuesday
18185,18186,47,19.0,2.0,2024-11-13,Wednesday
18186,18187,273,14.0,1.0,2024-11-24,Sunday
18187,18188,60,9.0,4.0,2024-11-19,Tuesday
18188,18189,62,11.0,7.0,2024-11-10,Sunday
18189,18190,146,3.0,1.0,2024-11-21,Thursday
18190,18191,238,24.0,7.0,2024-11-09,Saturday
18191,18192,15,6.0,8.0,2024-11-21,Thursday
18192,18193,80,23.0,6.0,2024-11-24,Sunday
18193,18194,125,10.0,10.0,2024-11-23,Saturday
18194,18195,166,3.0,9.0,2024-11-03,Sunday
18195,18196,214,17.0,1.0,2024-11-05,Tuesday
18196,18197,222,14.0,5.0,2024-11-17,Sunday
18197,18198,291,5.0,5.0,2024-11-22,Friday
18198,18199,25,1.0,2.0,2024-11-04,Monday
18199,18200,14,2.0,8.0,2024-11-20,Wednesday
18200,18201,184,15.0,9.0,2024-11-04,Monday
18201,18202,44,14.0,9.0,2024-11-05,Tuesday
18202,18203,89,4.0,5.0,2024-11-17,Sunday
18203,18204,274,8.0,8.0,2024-11-25,Monday
18204,18205,123,11.0,4.0,2024-11-24,Sunday
18205,18206,38,3.0,1.0,2024-11-08,Friday
18206,18207,126,9.0,3.0,2024-11-17,Sunday
18207,18208,31,6.0,4.0,2024-11-11,Monday
18208,18209,212,18.0,7.0,2024-11-22,Friday
18209,18210,172,23.0,6.0,2024-11-21,Thursday
18210,18211,159,17.0,10.0,2024-11-19,Tuesday
18211,18212,218,17.0,9.0,2024-11-26,Tuesday
18212,18213,51,22.0,5.0,2024-11-27,Wednesday
18213,18214,210,24.0,8.0,2024-11-05,Tuesday
18214,18215,240,7.0,7.0,2024-11-27,Wednesday
18215,18216,198,11.0,2.0,2024-11-12,Tuesday
18216,18217,215,18.0,5.0,2024-11-22,Friday
18217,18218,147,6.0,2.0,2024-11-16,Saturday
18218,18219,55,17.0,4.0,2024-11-13,Wednesday
18219,18220,217,17.0,4.0,2024-11-04,Monday
18220,18221,6,14.0,9.0,2024-11-07,Thursday
18221,18222,98,15.0,5.0,2024-11-07,Thursday
18222,18223,131,13.0,7.0,2024-11-05,Tuesday
18223,18224,255,9.0,2.0,2024-11-06,Wednesday
18225,18226,49,1.0,10.0,2024-11-28,Thursday
18226,18227,1,20.0,5.0,2024-11-27,Wednesday
18227,18228,185,8.0,8.0,2024-11-09,Saturday
18228,18229,84,12.0,4.0,2024-11-10,Sunday
18229,18230,253,24.0,4.0,2024-11-22,Friday
18230,18231,254,9.0,4.0,2024-11-25,Monday
18231,18232,32,24.0,8.0,2024-11-16,Saturday
18232,18233,287,18.0,2.0,2024-11-04,Monday
18233,18234,236,8.0,7.0,2024-11-11,Monday
18234,18235,174,23.0,10.0,2024-11-26,Tuesday
18235,18236,260,12.0,3.0,2024-11-12,Tuesday
18236,18237,132,19.0,3.0,2024-11-25,Monday
18237,18238,110,2.0,5.0,2024-11-17,Sunday
18238,18239,18,10.0,9.0,2024-11-16,Saturday
18239,18240,246,21.0,9.0,2024-11-02,Saturday
18240,18241,209,12.0,5.0,2024-11-15,Friday
18241,18242,230,14.0,2.0,2024-11-25,Monday
18242,18243,107,11.0,1.0,2024-11-23,Saturday
18243,18244,138,22.0,9.0,2024-11-03,Sunday
18244,18245,160,9.0,5.0,2024-11-26,Tuesday
18245,18246,210,12.0,9.0,2024-11-02,Saturday
18246,18247,39,7.0,5.0,2024-11-14,Thursday
18247,18248,211,14.0,6.0,2024-11-24,Sunday
18248,18249,189,23.0,2.0,2024-11-27,Wednesday
18249,18250,234,12.0,10.0,2024-11-09,Saturday
18250,18251,66,14.0,1.0,2024-11-28,Thursday
18251,18252,216,6.0,4.0,2024-11-12,Tuesday
18252,18253,131,13.0,3.0,2024-11-04,Monday
18253,18254,6,25.0,2.0,2024-11-25,Monday
18254,18255,209,9.0,10.0,2024-11-03,Sunday
18256,18257,147,24.0,3.0,2024-11-11,Monday
18257,18258,182,3.0,4.0,2024-11-22,Friday
18258,18259,108,5.0,10.0,2024-11-28,Thursday
18259,18260,285,21.0,7.0,2024-11-05,Tuesday
18260,18261,26,19.0,7.0,2024-11-05,Tuesday
18261,18262,139,24.0,10.0,2024-11-21,Thursday
18262,18263,254,15.0,5.0,2024-11-22,Friday
18263,18264,213,4.0,4.0,2024-11-17,Sunday
18264,18265,127,6.0,7.0,2024-11-12,Tuesday
18265,18266,157,20.0,10.0,2024-11-22,Friday
18266,18267,179,8.0,8.0,2024-11-03,Sunday
18267,18268,278,13.0,4.0,2024-11-10,Sunday
18268,18269,193,12.0,9.0,2024-11-13,Wednesday
18269,18270,152,19.0,7.0,2024-11-15,Friday
18270,18271,184,11.0,9.0,2024-11-27,Wednesday
18271,18272,109,6.0,5.0,2024-11-08,Friday
18272,18273,283,12.0,4.0,2024-11-22,Friday
18273,18274,203,25.0,4.0,2024-11-14,Thursday
18274,18275,225,13.0,7.0,2024-11-06,Wednesday
18275,18276,275,13.0,7.0,2024-11-02,Saturday
18276,18277,154,25.0,8.0,2024-11-06,Wednesday
18277,18278,270,4.0,2.0,2024-11-14,Thursday
18278,18279,223,7.0,10.0,2024-11-28,Thursday
18279,18280,25,9.0,4.0,2024-11-19,Tuesday
18280,18281,55,4.0,1.0,2024-11-26,Tuesday
18281,18282,261,9.0,9.0,2024-11-15,Friday
18282,18283,96,25.0,10.0,2024-11-18,Monday
18283,18284,284,13.0,2.0,2024-11-23,Saturday
18284,18285,150,13.0,4.0,2024-11-07,Thursday
18285,18286,175,17.0,9.0,2024-11-13,Wednesday
18286,18287,292,21.0,10.0,2024-11-23,Saturday
18287,18288,228,25.0,5.0,2024-11-16,Saturday
18288,18289,125,8.0,4.0,2024-11-25,Monday
18289,18290,5,3.0,1.0,2024-11-28,Thursday
18290,18291,38,9.0,2.0,2024-11-16,Saturday
18291,18292,107,18.0,5.0,2024-11-03,Sunday
18292,18293,113,11.0,10.0,2024-11-03,Sunday
18293,18294,210,7.0,10.0,2024-11-12,Tuesday
18294,18295,154,24.0,1.0,2024-11-07,Thursday
18295,18296,233,2.0,1.0,2024-11-05,Tuesday
18296,18297,226,2.0,8.0,2024-11-18,Monday
18297,18298,100,8.0,5.0,2024-11-15,Friday
18298,18299,158,24.0,8.0,2024-11-01,Friday
18299,18300,214,24.0,9.0,2024-11-05,Tuesday
18300,18301,226,8.0,1.0,2024-11-09,Saturday
18301,18302,276,1.0,4.0,2024-11-15,Friday
18302,18303,95,15.0,5.0,2024-11-27,Wednesday
18303,18304,27,7.0,3.0,2024-11-14,Thursday
18304,18305,29,2.0,3.0,2024-11-07,Thursday
18305,18306,58,14.0,5.0,2024-11-11,Monday
18306,18307,97,14.0,1.0,2024-11-17,Sunday
18307,18308,199,23.0,4.0,2024-11-22,Friday
18308,18309,37,12.0,1.0,2024-11-28,Thursday
18309,18310,190,1.0,6.0,2024-11-03,Sunday
18310,18311,198,1.0,9.0,2024-11-26,Tuesday
18311,18312,244,8.0,1.0,2024-11-25,Monday
18312,18313,83,5.0,6.0,2024-11-12,Tuesday
18313,18314,285,10.0,1.0,2024-11-11,Monday
18314,18315,27,10.0,8.0,2024-11-03,Sunday
18315,18316,12,8.0,7.0,2024-11-04,Monday
18316,18317,123,2.0,6.0,2024-11-19,Tuesday
18317,18318,108,12.0,7.0,2024-11-14,Thursday
18318,18319,172,19.0,2.0,2024-11-11,Monday
18319,18320,118,7.0,8.0,2024-11-28,Thursday
18320,18321,240,11.0,2.0,2024-11-03,Sunday
18321,18322,53,8.0,10.0,2024-11-17,Sunday
18322,18323,141,25.0,9.0,2024-11-06,Wednesday
18323,18324,15,18.0,5.0,2024-11-25,Monday
18324,18325,268,5.0,6.0,2024-11-02,Saturday
18325,18326,264,9.0,5.0,2024-11-01,Friday
18326,18327,282,5.0,4.0,2024-12-08,Sunday
18327,18328,114,4.0,1.0,2024-12-25,Wednesday
18328,18329,258,3.0,8.0,2024-12-05,Thursday
18329,18330,149,19.0,7.0,2024-12-07,Saturday
18330,18331,175,5.0,3.0,2024-12-20,Friday
18331,18332,93,18.0,6.0,2024-12-23,Monday
18332,18333,85,12.0,3.0,2024-12-21,Saturday
18333,18334,196,13.0,10.0,2024-12-17,Tuesday
18334,18335,41,1.0,4.0,2024-12-12,Thursday
18335,18336,260,18.0,3.0,2024-12-06,Friday
18336,18337,45,23.0,7.0,2024-12-19,Thursday
18337,18338,268,5.0,9.0,2024-12-12,Thursday
18339,18340,90,15.0,4.0,2024-12-22,Sunday
18340,18341,5,5.0,8.0,2024-12-15,Sunday
18341,18342,54,7.0,1.0,2024-12-23,Monday
18342,18343,132,15.0,4.0,2024-12-04,Wednesday
18343,18344,221,4.0,3.0,2024-12-25,Wednesday
18344,18345,232,22.0,9.0,2024-12-14,Saturday
18345,18346,170,21.0,3.0,2024-12-07,Saturday
18346,18347,64,20.0,4.0,2024-12-26,Thursday
18347,18348,291,15.0,9.0,2024-12-28,Saturday
18348,18349,285,22.0,8.0,2024-12-25,Wednesday
18349,18350,253,17.0,4.0,2024-12-23,Monday
18350,18351,276,10.0,2.0,2024-12-01,Sunday
18351,18352,10,18.0,9.0,2024-12-28,Saturday
18352,18353,273,3.0,7.0,2024-12-24,Tuesday
18353,18354,258,8.0,10.0,2024-12-28,Saturday
18354,18355,105,15.0,1.0,2024-12-27,Friday
18355,18356,68,13.0,8.0,2024-12-22,Sunday
18356,18357,51,2.0,3.0,2024-12-21,Saturday
18357,18358,104,19.0,8.0,2024-12-10,Tuesday
18358,18359,112,14.0,1.0,2024-12-06,Friday
18359,18360,259,11.0,2.0,2024-12-02,Monday
18360,18361,191,8.0,7.0,2024-12-13,Friday
18361,18362,300,22.0,4.0,2024-12-23,Monday
18362,18363,82,23.0,2.0,2024-12-19,Thursday
18363,18364,96,21.0,4.0,2024-12-11,Wednesday
18364,18365,74,6.0,9.0,2024-12-17,Tuesday
18365,18366,265,21.0,9.0,2024-12-28,Saturday
18366,18367,127,23.0,4.0,2024-12-20,Friday
18367,18368,248,25.0,5.0,2024-12-15,Sunday
18368,18369,1,8.0,9.0,2024-12-02,Monday
18369,18370,173,9.0,3.0,2024-12-13,Friday
18370,18371,112,3.0,8.0,2024-12-02,Monday
18371,18372,285,20.0,9.0,2024-12-10,Tuesday
18372,18373,32,20.0,6.0,2024-12-15,Sunday
18373,18374,169,7.0,6.0,2024-12-12,Thursday
18374,18375,124,1.0,9.0,2024-12-03,Tuesday
18375,18376,159,1.0,9.0,2024-12-10,Tuesday
18376,18377,50,9.0,10.0,2024-12-11,Wednesday
18377,18378,151,12.0,7.0,2024-12-12,Thursday
18378,18379,148,8.0,8.0,2024-12-09,Monday
18379,18380,111,6.0,1.0,2024-12-25,Wednesday
18380,18381,98,15.0,8.0,2024-12-13,Friday
18381,18382,228,5.0,4.0,2024-12-19,Thursday
18382,18383,251,14.0,5.0,2024-12-14,Saturday
18383,18384,5,6.0,8.0,2024-12-03,Tuesday
18384,18385,226,12.0,5.0,2024-12-27,Friday
18385,18386,91,14.0,6.0,2024-12-28,Saturday
18386,18387,293,24.0,5.0,2024-12-27,Friday
18387,18388,94,3.0,4.0,2024-12-11,Wednesday
18388,18389,23,4.0,7.0,2024-12-23,Monday
18389,18390,249,11.0,1.0,2024-12-09,Monday
18390,18391,275,17.0,7.0,2024-12-03,Tuesday
18391,18392,102,19.0,9.0,2024-12-25,Wednesday
18392,18393,40,5.0,5.0,2024-12-17,Tuesday
18393,18394,5,7.0,1.0,2024-12-23,Monday
18394,18395,124,23.0,6.0,2024-12-12,Thursday
18395,18396,277,11.0,1.0,2024-12-10,Tuesday
18396,18397,287,12.0,5.0,2024-12-25,Wednesday
18397,18398,235,17.0,1.0,2024-12-13,Friday
18398,18399,214,21.0,7.0,2024-12-21,Saturday
18399,18400,46,1.0,7.0,2024-12-06,Friday
18400,18401,130,12.0,7.0,2024-12-07,Saturday
18401,18402,154,11.0,8.0,2024-12-26,Thursday
18402,18403,80,22.0,6.0,2024-12-21,Saturday
18403,18404,66,22.0,4.0,2024-12-11,Wednesday
18404,18405,256,21.0,6.0,2024-12-17,Tuesday
18405,18406,153,9.0,8.0,2024-12-10,Tuesday
18406,18407,203,13.0,3.0,2024-12-14,Saturday
18407,18408,184,10.0,6.0,2024-12-25,Wednesday
18408,18409,199,2.0,3.0,2024-12-27,Friday
18409,18410,294,23.0,1.0,2024-12-13,Friday
18410,18411,65,19.0,10.0,2024-12-06,Friday
18411,18412,282,16.0,9.0,2024-12-04,Wednesday
18412,18413,173,8.0,2.0,2024-12-22,Sunday
18413,18414,57,23.0,9.0,2024-12-22,Sunday
18414,18415,261,7.0,5.0,2024-12-26,Thursday
18415,18416,153,14.0,2.0,2024-12-24,Tuesday
18416,18417,212,25.0,8.0,2024-12-13,Friday
18417,18418,211,14.0,3.0,2024-12-05,Thursday
18418,18419,166,23.0,2.0,2024-12-27,Friday
18419,18420,196,24.0,1.0,2024-12-07,Saturday
18420,18421,38,21.0,6.0,2024-12-28,Saturday
18421,18422,61,22.0,7.0,2024-12-15,Sunday
18422,18423,215,22.0,3.0,2024-12-10,Tuesday
18423,18424,218,5.0,9.0,2024-12-22,Sunday
18424,18425,98,18.0,3.0,2024-12-15,Sunday
18425,18426,75,15.0,3.0,2024-12-20,Friday
18426,18427,70,7.0,9.0,2024-12-05,Thursday
18427,18428,237,16.0,9.0,2024-12-02,Monday
18428,18429,75,11.0,3.0,2024-12-15,Sunday
18429,18430,1,13.0,8.0,2024-12-02,Monday
18430,18431,61,4.0,10.0,2024-12-21,Saturday
18431,18432,11,21.0,7.0,2024-12-05,Thursday
18432,18433,41,16.0,6.0,2024-12-07,Saturday
18433,18434,18,23.0,8.0,2024-12-24,Tuesday
18434,18435,68,17.0,7.0,2024-12-03,Tuesday
18435,18436,34,5.0,10.0,2024-12-02,Monday
18436,18437,10,24.0,7.0,2024-12-19,Thursday
18437,18438,137,1.0,3.0,2024-12-11,Wednesday
18438,18439,45,2.0,8.0,2024-12-03,Tuesday
18439,18440,218,3.0,2.0,2024-12-13,Friday
18440,18441,181,10.0,8.0,2024-12-08,Sunday
18442,18443,232,2.0,8.0,2024-12-04,Wednesday
18443,18444,37,12.0,1.0,2024-12-16,Monday
18444,18445,5,23.0,2.0,2024-12-19,Thursday
18445,18446,1,5.0,8.0,2024-12-09,Monday
18446,18447,286,3.0,7.0,2024-12-04,Wednesday
18447,18448,59,20.0,3.0,2024-12-23,Monday
18448,18449,129,13.0,10.0,2024-12-02,Monday
18449,18450,99,18.0,4.0,2024-12-05,Thursday
18450,18451,251,22.0,8.0,2024-12-04,Wednesday
18451,18452,48,4.0,8.0,2024-12-19,Thursday
18452,18453,211,17.0,9.0,2024-12-17,Tuesday
18453,18454,224,4.0,1.0,2024-12-09,Monday
18454,18455,197,16.0,9.0,2024-12-21,Saturday
18455,18456,198,21.0,10.0,2024-12-11,Wednesday
18456,18457,183,4.0,1.0,2024-12-08,Sunday
18457,18458,269,6.0,9.0,2024-12-17,Tuesday
18458,18459,145,21.0,2.0,2024-12-11,Wednesday
18459,18460,114,20.0,5.0,2024-12-06,Friday
18460,18461,241,24.0,4.0,2024-12-13,Friday
18461,18462,283,2.0,2.0,2024-12-17,Tuesday
18462,18463,240,1.0,7.0,2024-12-08,Sunday
18463,18464,107,4.0,4.0,2024-12-18,Wednesday
18464,18465,41,3.0,3.0,2024-12-08,Sunday
18465,18466,33,2.0,7.0,2024-12-19,Thursday
18466,18467,2,2.0,1.0,2024-12-27,Friday
18467,18468,206,11.0,4.0,2024-12-10,Tuesday
18468,18469,29,23.0,2.0,2024-12-09,Monday
18469,18470,246,16.0,9.0,2024-12-23,Monday
18470,18471,206,19.0,2.0,2024-12-18,Wednesday
18471,18472,145,1.0,3.0,2024-12-25,Wednesday
18472,18473,272,3.0,1.0,2024-12-24,Tuesday
18473,18474,68,3.0,1.0,2024-12-03,Tuesday
18474,18475,240,12.0,6.0,2024-12-07,Saturday
18475,18476,283,16.0,2.0,2024-12-18,Wednesday
18476,18477,296,16.0,5.0,2024-12-26,Thursday
18477,18478,11,17.0,4.0,2024-12-26,Thursday
18478,18479,112,25.0,2.0,2024-12-12,Thursday
18479,18480,20,18.0,10.0,2024-12-26,Thursday
18480,18481,240,23.0,6.0,2024-12-07,Saturday
18481,18482,273,23.0,8.0,2024-12-18,Wednesday
18482,18483,81,6.0,7.0,2024-12-08,Sunday
18483,18484,152,3.0,1.0,2024-12-19,Thursday
18484,18485,163,12.0,7.0,2024-12-02,Monday
18485,18486,120,6.0,7.0,2024-12-21,Saturday
18486,18487,227,9.0,3.0,2024-12-10,Tuesday
18487,18488,98,22.0,1.0,2024-12-25,Wednesday
18488,18489,40,24.0,9.0,2024-12-12,Thursday
18489,18490,16,19.0,10.0,2024-12-23,Monday
18490,18491,176,10.0,10.0,2024-12-07,Saturday
18491,18492,90,4.0,3.0,2024-12-16,Monday
18492,18493,234,10.0,5.0,2024-12-23,Monday
18493,18494,182,4.0,6.0,2024-12-18,Wednesday
18494,18495,108,9.0,5.0,2024-12-18,Wednesday
18495,18496,84,25.0,2.0,2024-12-22,Sunday
18496,18497,108,18.0,1.0,2024-12-12,Thursday
18497,18498,224,15.0,8.0,2024-12-08,Sunday
18498,18499,191,19.0,10.0,2024-12-26,Thursday
18499,18500,238,9.0,9.0,2024-12-23,Monday
18500,18501,214,25.0,3.0,2024-12-11,Wednesday
18501,18502,236,2.0,6.0,2024-12-25,Wednesday
18502,18503,211,21.0,5.0,2024-12-02,Monday
18503,18504,56,10.0,6.0,2024-12-06,Friday
18504,18505,157,19.0,10.0,2024-12-28,Saturday
18505,18506,73,22.0,7.0,2024-12-25,Wednesday
18506,18507,194,12.0,3.0,2024-12-17,Tuesday
18507,18508,67,15.0,5.0,2024-12-16,Monday
18508,18509,78,5.0,9.0,2024-12-10,Tuesday
18509,18510,102,23.0,4.0,2024-12-15,Sunday
18510,18511,123,25.0,3.0,2024-12-27,Friday
18511,18512,269,3.0,1.0,2024-12-19,Thursday
18512,18513,147,22.0,10.0,2024-12-03,Tuesday
18513,18514,61,21.0,3.0,2024-12-06,Friday
18514,18515,263,18.0,2.0,2024-12-23,Monday
18515,18516,126,11.0,9.0,2024-12-26,Thursday
18516,18517,197,22.0,7.0,2024-12-17,Tuesday
18517,18518,89,20.0,5.0,2024-12-08,Sunday
18518,18519,28,14.0,4.0,2024-12-06,Friday
18519,18520,173,15.0,10.0,2024-12-07,Saturday
18520,18521,21,11.0,3.0,2024-12-17,Tuesday
18521,18522,161,25.0,4.0,2024-12-19,Thursday
18522,18523,271,9.0,1.0,2024-12-14,Saturday
18523,18524,91,8.0,10.0,2024-12-18,Wednesday
18524,18525,8,7.0,5.0,2024-12-23,Monday
18525,18526,77,7.0,1.0,2024-12-13,Friday
18526,18527,119,13.0,6.0,2024-12-05,Thursday
18527,18528,63,10.0,5.0,2024-12-26,Thursday
18528,18529,226,8.0,5.0,2024-12-14,Saturday
18529,18530,84,23.0,8.0,2024-12-26,Thursday
18530,18531,230,25.0,4.0,2024-12-28,Saturday
18531,18532,211,17.0,3.0,2024-12-28,Saturday
18532,18533,209,16.0,10.0,2024-12-23,Monday
18533,18534,248,24.0,1.0,2024-12-19,Thursday
18534,18535,19,3.0,1.0,2024-12-26,Thursday
18535,18536,50,9.0,3.0,2024-12-08,Sunday
18536,18537,93,21.0,4.0,2024-12-15,Sunday
18537,18538,135,15.0,3.0,2024-12-26,Thursday
18538,18539,70,7.0,1.0,2024-12-02,Monday
18539,18540,278,1.0,9.0,2024-12-27,Friday
18540,18541,107,23.0,6.0,2024-12-28,Saturday
18541,18542,198,10.0,7.0,2024-12-25,Wednesday
18542,18543,15,22.0,1.0,2024-12-27,Friday
18543,18544,20,12.0,8.0,2024-12-28,Saturday
18544,18545,248,7.0,7.0,2024-12-06,Friday
18545,18546,144,2.0,7.0,2024-12-11,Wednesday
18546,18547,125,22.0,6.0,2024-12-14,Saturday
18547,18548,177,12.0,1.0,2024-12-12,Thursday
18548,18549,266,24.0,4.0,2024-12-16,Monday
18549,18550,14,5.0,2.0,2024-12-17,Tuesday
18550,18551,8,24.0,10.0,2024-12-10,Tuesday
18551,18552,227,4.0,7.0,2024-12-17,Tuesday
18552,18553,202,21.0,9.0,2024-12-11,Wednesday
18553,18554,104,15.0,7.0,2024-12-23,Monday
18554,18555,42,13.0,10.0,2024-12-08,Sunday
18555,18556,128,2.0,4.0,2024-12-10,Tuesday
18556,18557,76,19.0,6.0,2024-12-20,Friday
18557,18558,177,16.0,5.0,2024-12-25,Wednesday
18558,18559,212,8.0,4.0,2024-12-18,Wednesday
18559,18560,103,17.0,10.0,2024-12-01,Sunday
18560,18561,180,19.0,4.0,2024-12-05,Thursday
18561,18562,173,24.0,7.0,2024-12-27,Friday
18562,18563,285,16.0,4.0,2024-12-26,Thursday
18563,18564,145,15.0,7.0,2024-12-18,Wednesday
18564,18565,59,17.0,8.0,2024-12-21,Saturday
18565,18566,19,25.0,3.0,2024-12-28,Saturday
18566,18567,297,11.0,2.0,2024-12-04,Wednesday
18567,18568,3,22.0,5.0,2024-12-05,Thursday
18568,18569,57,25.0,1.0,2024-12-04,Wednesday
18569,18570,223,16.0,3.0,2024-12-07,Saturday
18570,18571,72,13.0,10.0,2024-12-23,Monday
18571,18572,15,4.0,9.0,2024-12-15,Sunday
18572,18573,27,15.0,8.0,2024-12-04,Wednesday
18573,18574,85,14.0,4.0,2024-12-06,Friday
18574,18575,140,25.0,6.0,2024-12-06,Friday
18575,18576,189,17.0,8.0,2024-12-02,Monday
18576,18577,117,15.0,5.0,2024-12-13,Friday
18577,18578,20,17.0,6.0,2024-12-13,Friday
18578,18579,114,20.0,2.0,2024-12-06,Friday
18579,18580,195,7.0,8.0,2024-12-15,Sunday
18580,18581,242,21.0,2.0,2024-12-14,Saturday
18581,18582,254,15.0,8.0,2024-12-28,Saturday
18582,18583,221,20.0,10.0,2024-12-11,Wednesday
18583,18584,168,12.0,1.0,2024-12-11,Wednesday
18584,18585,100,7.0,1.0,2024-12-06,Friday
18585,18586,103,16.0,3.0,2024-12-24,Tuesday
18586,18587,162,25.0,1.0,2024-12-28,Saturday
18587,18588,275,7.0,2.0,2024-12-22,Sunday
18588,18589,280,7.0,9.0,2024-12-19,Thursday
18589,18590,72,11.0,5.0,2024-12-08,Sunday
18590,18591,195,13.0,8.0,2024-12-01,Sunday
18591,18592,49,5.0,6.0,2024-12-22,Sunday
18592,18593,248,23.0,8.0,2024-12-19,Thursday
18593,18594,231,6.0,4.0,2024-12-23,Monday
18594,18595,59,23.0,5.0,2024-12-28,Saturday
18595,18596,215,24.0,7.0,2024-12-13,Friday
18596,18597,251,3.0,2.0,2024-12-25,Wednesday
18597,18598,167,13.0,3.0,2024-12-13,Friday
18598,18599,38,21.0,8.0,2024-12-28,Saturday
18599,18600,92,24.0,2.0,2024-12-12,Thursday
18600,18601,85,19.0,2.0,2024-12-04,Wednesday
18601,18602,207,16.0,9.0,2024-12-27,Friday
18602,18603,45,4.0,4.0,2024-12-21,Saturday
18603,18604,105,12.0,2.0,2024-12-06,Friday
18604,18605,8,11.0,7.0,2024-12-12,Thursday
18605,18606,279,4.0,3.0,2024-12-08,Sunday
18606,18607,242,8.0,1.0,2024-12-23,Monday
18607,18608,137,4.0,8.0,2024-12-16,Monday
18608,18609,99,5.0,6.0,2024-12-07,Saturday
18609,18610,49,6.0,4.0,2024-12-25,Wednesday
18610,18611,45,8.0,10.0,2024-12-18,Wednesday
18611,18612,205,5.0,6.0,2024-12-21,Saturday
18612,18613,119,2.0,2.0,2024-12-16,Monday
18613,18614,86,25.0,8.0,2024-12-04,Wednesday
18615,18616,117,19.0,10.0,2024-12-11,Wednesday
18616,18617,94,15.0,9.0,2024-12-27,Friday
18617,18618,28,16.0,8.0,2024-12-10,Tuesday
18618,18619,78,17.0,2.0,2024-12-12,Thursday
18619,18620,258,11.0,9.0,2024-12-02,Monday
18620,18621,83,4.0,9.0,2024-12-06,Friday
18621,18622,283,15.0,4.0,2024-12-03,Tuesday
18622,18623,287,19.0,3.0,2024-12-02,Monday
18623,18624,36,13.0,7.0,2024-12-28,Saturday
18624,18625,285,5.0,4.0,2024-12-10,Tuesday
18625,18626,98,17.0,6.0,2024-12-07,Saturday
18626,18627,44,3.0,8.0,2024-12-12,Thursday
18627,18628,176,10.0,7.0,2024-12-06,Friday
18628,18629,157,24.0,8.0,2024-12-23,Monday
18629,18630,74,21.0,8.0,2024-12-05,Thursday
18630,18631,20,15.0,2.0,2024-12-03,Tuesday
18631,18632,107,2.0,5.0,2024-12-06,Friday
18632,18633,34,15.0,10.0,2024-12-23,Monday
18633,18634,40,16.0,2.0,2024-12-04,Wednesday
18634,18635,208,14.0,5.0,2024-12-14,Saturday
18635,18636,97,6.0,7.0,2024-12-26,Thursday
18636,18637,76,20.0,4.0,2024-12-15,Sunday
18637,18638,211,4.0,6.0,2024-12-18,Wednesday
18638,18639,17,23.0,7.0,2024-12-27,Friday
18639,18640,146,23.0,7.0,2024-12-23,Monday
18640,18641,241,4.0,6.0,2024-12-19,Thursday
18641,18642,292,15.0,7.0,2024-12-12,Thursday
18642,18643,207,8.0,10.0,2024-12-11,Wednesday
18643,18644,43,5.0,8.0,2024-12-22,Sunday
18644,18645,295,10.0,7.0,2024-12-05,Thursday
18645,18646,281,21.0,10.0,2024-12-15,Sunday
18646,18647,193,16.0,5.0,2024-12-04,Wednesday
18647,18648,299,20.0,1.0,2024-12-27,Friday
18648,18649,85,7.0,5.0,2024-12-19,Thursday
18649,18650,269,12.0,10.0,2024-12-17,Tuesday
18650,18651,35,9.0,9.0,2024-12-08,Sunday
18651,18652,173,10.0,4.0,2024-12-03,Tuesday
18652,18653,137,5.0,5.0,2024-12-02,Monday
18653,18654,255,8.0,3.0,2024-12-08,Sunday
18654,18655,139,14.0,9.0,2024-12-25,Wednesday
18655,18656,193,12.0,1.0,2024-12-21,Saturday
18656,18657,202,10.0,4.0,2024-12-14,Saturday
18657,18658,251,16.0,8.0,2024-12-12,Thursday
18658,18659,208,14.0,6.0,2024-12-23,Monday
18659,18660,18,10.0,6.0,2024-12-15,Sunday
18660,18661,162,7.0,9.0,2024-12-12,Thursday
18661,18662,80,11.0,7.0,2024-12-09,Monday
18662,18663,116,16.0,8.0,2024-12-06,Friday
18663,18664,41,7.0,8.0,2024-12-20,Friday
18664,18665,28,17.0,5.0,2024-12-05,Thursday
18665,18666,252,6.0,9.0,2024-12-20,Friday
18666,18667,49,1.0,7.0,2024-12-03,Tuesday
18667,18668,270,20.0,5.0,2024-12-21,Saturday
18668,18669,140,5.0,5.0,2024-12-18,Wednesday
18669,18670,176,1.0,9.0,2024-12-16,Monday
18670,18671,255,6.0,1.0,2024-12-03,Tuesday
18671,18672,35,21.0,5.0,2024-12-14,Saturday
18672,18673,182,1.0,8.0,2024-12-06,Friday
18673,18674,270,18.0,3.0,2024-12-08,Sunday
18674,18675,171,6.0,1.0,2024-12-16,Monday
18675,18676,213,20.0,8.0,2024-12-11,Wednesday
18676,18677,28,8.0,1.0,2024-12-12,Thursday
18677,18678,32,17.0,9.0,2024-12-19,Thursday
18678,18679,237,19.0,4.0,2024-12-22,Sunday
18679,18680,237,1.0,1.0,2024-12-11,Wednesday
18680,18681,209,6.0,1.0,2024-12-28,Saturday
18681,18682,72,1.0,3.0,2024-12-04,Wednesday
18682,18683,174,9.0,10.0,2024-12-08,Sunday
18684,18685,215,1.0,4.0,2024-12-09,Monday
18685,18686,97,22.0,9.0,2024-12-21,Saturday
18686,18687,87,15.0,7.0,2024-12-04,Wednesday
18687,18688,97,9.0,1.0,2024-12-26,Thursday
18688,18689,145,11.0,3.0,2024-12-05,Thursday
18689,18690,104,11.0,8.0,2024-12-07,Saturday
18690,18691,11,2.0,5.0,2024-12-22,Sunday
18691,18692,31,17.0,7.0,2024-12-19,Thursday
18692,18693,251,8.0,5.0,2024-12-15,Sunday
18693,18694,295,25.0,7.0,2024-12-06,Friday
18694,18695,141,9.0,6.0,2024-12-10,Tuesday
18695,18696,22,6.0,6.0,2024-12-11,Wednesday
18696,18697,124,6.0,9.0,2024-12-12,Thursday
18697,18698,244,25.0,10.0,2024-12-09,Monday
18698,18699,73,9.0,4.0,2024-12-28,Saturday
18699,18700,3,5.0,10.0,2024-12-11,Wednesday
18700,18701,184,22.0,8.0,2024-12-24,Tuesday
18701,18702,161,7.0,1.0,2024-12-19,Thursday
18702,18703,53,19.0,2.0,2024-12-07,Saturday
18703,18704,83,2.0,8.0,2024-12-07,Saturday
18704,18705,282,16.0,3.0,2024-12-24,Tuesday
18705,18706,73,6.0,6.0,2024-12-17,Tuesday
18707,18708,168,16.0,3.0,2024-12-01,Sunday
18708,18709,288,25.0,3.0,2024-12-03,Tuesday
18709,18710,186,8.0,3.0,2024-12-04,Wednesday
18710,18711,188,24.0,7.0,2024-12-25,Wednesday
18711,18712,258,5.0,1.0,2024-12-11,Wednesday
18712,18713,87,15.0,2.0,2024-12-07,Saturday
18713,18714,285,3.0,1.0,2024-12-19,Thursday
18714,18715,50,7.0,10.0,2024-12-23,Monday
18715,18716,93,13.0,4.0,2024-12-12,Thursday
18716,18717,259,11.0,7.0,2024-12-21,Saturday
18717,18718,281,14.0,2.0,2024-12-28,Saturday
18718,18719,82,4.0,8.0,2024-12-17,Tuesday
18719,18720,214,21.0,2.0,2024-12-01,Sunday
18720,18721,59,16.0,2.0,2024-12-10,Tuesday
18721,18722,108,19.0,4.0,2024-12-05,Thursday
18722,18723,227,21.0,7.0,2024-12-18,Wednesday
18723,18724,145,1.0,5.0,2024-12-12,Thursday
18724,18725,59,12.0,1.0,2024-12-28,Saturday
18725,18726,177,25.0,8.0,2024-12-08,Sunday
18726,18727,7,25.0,10.0,2024-12-04,Wednesday
18727,18728,91,6.0,6.0,2024-12-24,Tuesday
18728,18729,223,16.0,3.0,2024-12-22,Sunday
18729,18730,231,2.0,9.0,2024-12-22,Sunday
18730,18731,257,4.0,4.0,2024-12-28,Saturday
18731,18732,95,19.0,1.0,2024-12-26,Thursday
18732,18733,299,20.0,4.0,2024-12-03,Tuesday
18733,18734,189,4.0,8.0,2024-12-19,Thursday
18734,18735,13,2.0,4.0,2024-12-01,Sunday
18735,18736,259,9.0,5.0,2024-12-28,Saturday
18736,18737,242,9.0,6.0,2024-12-01,Sunday
18737,18738,186,7.0,1.0,2024-12-28,Saturday
18738,18739,135,5.0,7.0,2024-12-08,Sunday
18739,18740,98,2.0,10.0,2024-12-16,Monday
18740,18741,258,7.0,9.0,2024-12-18,Wednesday
18741,18742,268,9.0,9.0,2024-12-23,Monday
18742,18743,202,25.0,8.0,2024-12-11,Wednesday
18743,18744,127,22.0,8.0,2024-12-20,Friday
18744,18745,248,12.0,6.0,2024-12-22,Sunday
18745,18746,174,18.0,10.0,2024-12-05,Thursday
18746,18747,32,11.0,8.0,2024-12-04,Wednesday
18747,18748,18,4.0,8.0,2024-12-09,Monday
18748,18749,174,23.0,9.0,2024-12-03,Tuesday
18749,18750,230,19.0,5.0,2024-12-27,Friday
18750,18751,30,12.0,7.0,2024-12-10,Tuesday
18751,18752,273,18.0,4.0,2024-12-02,Monday
18752,18753,257,2.0,4.0,2024-12-26,Thursday
18753,18754,129,9.0,3.0,2024-12-06,Friday
18754,18755,163,7.0,5.0,2024-12-23,Monday
18755,18756,286,5.0,8.0,2024-12-15,Sunday
18756,18757,5,13.0,2.0,2024-12-12,Thursday
18757,18758,202,1.0,4.0,2024-12-23,Monday
18758,18759,6,12.0,3.0,2024-12-09,Monday
18759,18760,122,8.0,3.0,2024-12-05,Thursday
18760,18761,185,16.0,5.0,2024-12-07,Saturday
18761,18762,74,13.0,4.0,2024-12-28,Saturday
18762,18763,158,19.0,8.0,2024-12-13,Friday
18763,18764,38,3.0,6.0,2024-12-27,Friday
18764,18765,63,25.0,10.0,2024-12-11,Wednesday
18765,18766,122,8.0,10.0,2024-12-10,Tuesday
18766,18767,215,6.0,9.0,2024-12-16,Monday
18767,18768,148,8.0,10.0,2024-12-17,Tuesday
18768,18769,278,6.0,10.0,2024-12-25,Wednesday
18769,18770,298,4.0,9.0,2024-12-23,Monday
18770,18771,116,25.0,8.0,2024-12-24,Tuesday
18771,18772,212,22.0,5.0,2024-12-28,Saturday
18772,18773,178,19.0,10.0,2024-12-03,Tuesday
18773,18774,239,24.0,2.0,2024-12-14,Saturday
18774,18775,85,10.0,9.0,2024-12-14,Saturday
18775,18776,295,15.0,10.0,2024-12-07,Saturday
18776,18777,247,3.0,5.0,2024-12-26,Thursday
18777,18778,159,20.0,7.0,2024-12-17,Tuesday
18778,18779,244,9.0,7.0,2024-12-11,Wednesday
18779,18780,253,19.0,3.0,2024-12-02,Monday
18780,18781,299,4.0,2.0,2024-12-02,Monday
18781,18782,145,11.0,5.0,2024-12-13,Friday
18782,18783,161,21.0,8.0,2024-12-10,Tuesday
18783,18784,34,10.0,8.0,2024-12-15,Sunday
18784,18785,204,1.0,9.0,2024-12-04,Wednesday
18785,18786,42,9.0,9.0,2024-12-13,Friday
18786,18787,119,16.0,4.0,2024-12-05,Thursday
18787,18788,120,11.0,3.0,2024-12-06,Friday
18788,18789,114,9.0,2.0,2024-12-21,Saturday
18789,18790,300,12.0,4.0,2024-12-04,Wednesday
18790,18791,112,17.0,9.0,2024-12-18,Wednesday
18791,18792,166,3.0,10.0,2024-12-07,Saturday
18792,18793,226,17.0,8.0,2024-12-08,Sunday
18793,18794,238,7.0,6.0,2024-12-03,Tuesday
18794,18795,63,22.0,2.0,2024-12-04,Wednesday
18795,18796,174,13.0,8.0,2024-12-23,Monday
18796,18797,261,13.0,1.0,2024-12-19,Thursday
18797,18798,29,24.0,8.0,2024-12-27,Friday
18798,18799,121,16.0,5.0,2024-12-06,Friday
18800,18801,116,20.0,6.0,2024-12-11,Wednesday
18801,18802,36,19.0,6.0,2024-12-09,Monday
18802,18803,143,15.0,1.0,2024-12-27,Friday
18803,18804,18,13.0,3.0,2024-12-17,Tuesday
18804,18805,174,13.0,8.0,2024-12-23,Monday
18805,18806,89,6.0,1.0,2024-12-08,Sunday
18806,18807,260,24.0,2.0,2024-12-28,Saturday
18807,18808,238,18.0,6.0,2024-12-10,Tuesday
18808,18809,20,20.0,3.0,2024-12-09,Monday
18809,18810,228,24.0,3.0,2024-12-23,Monday
18810,18811,295,9.0,7.0,2024-12-02,Monday
18811,18812,261,10.0,8.0,2024-12-22,Sunday
18812,18813,266,16.0,7.0,2024-12-23,Monday
18813,18814,243,25.0,8.0,2024-12-04,Wednesday
18814,18815,217,13.0,2.0,2024-12-14,Saturday
18815,18816,155,19.0,5.0,2024-12-28,Saturday
18816,18817,127,21.0,2.0,2024-12-14,Saturday
18817,18818,9,17.0,8.0,2024-12-22,Sunday
18818,18819,261,21.0,6.0,2024-12-12,Thursday
18819,18820,201,1.0,1.0,2024-12-06,Friday
18820,18821,28,25.0,1.0,2024-12-02,Monday
18821,18822,92,17.0,10.0,2024-12-26,Thursday
18822,18823,230,14.0,5.0,2024-12-13,Friday
18823,18824,113,3.0,3.0,2024-12-12,Thursday
18824,18825,264,9.0,7.0,2024-12-28,Saturday
18825,18826,97,3.0,4.0,2024-12-24,Tuesday
18826,18827,267,24.0,2.0,2024-12-22,Sunday
18827,18828,182,19.0,4.0,2024-12-07,Saturday
18828,18829,10,20.0,9.0,2024-12-16,Monday
18829,18830,266,14.0,3.0,2024-12-17,Tuesday
18830,18831,291,22.0,7.0,2024-12-28,Saturday
18831,18832,155,19.0,2.0,2024-12-26,Thursday
18832,18833,221,4.0,9.0,2024-12-11,Wednesday
18833,18834,249,6.0,2.0,2024-12-14,Saturday
18834,18835,300,15.0,2.0,2024-12-18,Wednesday
18835,18836,78,8.0,6.0,2024-12-14,Saturday
18836,18837,88,10.0,10.0,2024-12-07,Saturday
18837,18838,162,19.0,1.0,2024-12-07,Saturday
18838,18839,6,6.0,9.0,2024-12-19,Thursday
18839,18840,71,7.0,4.0,2024-12-18,Wednesday
18840,18841,278,14.0,10.0,2024-12-16,Monday
18841,18842,157,1.0,7.0,2024-12-07,Saturday
18842,18843,100,20.0,8.0,2024-12-28,Saturday
18843,18844,24,7.0,8.0,2024-12-28,Saturday
18844,18845,148,8.0,7.0,2024-12-26,Thursday
18845,18846,135,13.0,6.0,2024-12-21,Saturday
18846,18847,193,19.0,2.0,2024-12-26,Thursday
18847,18848,123,17.0,5.0,2024-12-13,Friday
18848,18849,228,10.0,5.0,2024-12-25,Wednesday
18849,18850,189,24.0,6.0,2024-12-21,Saturday
18850,18851,121,25.0,6.0,2024-12-28,Saturday
18851,18852,211,12.0,6.0,2024-12-15,Sunday
18852,18853,83,24.0,3.0,2024-12-09,Monday
18853,18854,179,5.0,2.0,2024-12-18,Wednesday
18854,18855,72,22.0,2.0,2024-12-21,Saturday
18855,18856,87,20.0,8.0,2024-12-15,Sunday
18856,18857,276,21.0,6.0,2024-12-04,Wednesday
18857,18858,15,18.0,1.0,2024-12-18,Wednesday
18858,18859,171,9.0,10.0,2024-12-24,Tuesday
18859,18860,95,12.0,2.0,2024-12-19,Thursday
18860,18861,193,20.0,8.0,2024-12-11,Wednesday
18861,18862,67,6.0,6.0,2024-12-16,Monday
18862,18863,274,13.0,1.0,2024-12-25,Wednesday
18863,18864,178,22.0,1.0,2024-12-05,Thursday
18864,18865,17,16.0,2.0,2024-12-14,Saturday
18865,18866,24,16.0,4.0,2024-12-27,Friday
18866,18867,224,20.0,5.0,2024-12-21,Saturday
18867,18868,227,18.0,8.0,2024-12-11,Wednesday
18868,18869,182,3.0,1.0,2024-12-15,Sunday
18869,18870,64,5.0,4.0,2024-12-07,Saturday
18870,18871,2,16.0,8.0,2024-12-13,Friday
18871,18872,156,25.0,1.0,2024-12-10,Tuesday
18872,18873,262,1.0,3.0,2024-12-13,Friday
18873,18874,237,4.0,9.0,2024-12-02,Monday
18874,18875,102,8.0,1.0,2024-12-14,Saturday
18875,18876,87,18.0,4.0,2024-12-19,Thursday
18876,18877,77,8.0,5.0,2024-12-12,Thursday
18877,18878,193,18.0,9.0,2024-12-03,Tuesday
18878,18879,25,5.0,4.0,2024-12-16,Monday
18879,18880,226,10.0,3.0,2024-12-02,Monday
18880,18881,39,16.0,2.0,2024-12-08,Sunday
18881,18882,61,17.0,8.0,2024-12-28,Saturday
18882,18883,184,9.0,9.0,2024-12-06,Friday
18883,18884,246,18.0,9.0,2024-12-17,Tuesday
18884,18885,8,19.0,7.0,2024-12-22,Sunday
18885,18886,290,20.0,6.0,2024-12-08,Sunday
18886,18887,126,12.0,4.0,2024-12-25,Wednesday
18887,18888,224,24.0,2.0,2024-12-26,Thursday
18888,18889,101,6.0,9.0,2024-12-07,Saturday
18889,18890,193,24.0,4.0,2024-12-23,Monday
18890,18891,126,8.0,1.0,2024-12-11,Wednesday
18891,18892,60,13.0,5.0,2024-12-23,Monday
18892,18893,33,4.0,7.0,2024-12-25,Wednesday
18893,18894,265,1.0,9.0,2024-12-01,Sunday
18894,18895,115,10.0,5.0,2024-12-26,Thursday
18895,18896,275,14.0,4.0,2024-12-15,Sunday
18896,18897,117,12.0,4.0,2024-12-22,Sunday
18897,18898,6,8.0,6.0,2024-12-07,Saturday
18898,18899,91,9.0,2.0,2024-12-01,Sunday
18899,18900,291,10.0,10.0,2024-12-24,Tuesday
18900,18901,234,12.0,6.0,2024-12-06,Friday
18901,18902,238,4.0,3.0,2024-12-18,Wednesday
18902,18903,252,2.0,1.0,2024-12-24,Tuesday
18903,18904,169,8.0,2.0,2024-12-04,Wednesday
18904,18905,124,13.0,8.0,2024-12-25,Wednesday
18905,18906,193,20.0,5.0,2024-12-19,Thursday
18906,18907,299,15.0,2.0,2024-12-03,Tuesday
18907,18908,30,11.0,4.0,2024-12-07,Saturday
18908,18909,178,15.0,2.0,2024-12-27,Friday
18909,18910,86,20.0,1.0,2024-12-27,Friday
18910,18911,255,22.0,5.0,2024-12-11,Wednesday
18911,18912,193,6.0,2.0,2024-12-19,Thursday
18912,18913,21,15.0,8.0,2024-12-02,Monday
18913,18914,85,21.0,5.0,2024-12-19,Thursday
18915,18916,124,1.0,4.0,2024-12-27,Friday
18916,18917,171,14.0,5.0,2024-12-12,Thursday
18917,18918,184,23.0,1.0,2024-12-23,Monday
18918,18919,13,19.0,9.0,2024-12-11,Wednesday
18920,18921,234,6.0,8.0,2024-12-06,Friday
18921,18922,64,1.0,2.0,2024-12-17,Tuesday
18922,18923,264,1.0,1.0,2024-12-10,Tuesday
18923,18924,196,5.0,6.0,2024-12-07,Saturday
18924,18925,252,11.0,10.0,2024-12-21,Saturday
18925,18926,118,3.0,2.0,2024-12-21,Saturday
18926,18927,223,7.0,8.0,2024-12-23,Monday
18927,18928,220,3.0,1.0,2024-12-22,Sunday
18928,18929,243,20.0,9.0,2024-12-23,Monday
18929,18930,71,14.0,6.0,2024-12-15,Sunday
18930,18931,67,9.0,10.0,2024-12-05,Thursday
18931,18932,126,14.0,8.0,2024-12-15,Sunday
18932,18933,239,17.0,2.0,2024-12-14,Saturday
18933,18934,240,6.0,3.0,2024-12-08,Sunday
18934,18935,206,24.0,8.0,2024-12-02,Monday
18935,18936,13,12.0,3.0,2024-12-18,Wednesday
18936,18937,56,4.0,6.0,2024-12-07,Saturday
18937,18938,103,24.0,2.0,2024-12-22,Sunday
18938,18939,135,23.0,10.0,2024-12-14,Saturday
18939,18940,244,14.0,3.0,2024-12-13,Friday
18940,18941,161,25.0,4.0,2024-12-06,Friday
18941,18942,106,23.0,6.0,2024-12-25,Wednesday
18942,18943,106,16.0,6.0,2024-12-28,Saturday
18943,18944,59,23.0,3.0,2024-12-22,Sunday
18944,18945,167,2.0,5.0,2024-12-19,Thursday
18945,18946,235,2.0,4.0,2024-12-18,Wednesday
18946,18947,68,25.0,3.0,2024-12-03,Tuesday
18948,18949,21,18.0,8.0,2024-12-22,Sunday
18950,18951,198,24.0,4.0,2024-12-26,Thursday
18951,18952,48,20.0,1.0,2024-12-11,Wednesday
18952,18953,146,5.0,10.0,2024-12-24,Tuesday
18953,18954,65,10.0,8.0,2024-12-28,Saturday
18954,18955,185,5.0,3.0,2024-12-22,Sunday
18955,18956,275,9.0,3.0,2024-12-03,Tuesday
18956,18957,148,6.0,3.0,2024-12-02,Monday
18957,18958,197,11.0,1.0,2024-12-28,Saturday
18958,18959,275,6.0,10.0,2024-12-20,Friday
18959,18960,127,6.0,2.0,2024-12-16,Monday
18960,18961,177,9.0,10.0,2024-12-16,Monday
18961,18962,87,11.0,6.0,2024-12-16,Monday
18962,18963,219,11.0,5.0,2024-12-20,Friday
18964,18965,216,13.0,10.0,2024-12-21,Saturday
18965,18966,157,19.0,9.0,2024-12-23,Monday
18966,18967,222,14.0,5.0,2024-12-06,Friday
18967,18968,169,11.0,8.0,2024-12-04,Wednesday
18968,18969,190,25.0,8.0,2024-12-01,Sunday
18969,18970,268,25.0,6.0,2024-12-26,Thursday
18970,18971,141,16.0,6.0,2024-12-14,Saturday
18971,18972,273,23.0,9.0,2024-12-19,Thursday
18972,18973,109,1.0,1.0,2024-12-22,Sunday
18973,18974,294,22.0,10.0,2024-12-05,Thursday
18974,18975,42,2.0,4.0,2024-12-26,Thursday
18976,18977,102,22.0,9.0,2024-12-16,Monday
18977,18978,163,4.0,5.0,2024-12-23,Monday
18978,18979,49,24.0,8.0,2024-12-22,Sunday
18979,18980,155,23.0,9.0,2024-12-16,Monday
18980,18981,180,5.0,5.0,2024-12-17,Tuesday
18981,18982,232,7.0,9.0,2024-12-25,Wednesday
18982,18983,41,24.0,10.0,2024-12-08,Sunday
18983,18984,197,7.0,8.0,2024-12-05,Thursday
18984,18985,118,14.0,9.0,2024-12-16,Monday
18985,18986,296,1.0,5.0,2024-12-25,Wednesday
18986,18987,108,17.0,2.0,2024-12-23,Monday
18987,18988,146,15.0,8.0,2024-12-06,Friday
18988,18989,126,1.0,4.0,2024-12-07,Saturday
18989,18990,230,21.0,2.0,2024-12-07,Saturday
18990,18991,13,11.0,10.0,2024-12-26,Thursday
18991,18992,106,24.0,3.0,2024-12-14,Saturday
18992,18993,198,25.0,1.0,2024-12-03,Tuesday
18993,18994,170,14.0,8.0,2024-12-22,Sunday
18994,18995,67,5.0,10.0,2024-12-15,Sunday
18995,18996,23,21.0,7.0,2024-12-18,Wednesday
18996,18997,111,14.0,1.0,2024-12-28,Saturday
18997,18998,46,4.0,5.0,2024-12-22,Sunday
18998,18999,210,25.0,1.0,2024-12-11,Wednesday
18999,19000,4,22.0,7.0,2024-12-11,Wednesday
19000,19001,240,19.0,1.0,2024-12-17,Tuesday
19001,19002,114,10.0,1.0,2024-12-15,Sunday
19002,19003,288,12.0,4.0,2024-12-01,Sunday
19003,19004,123,2.0,2.0,2024-12-16,Monday
19004,19005,196,8.0,6.0,2024-12-27,Friday
19005,19006,63,16.0,10.0,2024-12-20,Friday
19006,19007,253,18.0,10.0,2024-12-01,Sunday
19007,19008,6,4.0,2.0,2024-12-15,Sunday
19008,19009,19,14.0,2.0,2024-12-07,Saturday
19009,19010,299,11.0,4.0,2024-12-04,Wednesday
19010,19011,25,2.0,10.0,2024-12-13,Friday
19011,19012,159,21.0,6.0,2024-12-27,Friday
19012,19013,289,12.0,1.0,2024-12-23,Monday
19013,19014,40,19.0,7.0,2024-12-13,Friday
19014,19015,252,17.0,3.0,2024-12-24,Tuesday
19015,19016,191,5.0,9.0,2024-12-19,Thursday
19016,19017,97,24.0,10.0,2024-12-18,Wednesday
19017,19018,164,8.0,8.0,2024-12-11,Wednesday
19018,19019,126,3.0,5.0,2024-12-24,Tuesday
19019,19020,161,23.0,9.0,2024-12-12,Thursday
19020,19021,143,25.0,10.0,2024-12-03,Tuesday
19021,19022,102,21.0,10.0,2024-12-08,Sunday
19022,19023,243,5.0,6.0,2024-12-13,Friday
19023,19024,212,1.0,8.0,2024-12-20,Friday
19024,19025,240,10.0,6.0,2024-12-18,Wednesday
19025,19026,217,5.0,7.0,2024-12-14,Saturday
19026,19027,172,13.0,7.0,2024-12-21,Saturday
19027,19028,291,21.0,2.0,2024-12-24,Tuesday
19028,19029,108,12.0,10.0,2024-12-10,Tuesday
19029,19030,135,23.0,4.0,2024-12-28,Saturday
19030,19031,120,18.0,2.0,2024-12-19,Thursday
19031,19032,282,17.0,7.0,2024-12-17,Tuesday
19032,19033,88,6.0,1.0,2024-12-02,Monday
19033,19034,2,4.0,7.0,2024-12-26,Thursday
19034,19035,20,17.0,2.0,2024-12-05,Thursday
19035,19036,196,1.0,8.0,2024-12-12,Thursday
19036,19037,86,7.0,10.0,2024-12-09,Monday
19037,19038,223,2.0,10.0,2024-12-13,Friday
19038,19039,248,18.0,9.0,2024-12-05,Thursday
19039,19040,69,21.0,6.0,2024-12-27,Friday
19040,19041,225,4.0,9.0,2024-12-10,Tuesday
19041,19042,147,20.0,7.0,2024-12-13,Friday
19042,19043,113,1.0,2.0,2024-12-11,Wednesday
19043,19044,269,21.0,6.0,2024-12-20,Friday
19044,19045,25,24.0,10.0,2024-12-24,Tuesday
19045,19046,276,15.0,8.0,2024-12-23,Monday
19046,19047,192,4.0,4.0,2024-12-01,Sunday
19047,19048,80,6.0,7.0,2024-12-15,Sunday
19048,19049,231,10.0,5.0,2024-12-28,Saturday
19049,19050,174,11.0,3.0,2024-12-04,Wednesday
19050,19051,61,22.0,10.0,2024-12-07,Saturday
19051,19052,93,3.0,7.0,2024-12-10,Tuesday
19052,19053,271,21.0,6.0,2024-12-21,Saturday
19053,19054,109,4.0,3.0,2024-12-17,Tuesday
19054,19055,105,1.0,1.0,2024-12-26,Thursday
19055,19056,156,18.0,4.0,2024-12-19,Thursday
19056,19057,36,25.0,8.0,2024-12-06,Friday
19057,19058,47,21.0,2.0,2024-12-22,Sunday
19058,19059,184,5.0,4.0,2024-12-04,Wednesday
19059,19060,118,2.0,4.0,2024-12-14,Saturday
19060,19061,156,21.0,9.0,2024-12-15,Sunday
19061,19062,86,14.0,6.0,2024-12-09,Monday
19062,19063,80,8.0,6.0,2024-12-20,Friday
19063,19064,277,4.0,1.0,2024-12-24,Tuesday
19064,19065,91,7.0,7.0,2024-12-27,Friday
19065,19066,163,16.0,1.0,2024-12-06,Friday
19066,19067,222,5.0,10.0,2024-12-09,Monday
19067,19068,98,8.0,6.0,2024-12-04,Wednesday
19068,19069,176,22.0,5.0,2024-12-11,Wednesday
19069,19070,220,19.0,1.0,2024-12-04,Wednesday
19070,19071,276,4.0,6.0,2024-12-04,Wednesday
19071,19072,33,18.0,4.0,2024-12-06,Friday
19072,19073,221,13.0,4.0,2024-12-08,Sunday
19073,19074,216,7.0,3.0,2024-12-04,Wednesday
19074,19075,165,18.0,9.0,2024-12-17,Tuesday
19075,19076,170,24.0,6.0,2024-12-11,Wednesday
19076,19077,76,13.0,8.0,2024-12-23,Monday
19077,19078,191,3.0,8.0,2024-12-18,Wednesday
19078,19079,129,18.0,1.0,2024-12-10,Tuesday
19079,19080,61,11.0,4.0,2024-12-25,Wednesday
19080,19081,288,17.0,10.0,2024-12-04,Wednesday
19081,19082,76,11.0,6.0,2024-12-04,Wednesday
19082,19083,240,17.0,9.0,2024-12-27,Friday
19083,19084,93,9.0,1.0,2024-12-14,Saturday
19084,19085,121,5.0,9.0,2024-12-01,Sunday
19085,19086,111,3.0,8.0,2024-12-24,Tuesday
19086,19087,96,22.0,8.0,2024-12-27,Friday
19087,19088,266,11.0,3.0,2024-12-24,Tuesday
19088,19089,157,17.0,1.0,2024-12-21,Saturday
19089,19090,251,18.0,6.0,2024-12-17,Tuesday
19090,19091,169,21.0,3.0,2024-12-20,Friday
19091,19092,265,24.0,10.0,2024-12-27,Friday
19092,19093,88,21.0,10.0,2024-12-20,Friday
19093,19094,29,9.0,1.0,2024-12-26,Thursday
19094,19095,30,7.0,6.0,2024-12-24,Tuesday
19095,19096,146,8.0,2.0,2024-12-01,Sunday
19096,19097,276,2.0,5.0,2024-12-14,Saturday
19097,19098,71,23.0,10.0,2024-12-19,Thursday
19098,19099,286,24.0,3.0,2024-12-03,Tuesday
19099,19100,276,16.0,6.0,2024-12-21,Saturday
19100,19101,259,2.0,3.0,2024-12-09,Monday
19101,19102,57,19.0,3.0,2024-12-07,Saturday
19102,19103,265,14.0,6.0,2024-12-23,Monday
19103,19104,127,14.0,4.0,2024-12-24,Tuesday
19104,19105,136,20.0,4.0,2024-12-12,Thursday
19105,19106,41,3.0,10.0,2024-12-27,Friday
19106,19107,282,10.0,3.0,2024-12-20,Friday
19107,19108,89,25.0,10.0,2024-12-01,Sunday
19108,19109,291,16.0,1.0,2024-12-02,Monday
19109,19110,107,14.0,6.0,2024-12-28,Saturday
19110,19111,138,9.0,1.0,2024-12-03,Tuesday
19111,19112,240,12.0,4.0,2024-12-16,Monday
19112,19113,91,3.0,10.0,2024-12-08,Sunday
19113,19114,265,15.0,6.0,2024-12-11,Wednesday
19114,19115,210,12.0,7.0,2024-12-14,Saturday
19116,19117,171,23.0,2.0,2024-12-04,Wednesday
19117,19118,176,7.0,3.0,2024-12-11,Wednesday
19118,19119,83,15.0,10.0,2024-12-03,Tuesday
19119,19120,275,23.0,1.0,2024-12-06,Friday
19120,19121,275,12.0,3.0,2024-12-01,Sunday
19121,19122,110,13.0,2.0,2024-12-18,Wednesday
19122,19123,5,16.0,4.0,2024-12-08,Sunday
19123,19124,252,23.0,8.0,2024-12-21,Saturday
19124,19125,76,13.0,1.0,2024-12-24,Tuesday
19125,19126,229,8.0,9.0,2024-12-07,Saturday
19126,19127,237,24.0,4.0,2024-12-17,Tuesday
19127,19128,116,10.0,7.0,2024-12-07,Saturday
19128,19129,92,18.0,1.0,2024-12-08,Sunday
19129,19130,265,25.0,9.0,2024-12-23,Monday
19130,19131,258,6.0,9.0,2024-12-22,Sunday
19131,19132,184,23.0,6.0,2024-12-01,Sunday
19132,19133,91,24.0,1.0,2024-12-16,Monday
19133,19134,98,15.0,10.0,2024-12-20,Friday
19134,19135,35,25.0,1.0,2024-12-17,Tuesday
19135,19136,138,21.0,10.0,2024-12-28,Saturday
19136,19137,53,6.0,10.0,2024-12-11,Wednesday
19137,19138,142,12.0,5.0,2024-12-07,Saturday
19138,19139,233,16.0,7.0,2024-12-25,Wednesday
19139,19140,118,2.0,8.0,2024-12-17,Tuesday
19140,19141,62,17.0,8.0,2024-12-03,Tuesday
19141,19142,129,19.0,5.0,2024-12-17,Tuesday
19142,19143,84,24.0,9.0,2024-12-19,Thursday
19143,19144,140,18.0,6.0,2024-12-01,Sunday
19144,19145,155,8.0,2.0,2024-12-08,Sunday
19145,19146,203,16.0,9.0,2024-12-21,Saturday
19146,19147,246,5.0,4.0,2024-12-07,Saturday
19147,19148,98,7.0,1.0,2024-12-28,Saturday
19148,19149,148,12.0,1.0,2024-12-03,Tuesday
19149,19150,14,9.0,1.0,2024-12-03,Tuesday
19150,19151,219,22.0,2.0,2024-12-28,Saturday
19151,19152,228,4.0,7.0,2024-12-25,Wednesday
19152,19153,40,13.0,8.0,2024-12-21,Saturday
19154,19155,57,18.0,10.0,2024-12-27,Friday
19155,19156,120,13.0,7.0,2024-12-26,Thursday
19156,19157,181,16.0,9.0,2024-12-18,Wednesday
19158,19159,4,22.0,3.0,2024-12-22,Sunday
19159,19160,204,6.0,3.0,2024-12-08,Sunday
19160,19161,250,19.0,5.0,2024-12-16,Monday
19161,19162,229,13.0,3.0,2024-12-27,Friday
19162,19163,100,24.0,8.0,2024-12-03,Tuesday
19163,19164,28,8.0,3.0,2024-12-24,Tuesday
19164,19165,217,4.0,8.0,2024-12-17,Tuesday
19165,19166,190,23.0,8.0,2024-12-05,Thursday
19166,19167,93,16.0,3.0,2024-12-21,Saturday
19167,19168,182,12.0,9.0,2024-12-28,Saturday
19168,19169,280,18.0,1.0,2024-12-04,Wednesday
19169,19170,89,7.0,7.0,2024-12-11,Wednesday
19170,19171,46,24.0,7.0,2024-12-27,Friday
19171,19172,282,9.0,3.0,2024-12-04,Wednesday
19172,19173,172,14.0,7.0,2024-12-24,Tuesday
19173,19174,19,23.0,10.0,2024-12-15,Sunday
19174,19175,220,6.0,8.0,2024-12-07,Saturday
19175,19176,181,20.0,6.0,2024-12-13,Friday
19176,19177,14,8.0,2.0,2024-12-22,Sunday
19177,19178,133,17.0,7.0,2024-12-26,Thursday
19178,19179,65,13.0,5.0,2024-12-02,Monday
19179,19180,88,17.0,1.0,2024-12-11,Wednesday
19180,19181,125,25.0,3.0,2024-12-24,Tuesday
19181,19182,279,21.0,5.0,2024-12-26,Thursday
19182,19183,110,9.0,5.0,2024-12-08,Sunday
19183,19184,2,1.0,1.0,2024-12-24,Tuesday
19184,19185,291,25.0,2.0,2024-12-24,Tuesday
19185,19186,4,25.0,8.0,2024-12-05,Thursday
19186,19187,219,22.0,8.0,2024-12-14,Saturday
19187,19188,240,1.0,2.0,2024-12-02,Monday
19188,19189,146,2.0,5.0,2024-12-28,Saturday
19189,19190,100,7.0,5.0,2024-12-25,Wednesday
19190,19191,14,20.0,1.0,2024-12-12,Thursday
19191,19192,209,17.0,7.0,2024-12-24,Tuesday
19192,19193,257,21.0,6.0,2024-12-09,Monday
19193,19194,272,22.0,10.0,2024-12-20,Friday
19194,19195,296,21.0,1.0,2024-12-08,Sunday
19195,19196,58,19.0,2.0,2024-12-17,Tuesday
19196,19197,158,16.0,5.0,2024-12-25,Wednesday
19198,19199,77,23.0,4.0,2024-12-09,Monday
19199,19200,236,21.0,9.0,2024-12-07,Saturday
19200,19201,186,23.0,7.0,2024-12-07,Saturday
19201,19202,164,25.0,4.0,2024-12-23,Monday
19202,19203,39,24.0,5.0,2024-12-12,Thursday
19203,19204,38,17.0,7.0,2024-12-09,Monday
19204,19205,79,17.0,3.0,2024-12-08,Sunday
19205,19206,130,7.0,3.0,2024-12-09,Monday
19206,19207,170,13.0,6.0,2024-12-25,Wednesday
19207,19208,53,7.0,9.0,2024-12-26,Thursday
19208,19209,236,13.0,5.0,2024-12-02,Monday
19209,19210,88,8.0,10.0,2024-12-04,Wednesday
19210,19211,157,25.0,10.0,2024-12-20,Friday
19211,19212,256,8.0,10.0,2024-12-08,Sunday
19212,19213,283,13.0,10.0,2024-12-04,Wednesday
19213,19214,174,8.0,3.0,2024-12-11,Wednesday
19214,19215,102,17.0,7.0,2024-12-08,Sunday
19215,19216,296,18.0,8.0,2024-12-16,Monday
19216,19217,116,10.0,10.0,2024-12-18,Wednesday
19217,19218,182,13.0,2.0,2024-12-11,Wednesday
19218,19219,94,18.0,1.0,2024-12-15,Sunday
19219,19220,143,24.0,7.0,2024-12-09,Monday
19220,19221,44,19.0,7.0,2024-12-06,Friday
19221,19222,89,4.0,5.0,2024-12-04,Wednesday
19222,19223,180,2.0,1.0,2024-12-10,Tuesday
19223,19224,71,15.0,9.0,2024-12-27,Friday
19224,19225,246,20.0,7.0,2024-12-13,Friday
19225,19226,56,1.0,6.0,2024-12-04,Wednesday
19226,19227,163,10.0,9.0,2024-12-21,Saturday
19227,19228,42,15.0,9.0,2024-12-18,Wednesday
19228,19229,225,14.0,2.0,2024-12-19,Thursday
19229,19230,127,22.0,5.0,2024-12-09,Monday
19230,19231,129,11.0,7.0,2024-12-18,Wednesday
19231,19232,140,15.0,3.0,2024-12-15,Sunday
19232,19233,151,25.0,4.0,2024-12-07,Saturday
19233,19234,258,16.0,8.0,2024-12-18,Wednesday
19234,19235,29,25.0,9.0,2024-12-04,Wednesday
19235,19236,234,1.0,10.0,2024-12-10,Tuesday
19236,19237,281,11.0,4.0,2024-12-05,Thursday
19237,19238,208,17.0,1.0,2024-12-01,Sunday
19238,19239,242,2.0,2.0,2024-12-21,Saturday
19239,19240,86,23.0,9.0,2024-12-09,Monday
19240,19241,245,14.0,4.0,2024-12-25,Wednesday
19241,19242,177,25.0,8.0,2024-12-11,Wednesday
19242,19243,258,25.0,8.0,2024-12-01,Sunday
19243,19244,176,2.0,7.0,2024-12-24,Tuesday
19244,19245,7,19.0,2.0,2024-12-17,Tuesday
19246,19247,245,15.0,9.0,2024-12-14,Saturday
19247,19248,182,13.0,8.0,2024-12-27,Friday
19248,19249,259,23.0,6.0,2024-12-20,Friday
19249,19250,227,21.0,2.0,2024-12-26,Thursday
19250,19251,5,7.0,9.0,2024-12-21,Saturday
19251,19252,275,11.0,1.0,2024-12-23,Monday
19252,19253,35,3.0,10.0,2024-12-12,Thursday
19253,19254,260,25.0,6.0,2024-12-22,Sunday
19254,19255,237,21.0,3.0,2024-12-15,Sunday
19255,19256,285,7.0,5.0,2024-12-13,Friday
19256,19257,175,2.0,3.0,2024-12-18,Wednesday
19257,19258,221,3.0,5.0,2024-12-28,Saturday
19258,19259,235,18.0,8.0,2024-12-13,Friday
19259,19260,129,6.0,9.0,2024-12-22,Sunday
19260,19261,147,4.0,3.0,2024-12-11,Wednesday
19261,19262,128,21.0,7.0,2024-12-16,Monday
19262,19263,121,6.0,2.0,2024-12-23,Monday
19263,19264,300,23.0,7.0,2024-12-13,Friday
19264,19265,1,5.0,8.0,2024-12-07,Saturday
19265,19266,67,9.0,9.0,2024-12-12,Thursday
19266,19267,21,12.0,9.0,2024-12-20,Friday
19267,19268,142,25.0,9.0,2024-12-20,Friday
19268,19269,139,25.0,9.0,2024-12-13,Friday
19269,19270,225,19.0,7.0,2024-12-05,Thursday
19270,19271,39,20.0,9.0,2024-12-08,Sunday
19271,19272,250,10.0,9.0,2024-12-24,Tuesday
19272,19273,158,11.0,7.0,2024-12-08,Sunday
19273,19274,275,22.0,6.0,2024-12-13,Friday
19274,19275,88,12.0,1.0,2024-12-06,Friday
19275,19276,85,23.0,9.0,2024-12-03,Tuesday
19276,19277,145,13.0,9.0,2024-12-08,Sunday
19278,19279,165,16.0,3.0,2024-12-28,Saturday
19279,19280,16,11.0,7.0,2024-12-11,Wednesday
19280,19281,239,10.0,4.0,2024-12-26,Thursday
19281,19282,72,25.0,6.0,2024-12-24,Tuesday
19282,19283,278,4.0,7.0,2024-12-28,Saturday
19283,19284,29,2.0,1.0,2024-12-17,Tuesday
19284,19285,291,12.0,5.0,2024-12-06,Friday
19285,19286,257,22.0,4.0,2024-12-28,Saturday
19286,19287,255,4.0,9.0,2024-12-28,Saturday
19287,19288,257,4.0,7.0,2024-12-10,Tuesday
19288,19289,225,13.0,4.0,2024-12-04,Wednesday
19289,19290,291,1.0,2.0,2024-12-18,Wednesday
19290,19291,24,23.0,7.0,2024-12-14,Saturday
19291,19292,130,4.0,4.0,2024-12-05,Thursday
19292,19293,262,3.0,7.0,2024-12-18,Wednesday
19293,19294,148,10.0,10.0,2024-12-03,Tuesday
19294,19295,33,11.0,5.0,2024-12-10,Tuesday
19295,19296,97,11.0,1.0,2024-12-23,Monday
19296,19297,59,13.0,6.0,2024-12-23,Monday
19297,19298,135,12.0,6.0,2024-12-14,Saturday
19298,19299,156,23.0,4.0,2024-12-04,Wednesday
19299,19300,122,3.0,9.0,2024-12-06,Friday
19300,19301,192,1.0,2.0,2024-12-10,Tuesday
19301,19302,214,25.0,6.0,2024-12-05,Thursday
19302,19303,126,9.0,6.0,2024-12-26,Thursday
19303,19304,93,5.0,10.0,2024-12-26,Thursday
19304,19305,27,25.0,5.0,2024-12-08,Sunday
19305,19306,231,6.0,4.0,2024-12-07,Saturday
19306,19307,88,15.0,3.0,2024-12-18,Wednesday
19307,19308,123,8.0,5.0,2024-12-02,Monday
19308,19309,263,6.0,7.0,2024-12-28,Saturday
19309,19310,186,6.0,7.0,2024-12-03,Tuesday
19310,19311,102,3.0,1.0,2024-12-08,Sunday
19311,19312,109,2.0,3.0,2024-12-16,Monday
19312,19313,298,3.0,5.0,2024-12-15,Sunday
19313,19314,251,20.0,6.0,2024-12-13,Friday
19314,19315,133,3.0,5.0,2024-12-07,Saturday
19315,19316,203,23.0,3.0,2024-12-07,Saturday
19316,19317,181,21.0,4.0,2024-12-03,Tuesday
19317,19318,98,13.0,3.0,2024-12-02,Monday
19318,19319,239,19.0,10.0,2024-12-09,Monday
19319,19320,286,15.0,1.0,2024-12-20,Friday
19320,19321,107,16.0,7.0,2024-12-26,Thursday
19321,19322,202,25.0,3.0,2024-12-06,Friday
19322,19323,194,7.0,4.0,2024-12-01,Sunday
19323,19324,129,15.0,9.0,2024-12-02,Monday
19324,19325,296,16.0,2.0,2024-12-14,Saturday
19325,19326,189,1.0,7.0,2024-12-09,Monday
19326,19327,217,13.0,2.0,2024-12-09,Monday
19327,19328,26,1.0,9.0,2024-12-08,Sunday
19328,19329,11,16.0,5.0,2024-12-04,Wednesday
19329,19330,54,25.0,5.0,2024-12-27,Friday
19330,19331,183,5.0,6.0,2024-12-22,Sunday
19331,19332,158,1.0,1.0,2024-12-24,Tuesday
19332,19333,234,7.0,9.0,2024-12-12,Thursday
19333,19334,128,24.0,8.0,2024-12-07,Saturday
19334,19335,240,5.0,2.0,2024-12-15,Sunday
19335,19336,202,23.0,8.0,2024-12-14,Saturday
19336,19337,211,11.0,10.0,2024-12-24,Tuesday
19337,19338,19,18.0,2.0,2024-12-15,Sunday
19338,19339,92,2.0,1.0,2024-12-02,Monday
19339,19340,258,18.0,5.0,2024-12-15,Sunday
19340,19341,297,14.0,8.0,2024-12-03,Tuesday
19341,19342,53,8.0,6.0,2024-12-14,Saturday
19342,19343,289,1.0,8.0,2024-12-13,Friday
19343,19344,63,7.0,10.0,2024-12-21,Saturday
19344,19345,168,8.0,1.0,2024-12-11,Wednesday
19345,19346,80,13.0,7.0,2024-12-23,Monday
19346,19347,214,22.0,10.0,2024-12-08,Sunday
19347,19348,219,9.0,5.0,2024-12-20,Friday
19348,19349,140,8.0,10.0,2024-12-10,Tuesday
19349,19350,78,10.0,9.0,2024-12-07,Saturday
19350,19351,19,6.0,9.0,2024-12-20,Friday
19351,19352,88,22.0,9.0,2024-12-14,Saturday
19352,19353,232,18.0,7.0,2024-12-15,Sunday
19353,19354,52,10.0,9.0,2024-12-13,Friday
19354,19355,293,14.0,3.0,2024-12-09,Monday
19355,19356,187,10.0,8.0,2024-12-01,Sunday
19356,19357,54,10.0,1.0,2024-12-11,Wednesday
19357,19358,36,11.0,5.0,2024-12-02,Monday
19358,19359,107,8.0,2.0,2024-12-01,Sunday
19359,19360,7,18.0,7.0,2024-12-08,Sunday
19360,19361,136,17.0,3.0,2024-12-04,Wednesday
19361,19362,175,9.0,5.0,2024-12-04,Wednesday
19362,19363,226,9.0,3.0,2024-12-13,Friday
19363,19364,26,19.0,2.0,2024-12-16,Monday
19364,19365,144,21.0,9.0,2024-12-20,Friday
19365,19366,17,6.0,6.0,2024-12-22,Sunday
19366,19367,17,22.0,2.0,2024-12-15,Sunday
19367,19368,245,6.0,10.0,2024-12-25,Wednesday
19368,19369,294,21.0,10.0,2024-12-10,Tuesday
19369,19370,171,22.0,2.0,2024-12-01,Sunday
19370,19371,66,14.0,8.0,2024-12-28,Saturday
19371,19372,28,12.0,8.0,2024-12-16,Monday
19372,19373,210,6.0,7.0,2024-12-22,Sunday
19373,19374,186,25.0,10.0,2024-12-07,Saturday
19374,19375,51,16.0,3.0,2024-12-10,Tuesday
19375,19376,272,21.0,4.0,2024-12-08,Sunday
19376,19377,43,12.0,2.0,2024-12-01,Sunday
19377,19378,95,19.0,9.0,2024-12-14,Saturday
19378,19379,64,25.0,2.0,2024-12-08,Sunday
19379,19380,46,3.0,10.0,2024-12-26,Thursday
19380,19381,61,10.0,6.0,2024-12-16,Monday
19381,19382,195,24.0,9.0,2024-12-01,Sunday
19382,19383,257,22.0,10.0,2024-12-14,Saturday
19383,19384,234,8.0,10.0,2024-12-01,Sunday
19384,19385,88,6.0,9.0,2024-12-20,Friday
19385,19386,121,16.0,6.0,2024-12-01,Sunday
19386,19387,92,8.0,7.0,2024-12-19,Thursday
19387,19388,291,10.0,10.0,2024-12-08,Sunday
19388,19389,274,7.0,3.0,2024-12-20,Friday
19389,19390,208,14.0,2.0,2024-12-01,Sunday
19390,19391,217,4.0,6.0,2024-12-05,Thursday
19391,19392,288,1.0,9.0,2024-12-03,Tuesday
19392,19393,232,13.0,4.0,2024-12-18,Wednesday
19393,19394,208,11.0,5.0,2024-12-25,Wednesday
19394,19395,66,9.0,9.0,2024-12-13,Friday
19395,19396,195,25.0,8.0,2024-12-25,Wednesday
19396,19397,168,6.0,10.0,2024-12-25,Wednesday
19397,19398,63,11.0,3.0,2024-12-25,Wednesday
19398,19399,90,19.0,5.0,2024-12-01,Sunday
19399,19400,173,7.0,10.0,2024-12-03,Tuesday
19400,19401,230,17.0,3.0,2024-12-24,Tuesday
19401,19402,229,14.0,3.0,2024-12-05,Thursday
19402,19403,178,7.0,7.0,2024-12-08,Sunday
19403,19404,32,4.0,10.0,2024-12-25,Wednesday
19404,19405,281,21.0,4.0,2024-12-25,Wednesday
19405,19406,167,14.0,3.0,2024-12-02,Monday
19406,19407,89,22.0,2.0,2024-12-14,Saturday
19407,19408,240,13.0,8.0,2024-12-20,Friday
19408,19409,242,18.0,6.0,2024-12-20,Friday
19409,19410,91,20.0,3.0,2024-12-16,Monday
19410,19411,205,23.0,6.0,2024-12-12,Thursday
19411,19412,233,22.0,10.0,2024-12-27,Friday
19412,19413,177,1.0,3.0,2024-12-03,Tuesday
19413,19414,268,1.0,3.0,2024-12-23,Monday
19414,19415,105,6.0,7.0,2024-12-28,Saturday
19415,19416,184,20.0,2.0,2024-12-11,Wednesday
19416,19417,220,6.0,4.0,2024-12-08,Sunday
19417,19418,245,9.0,3.0,2024-12-22,Sunday
19418,19419,193,17.0,8.0,2024-12-13,Friday
19419,19420,110,10.0,6.0,2024-12-11,Wednesday
19420,19421,117,13.0,8.0,2024-12-19,Thursday
19421,19422,103,24.0,10.0,2024-12-06,Friday
19422,19423,3,16.0,10.0,2024-12-01,Sunday
19423,19424,120,8.0,10.0,2024-12-25,Wednesday
19424,19425,39,12.0,2.0,2024-12-14,Saturday
19425,19426,129,10.0,8.0,2024-12-12,Thursday
19426,19427,144,2.0,8.0,2024-12-10,Tuesday
19427,19428,289,12.0,3.0,2024-12-27,Friday
19428,19429,16,3.0,8.0,2024-12-21,Saturday
19429,19430,53,5.0,3.0,2024-12-03,Tuesday
19430,19431,36,22.0,5.0,2024-12-20,Friday
19431,19432,137,2.0,1.0,2024-12-09,Monday
19432,19433,14,21.0,10.0,2024-12-26,Thursday
19433,19434,179,7.0,6.0,2024-12-14,Saturday
19434,19435,123,13.0,8.0,2024-12-07,Saturday
19435,19436,215,23.0,5.0,2024-12-19,Thursday
19436,19437,86,23.0,4.0,2024-12-02,Monday
19437,19438,121,12.0,3.0,2024-12-10,Tuesday
19438,19439,150,2.0,4.0,2024-12-28,Saturday
19439,19440,101,24.0,7.0,2024-12-20,Friday
19440,19441,15,11.0,1.0,2024-12-01,Sunday
19441,19442,169,19.0,1.0,2024-12-18,Wednesday
19442,19443,233,4.0,7.0,2024-12-20,Friday
19443,19444,124,19.0,10.0,2024-12-28,Saturday
19444,19445,106,10.0,5.0,2024-12-15,Sunday
19445,19446,264,10.0,9.0,2024-12-16,Monday
19446,19447,285,14.0,5.0,2024-12-20,Friday
19447,19448,160,23.0,9.0,2024-12-13,Friday
19448,19449,5,7.0,6.0,2024-12-03,Tuesday
19449,19450,126,22.0,7.0,2024-12-16,Monday
19450,19451,170,25.0,5.0,2024-12-28,Saturday
19451,19452,135,12.0,4.0,2024-12-14,Saturday
19452,19453,267,25.0,10.0,2024-12-19,Thursday
19453,19454,133,3.0,4.0,2024-12-07,Saturday
19454,19455,227,20.0,10.0,2024-12-20,Friday
19455,19456,167,14.0,2.0,2024-12-20,Friday
19456,19457,234,19.0,2.0,2024-12-01,Sunday
19457,19458,171,18.0,6.0,2024-12-04,Wednesday
19458,19459,235,23.0,8.0,2024-12-03,Tuesday
19459,19460,173,19.0,9.0,2024-12-01,Sunday
19460,19461,273,25.0,8.0,2024-12-17,Tuesday
19461,19462,178,5.0,9.0,2024-12-20,Friday
19462,19463,207,10.0,2.0,2024-12-03,Tuesday
19463,19464,191,24.0,5.0,2024-12-13,Friday
19464,19465,265,22.0,4.0,2024-12-12,Thursday
19465,19466,212,18.0,5.0,2024-12-13,Friday
19466,19467,250,7.0,8.0,2024-12-11,Wednesday
19467,19468,81,7.0,10.0,2024-12-17,Tuesday
19468,19469,213,13.0,6.0,2024-12-18,Wednesday
19469,19470,16,8.0,1.0,2024-12-24,Tuesday
19470,19471,143,5.0,2.0,2024-12-06,Friday
19472,19473,23,18.0,5.0,2024-12-18,Wednesday
19473,19474,205,1.0,1.0,2024-12-17,Tuesday
19474,19475,248,9.0,7.0,2024-12-13,Friday
19475,19476,136,9.0,10.0,2024-12-17,Tuesday
19476,19477,166,15.0,7.0,2024-12-01,Sunday
19477,19478,46,17.0,7.0,2024-12-25,Wednesday
19478,19479,142,20.0,2.0,2024-12-21,Saturday
19479,19480,197,9.0,10.0,2024-12-19,Thursday
19480,19481,232,24.0,6.0,2024-12-18,Wednesday
19481,19482,234,17.0,6.0,2024-12-27,Friday
19482,19483,271,13.0,1.0,2024-12-06,Friday
19483,19484,239,11.0,10.0,2024-12-19,Thursday
19484,19485,230,23.0,6.0,2024-12-06,Friday
19485,19486,185,8.0,6.0,2024-12-10,Tuesday
19486,19487,118,16.0,9.0,2024-12-02,Monday
19487,19488,239,10.0,3.0,2024-12-05,Thursday
19488,19489,42,17.0,2.0,2024-12-01,Sunday
19489,19490,6,12.0,5.0,2024-12-22,Sunday
19490,19491,180,8.0,1.0,2024-12-13,Friday
19491,19492,267,11.0,7.0,2024-12-13,Friday
19492,19493,253,16.0,9.0,2024-12-24,Tuesday
19493,19494,262,19.0,5.0,2024-12-26,Thursday
19494,19495,123,18.0,2.0,2024-12-28,Saturday
19495,19496,110,24.0,4.0,2024-12-19,Thursday
19496,19497,247,6.0,5.0,2024-12-03,Tuesday
19498,19499,217,4.0,9.0,2024-12-25,Wednesday
19499,19500,185,8.0,1.0,2024-12-27,Friday
19500,19501,212,13.0,8.0,2024-12-25,Wednesday
19501,19502,138,12.0,10.0,2024-12-20,Friday
19502,19503,76,9.0,2.0,2024-12-13,Friday
19503,19504,24,13.0,6.0,2024-12-17,Tuesday
19504,19505,266,7.0,9.0,2024-12-04,Wednesday
19505,19506,172,21.0,7.0,2024-12-05,Thursday
19506,19507,274,11.0,4.0,2024-12-08,Sunday
19507,19508,52,12.0,5.0,2024-12-13,Friday
19508,19509,208,11.0,5.0,2024-12-13,Friday
19509,19510,200,2.0,9.0,2024-12-19,Thursday
19510,19511,146,15.0,7.0,2024-12-23,Monday
19511,19512,61,19.0,2.0,2024-12-03,Tuesday
19512,19513,5,25.0,7.0,2024-12-15,Sunday
19513,19514,219,25.0,8.0,2024-12-25,Wednesday
19514,19515,223,8.0,9.0,2024-12-21,Saturday
19515,19516,227,3.0,9.0,2024-12-14,Saturday
19516,19517,11,22.0,5.0,2024-12-17,Tuesday
19517,19518,263,8.0,5.0,2024-12-13,Friday
19518,19519,253,24.0,8.0,2024-12-08,Sunday
19519,19520,43,12.0,4.0,2024-12-10,Tuesday
19520,19521,270,13.0,3.0,2024-12-13,Friday
19521,19522,172,21.0,2.0,2024-12-27,Friday
19522,19523,213,12.0,8.0,2024-12-27,Friday
19523,19524,149,24.0,10.0,2024-12-11,Wednesday
19524,19525,240,18.0,9.0,2024-12-22,Sunday
19525,19526,242,18.0,10.0,2024-12-13,Friday
19526,19527,164,11.0,1.0,2024-12-28,Saturday
19527,19528,297,17.0,3.0,2024-12-04,Wednesday
19528,19529,267,12.0,6.0,2024-12-18,Wednesday
19529,19530,35,19.0,6.0,2024-12-26,Thursday
19530,19531,30,20.0,2.0,2024-12-09,Monday
19531,19532,41,8.0,5.0,2024-12-08,Sunday
19532,19533,23,8.0,8.0,2024-12-07,Saturday
19533,19534,172,19.0,8.0,2024-12-08,Sunday
19534,19535,211,3.0,8.0,2024-12-16,Monday
19535,19536,202,9.0,3.0,2024-12-02,Monday
19536,19537,263,17.0,3.0,2024-12-01,Sunday
19537,19538,297,24.0,10.0,2024-12-13,Friday
19538,19539,264,14.0,7.0,2024-12-05,Thursday
19539,19540,111,9.0,9.0,2024-12-09,Monday
19540,19541,20,3.0,1.0,2024-12-04,Wednesday
19541,19542,175,7.0,10.0,2024-12-02,Monday
19542,19543,111,2.0,4.0,2024-12-25,Wednesday
19543,19544,260,17.0,10.0,2024-12-06,Friday
19544,19545,154,1.0,5.0,2024-12-16,Monday
19545,19546,228,10.0,4.0,2024-12-11,Wednesday
19546,19547,31,14.0,4.0,2024-12-10,Tuesday
19547,19548,195,18.0,4.0,2024-12-03,Tuesday
19548,19549,255,14.0,4.0,2024-12-20,Friday
19549,19550,161,17.0,2.0,2024-12-23,Monday
19550,19551,242,25.0,9.0,2024-12-27,Friday
19551,19552,204,10.0,3.0,2024-12-16,Monday
19552,19553,18,7.0,7.0,2024-12-11,Wednesday
19553,19554,43,24.0,5.0,2024-12-14,Saturday
19554,19555,130,21.0,5.0,2024-12-07,Saturday
19555,19556,272,14.0,3.0,2024-12-22,Sunday
19556,19557,129,22.0,1.0,2024-12-21,Saturday
19557,19558,91,24.0,1.0,2024-12-23,Monday
19558,19559,162,3.0,6.0,2024-12-20,Friday
19559,19560,263,1.0,8.0,2024-12-26,Thursday
19560,19561,291,13.0,7.0,2024-12-10,Tuesday
19561,19562,251,10.0,2.0,2024-12-26,Thursday
19562,19563,264,19.0,10.0,2024-12-16,Monday
19563,19564,65,19.0,10.0,2024-12-11,Wednesday
19564,19565,191,15.0,6.0,2024-12-09,Monday
19565,19566,93,14.0,2.0,2024-12-27,Friday
19566,19567,283,12.0,2.0,2024-12-26,Thursday
19567,19568,3,2.0,4.0,2024-12-04,Wednesday
19568,19569,261,4.0,10.0,2024-12-02,Monday
19569,19570,56,13.0,3.0,2024-12-25,Wednesday
19570,19571,14,20.0,6.0,2024-12-27,Friday
19571,19572,4,6.0,1.0,2024-12-24,Tuesday
19572,19573,189,23.0,8.0,2024-12-14,Saturday
19573,19574,291,7.0,3.0,2024-12-03,Tuesday
19574,19575,135,21.0,8.0,2024-12-18,Wednesday
19575,19576,14,20.0,8.0,2024-12-22,Sunday
19576,19577,114,19.0,8.0,2024-12-17,Tuesday
19577,19578,65,7.0,4.0,2024-12-06,Friday
19578,19579,108,9.0,7.0,2024-12-08,Sunday
19579,19580,123,14.0,4.0,2024-12-15,Sunday
19580,19581,86,11.0,10.0,2024-12-01,Sunday
19581,19582,6,23.0,9.0,2024-12-02,Monday
19582,19583,111,23.0,8.0,2024-12-03,Tuesday
19583,19584,157,4.0,7.0,2024-12-25,Wednesday
19584,19585,96,14.0,9.0,2024-12-06,Friday
19585,19586,118,1.0,5.0,2024-12-18,Wednesday
19586,19587,19,22.0,4.0,2024-12-09,Monday
19587,19588,127,5.0,7.0,2024-12-27,Friday
19588,19589,12,10.0,9.0,2024-12-14,Saturday
19589,19590,63,8.0,10.0,2024-12-24,Tuesday
19590,19591,97,23.0,6.0,2024-12-09,Monday
19592,19593,240,12.0,3.0,2024-12-06,Friday
19593,19594,243,5.0,6.0,2024-12-12,Thursday
19594,19595,107,20.0,4.0,2024-12-01,Sunday
19595,19596,220,8.0,6.0,2024-12-02,Monday
19596,19597,163,11.0,1.0,2024-12-23,Monday
19597,19598,213,4.0,2.0,2024-12-22,Sunday
19598,19599,21,3.0,2.0,2024-12-10,Tuesday
19599,19600,100,18.0,8.0,2024-12-07,Saturday
19600,19601,54,7.0,3.0,2024-12-12,Thursday
19601,19602,13,11.0,2.0,2024-12-09,Monday
19602,19603,93,13.0,4.0,2024-12-20,Friday
19603,19604,131,19.0,3.0,2024-12-15,Sunday
19604,19605,299,12.0,2.0,2024-12-28,Saturday
19605,19606,186,20.0,10.0,2024-12-22,Sunday
19606,19607,238,5.0,2.0,2024-12-04,Wednesday
19607,19608,296,25.0,9.0,2024-12-12,Thursday
19608,19609,51,4.0,2.0,2024-12-20,Friday
19609,19610,287,9.0,7.0,2024-12-17,Tuesday
19610,19611,54,13.0,3.0,2024-12-07,Saturday
19611,19612,6,6.0,5.0,2024-12-01,Sunday
19612,19613,54,7.0,1.0,2024-12-12,Thursday
19613,19614,74,1.0,4.0,2024-12-01,Sunday
19614,19615,56,16.0,5.0,2024-12-14,Saturday
19615,19616,34,19.0,9.0,2024-12-07,Saturday
19616,19617,20,1.0,1.0,2024-12-09,Monday
19617,19618,240,25.0,5.0,2024-12-15,Sunday
19618,19619,276,23.0,3.0,2024-12-24,Tuesday
19619,19620,270,1.0,1.0,2024-12-09,Monday
19620,19621,13,6.0,4.0,2024-12-15,Sunday
19621,19622,65,12.0,6.0,2024-12-13,Friday
19622,19623,217,12.0,9.0,2024-12-27,Friday
19623,19624,220,19.0,5.0,2024-12-11,Wednesday
19624,19625,95,9.0,8.0,2024-12-11,Wednesday
19625,19626,267,3.0,10.0,2024-12-15,Sunday
19626,19627,192,2.0,2.0,2024-12-24,Tuesday
19627,19628,111,18.0,8.0,2024-12-19,Thursday
19628,19629,163,18.0,5.0,2024-12-18,Wednesday
19629,19630,261,3.0,10.0,2024-12-10,Tuesday
19630,19631,86,20.0,7.0,2024-12-17,Tuesday
19631,19632,7,3.0,4.0,2024-12-22,Sunday
19632,19633,72,15.0,6.0,2024-12-24,Tuesday
19633,19634,76,1.0,3.0,2024-12-02,Monday
19634,19635,216,21.0,6.0,2024-12-11,Wednesday
19635,19636,172,12.0,2.0,2024-12-08,Sunday
19637,19638,131,18.0,6.0,2024-12-15,Sunday
19638,19639,231,7.0,3.0,2024-12-16,Monday
19639,19640,223,19.0,7.0,2024-12-01,Sunday
19640,19641,277,6.0,1.0,2024-12-07,Saturday
19641,19642,146,22.0,4.0,2024-12-27,Friday
19642,19643,113,12.0,6.0,2024-12-24,Tuesday
19643,19644,14,11.0,2.0,2024-12-17,Tuesday
19644,19645,237,14.0,6.0,2024-12-16,Monday
19645,19646,252,12.0,2.0,2024-12-07,Saturday
19646,19647,11,7.0,8.0,2024-12-24,Tuesday
19647,19648,4,8.0,4.0,2024-12-09,Monday
19648,19649,286,1.0,1.0,2024-12-17,Tuesday
19649,19650,101,11.0,2.0,2024-12-05,Thursday
19650,19651,234,18.0,10.0,2024-12-23,Monday
19651,19652,261,12.0,10.0,2024-12-19,Thursday
19652,19653,68,8.0,9.0,2024-12-14,Saturday
19653,19654,167,12.0,4.0,2024-12-27,Friday
19655,19656,217,25.0,4.0,2024-12-19,Thursday
19656,19657,99,18.0,5.0,2024-12-22,Sunday
19657,19658,277,25.0,8.0,2024-12-26,Thursday
19658,19659,105,6.0,7.0,2024-12-26,Thursday
19659,19660,161,12.0,3.0,2024-12-04,Wednesday
19660,19661,91,16.0,9.0,2024-12-17,Tuesday
19661,19662,122,9.0,6.0,2024-12-20,Friday
19662,19663,115,4.0,2.0,2024-12-25,Wednesday
19663,19664,255,15.0,9.0,2024-12-22,Sunday
19664,19665,143,11.0,2.0,2024-12-22,Sunday
19665,19666,113,3.0,8.0,2024-12-18,Wednesday
19666,19667,9,12.0,8.0,2024-12-27,Friday
19667,19668,271,18.0,9.0,2024-12-01,Sunday
19668,19669,9,11.0,2.0,2024-12-19,Thursday
19670,19671,127,13.0,6.0,2024-12-24,Tuesday
19671,19672,24,5.0,4.0,2024-12-01,Sunday
19672,19673,161,15.0,9.0,2024-12-13,Friday
19673,19674,239,24.0,4.0,2024-12-13,Friday
19674,19675,157,10.0,8.0,2024-12-22,Sunday
19675,19676,98,12.0,1.0,2024-12-20,Friday
19676,19677,135,6.0,4.0,2024-12-25,Wednesday
19677,19678,112,1.0,3.0,2024-12-16,Monday
19678,19679,111,24.0,5.0,2024-12-04,Wednesday
19679,19680,91,19.0,2.0,2024-12-19,Thursday
19680,19681,274,13.0,10.0,2024-12-19,Thursday
19681,19682,73,7.0,5.0,2024-12-28,Saturday
19682,19683,34,25.0,10.0,2024-12-14,Saturday
19683,19684,112,5.0,4.0,2024-12-23,Monday
19684,19685,142,16.0,9.0,2024-12-17,Tuesday
19685,19686,212,17.0,8.0,2024-12-23,Monday
19686,19687,280,7.0,3.0,2024-12-16,Monday
19687,19688,133,8.0,10.0,2024-12-06,Friday
19688,19689,299,5.0,9.0,2024-12-08,Sunday
19689,19690,175,13.0,7.0,2024-12-14,Saturday
19690,19691,200,16.0,1.0,2024-12-01,Sunday
19691,19692,95,4.0,1.0,2024-12-18,Wednesday
19692,19693,243,18.0,7.0,2024-12-27,Friday
19693,19694,112,18.0,3.0,2024-12-22,Sunday
19694,19695,292,4.0,5.0,2024-12-14,Saturday
19695,19696,106,2.0,2.0,2024-12-28,Saturday
19696,19697,23,19.0,4.0,2024-12-02,Monday
19697,19698,228,7.0,6.0,2024-12-18,Wednesday
19698,19699,254,2.0,3.0,2024-12-05,Thursday
19699,19700,127,16.0,1.0,2024-12-09,Monday
19700,19701,86,7.0,10.0,2024-12-28,Saturday
19701,19702,230,12.0,5.0,2024-12-13,Friday
19702,19703,114,8.0,5.0,2024-12-28,Saturday
19703,19704,37,22.0,4.0,2024-12-26,Thursday
19704,19705,228,3.0,5.0,2024-12-15,Sunday
19705,19706,94,21.0,9.0,2024-12-01,Sunday
19706,19707,89,4.0,2.0,2024-12-05,Thursday
19707,19708,204,19.0,9.0,2024-12-14,Saturday
19708,19709,254,7.0,6.0,2024-12-08,Sunday
19709,19710,177,10.0,3.0,2024-12-20,Friday
19710,19711,122,14.0,2.0,2024-12-15,Sunday
19711,19712,117,7.0,8.0,2024-12-01,Sunday
19712,19713,268,17.0,5.0,2024-12-28,Saturday
19713,19714,96,1.0,4.0,2024-12-04,Wednesday
19714,19715,285,19.0,8.0,2024-12-09,Monday
19715,19716,118,13.0,4.0,2024-12-08,Sunday
19716,19717,100,4.0,9.0,2024-12-04,Wednesday
19717,19718,60,24.0,4.0,2024-12-17,Tuesday
19718,19719,177,12.0,10.0,2024-12-02,Monday
19719,19720,181,25.0,5.0,2024-12-27,Friday
19720,19721,27,23.0,6.0,2024-12-26,Thursday
19721,19722,44,25.0,10.0,2024-12-09,Monday
19722,19723,218,16.0,3.0,2024-12-03,Tuesday
19723,19724,152,23.0,5.0,2024-12-03,Tuesday
19724,19725,214,24.0,3.0,2024-12-15,Sunday
19725,19726,79,14.0,7.0,2024-12-13,Friday
19726,19727,295,12.0,1.0,2024-12-11,Wednesday
19727,19728,177,21.0,4.0,2024-12-04,Wednesday
19728,19729,54,18.0,5.0,2024-12-11,Wednesday
19729,19730,12,25.0,6.0,2024-12-13,Friday
19730,19731,37,8.0,3.0,2024-12-26,Thursday
19731,19732,70,25.0,4.0,2024-12-07,Saturday
19732,19733,2,6.0,7.0,2024-12-25,Wednesday
19733,19734,9,21.0,7.0,2024-12-26,Thursday
19734,19735,21,13.0,7.0,2024-12-22,Sunday
19735,19736,15,3.0,7.0,2024-12-09,Monday
19736,19737,134,6.0,3.0,2024-12-04,Wednesday
19737,19738,279,25.0,2.0,2024-12-26,Thursday
19738,19739,68,20.0,2.0,2024-12-28,Saturday
19739,19740,296,11.0,9.0,2024-12-19,Thursday
19740,19741,123,5.0,7.0,2024-12-06,Friday
19741,19742,58,1.0,9.0,2024-12-21,Saturday
19742,19743,1,19.0,8.0,2024-12-21,Saturday
19743,19744,6,25.0,5.0,2024-12-25,Wednesday
19744,19745,21,4.0,10.0,2024-12-02,Monday
19745,19746,275,24.0,4.0,2024-12-14,Saturday
19746,19747,29,1.0,4.0,2024-12-23,Monday
19747,19748,40,3.0,7.0,2024-12-25,Wednesday
19748,19749,278,14.0,2.0,2024-12-05,Thursday
19749,19750,170,18.0,1.0,2024-12-01,Sunday
19750,19751,69,24.0,1.0,2024-12-17,Tuesday
19751,19752,161,21.0,2.0,2024-12-05,Thursday
19752,19753,246,15.0,7.0,2024-12-16,Monday
19753,19754,157,25.0,1.0,2024-12-21,Saturday
19754,19755,255,25.0,5.0,2024-12-04,Wednesday
19755,19756,300,4.0,4.0,2024-12-15,Sunday
19757,19758,267,21.0,7.0,2024-12-17,Tuesday
19758,19759,207,14.0,5.0,2024-12-14,Saturday
19759,19760,223,11.0,6.0,2024-12-12,Thursday
19761,19762,151,25.0,1.0,2024-12-02,Monday
19762,19763,139,6.0,6.0,2024-12-23,Monday
19763,19764,25,24.0,1.0,2024-12-15,Sunday
19764,19765,102,13.0,6.0,2024-12-13,Friday
19765,19766,116,22.0,10.0,2024-12-03,Tuesday
19766,19767,15,12.0,6.0,2024-12-06,Friday
19767,19768,161,24.0,10.0,2024-12-16,Monday
19768,19769,102,20.0,7.0,2024-12-08,Sunday
19769,19770,264,18.0,1.0,2024-12-22,Sunday
19770,19771,188,17.0,8.0,2024-12-11,Wednesday
19771,19772,210,23.0,7.0,2024-12-09,Monday
19772,19773,75,25.0,9.0,2024-12-11,Wednesday
19773,19774,85,6.0,4.0,2024-12-16,Monday
19774,19775,189,3.0,2.0,2024-12-09,Monday
19775,19776,249,22.0,10.0,2024-12-22,Sunday
19776,19777,225,6.0,8.0,2024-12-08,Sunday
19777,19778,213,4.0,6.0,2024-12-07,Saturday
19778,19779,227,20.0,5.0,2024-12-13,Friday
19779,19780,50,6.0,2.0,2024-12-10,Tuesday
19780,19781,152,23.0,9.0,2024-12-17,Tuesday
19781,19782,257,24.0,6.0,2024-12-23,Monday
19782,19783,207,17.0,2.0,2024-12-25,Wednesday
19783,19784,298,8.0,2.0,2024-12-18,Wednesday
19784,19785,271,6.0,1.0,2024-12-01,Sunday
19785,19786,252,12.0,2.0,2024-12-11,Wednesday
19786,19787,200,12.0,9.0,2024-12-01,Sunday
19787,19788,118,14.0,2.0,2024-12-05,Thursday
19788,19789,66,8.0,6.0,2024-12-03,Tuesday
19789,19790,117,3.0,3.0,2024-12-21,Saturday
19790,19791,225,19.0,2.0,2024-12-18,Wednesday
19791,19792,21,5.0,9.0,2024-12-19,Thursday
19792,19793,245,19.0,8.0,2024-12-09,Monday
19793,19794,252,23.0,7.0,2024-12-07,Saturday
19794,19795,164,9.0,7.0,2024-12-21,Saturday
19795,19796,201,16.0,10.0,2024-12-02,Monday
19796,19797,127,6.0,2.0,2024-12-13,Friday
19797,19798,115,13.0,1.0,2024-12-11,Wednesday
19798,19799,232,25.0,2.0,2024-12-09,Monday
19799,19800,140,22.0,7.0,2024-12-19,Thursday
19800,19801,201,8.0,10.0,2024-12-11,Wednesday
19801,19802,278,15.0,2.0,2024-12-26,Thursday
19802,19803,246,24.0,5.0,2024-12-19,Thursday
19803,19804,240,21.0,8.0,2024-12-27,Friday
19804,19805,191,20.0,3.0,2024-12-25,Wednesday
19805,19806,121,1.0,10.0,2024-12-14,Saturday
19806,19807,293,12.0,8.0,2024-12-19,Thursday
19807,19808,221,18.0,5.0,2024-12-04,Wednesday
19808,19809,190,10.0,2.0,2024-12-12,Thursday
19809,19810,7,25.0,9.0,2024-12-19,Thursday
19810,19811,65,14.0,5.0,2024-12-24,Tuesday
19811,19812,74,13.0,3.0,2024-12-08,Sunday
19812,19813,160,6.0,9.0,2024-12-27,Friday
19813,19814,196,9.0,9.0,2024-12-06,Friday
19814,19815,266,15.0,2.0,2024-12-20,Friday
19815,19816,143,17.0,3.0,2024-12-22,Sunday
19816,19817,61,9.0,3.0,2024-12-27,Friday
19817,19818,231,16.0,6.0,2024-12-27,Friday
19818,19819,118,1.0,1.0,2024-12-17,Tuesday
19819,19820,174,24.0,7.0,2024-12-16,Monday
19820,19821,22,11.0,2.0,2024-12-10,Tuesday
19821,19822,65,3.0,4.0,2024-12-25,Wednesday
19822,19823,234,16.0,6.0,2024-12-05,Thursday
19823,19824,84,19.0,5.0,2024-12-28,Saturday
19824,19825,237,2.0,6.0,2024-12-09,Monday
19825,19826,43,12.0,4.0,2024-12-24,Tuesday
19826,19827,135,16.0,3.0,2024-12-24,Tuesday
19827,19828,102,25.0,9.0,2024-12-05,Thursday
19828,19829,287,11.0,8.0,2024-12-25,Wednesday
19829,19830,279,11.0,7.0,2024-12-14,Saturday
19830,19831,219,15.0,7.0,2024-12-01,Sunday
19831,19832,273,13.0,3.0,2024-12-01,Sunday
19832,19833,177,2.0,3.0,2024-12-04,Wednesday
19833,19834,230,3.0,10.0,2024-12-09,Monday
19834,19835,151,6.0,6.0,2024-12-20,Friday
19835,19836,166,2.0,9.0,2024-12-12,Thursday
19836,19837,254,6.0,4.0,2024-12-09,Monday
19837,19838,300,7.0,7.0,2024-12-13,Friday
19838,19839,74,13.0,1.0,2024-12-21,Saturday
19839,19840,82,12.0,1.0,2024-12-25,Wednesday
19840,19841,85,8.0,4.0,2024-12-02,Monday
19841,19842,247,23.0,1.0,2024-12-04,Wednesday
19842,19843,194,20.0,7.0,2024-12-20,Friday
19843,19844,253,1.0,5.0,2024-12-23,Monday
19844,19845,217,11.0,4.0,2024-12-16,Monday
19845,19846,224,24.0,4.0,2024-12-13,Friday
19846,19847,65,5.0,1.0,2024-12-01,Sunday
19847,19848,180,8.0,1.0,2024-12-09,Monday
19848,19849,88,22.0,8.0,2024-12-13,Friday
19849,19850,294,3.0,8.0,2024-12-17,Tuesday
19850,19851,209,6.0,5.0,2024-12-18,Wednesday
19851,19852,48,16.0,6.0,2024-12-10,Tuesday
19852,19853,45,2.0,9.0,2024-12-06,Friday
19853,19854,31,3.0,8.0,2024-12-25,Wednesday
19854,19855,123,3.0,9.0,2024-12-25,Wednesday
19855,19856,246,25.0,4.0,2024-12-16,Monday
19856,19857,86,11.0,3.0,2024-12-26,Thursday
19857,19858,50,2.0,4.0,2024-12-25,Wednesday
19858,19859,76,10.0,9.0,2024-12-20,Friday
19859,19860,260,21.0,6.0,2024-12-01,Sunday
19860,19861,94,17.0,5.0,2024-12-05,Thursday
19861,19862,178,18.0,5.0,2024-12-14,Saturday
19862,19863,150,10.0,2.0,2024-12-02,Monday
19863,19864,276,11.0,7.0,2024-12-23,Monday
19864,19865,144,10.0,8.0,2024-12-18,Wednesday
19865,19866,250,25.0,5.0,2024-12-11,Wednesday
19866,19867,250,7.0,7.0,2024-12-20,Friday
19867,19868,113,11.0,6.0,2024-12-09,Monday
19868,19869,208,2.0,4.0,2024-12-10,Tuesday
19869,19870,117,7.0,1.0,2024-12-26,Thursday
19870,19871,75,6.0,1.0,2024-12-01,Sunday
19871,19872,285,5.0,3.0,2024-12-06,Friday
19872,19873,268,3.0,6.0,2024-12-14,Saturday
19873,19874,43,10.0,8.0,2024-12-06,Friday
19874,19875,20,7.0,5.0,2024-12-18,Wednesday
19875,19876,50,1.0,4.0,2024-12-08,Sunday
19876,19877,109,13.0,9.0,2024-12-04,Wednesday
19877,19878,166,22.0,7.0,2024-12-20,Friday
19879,19880,249,21.0,8.0,2024-12-20,Friday
19880,19881,31,18.0,4.0,2024-12-13,Friday
19881,19882,84,14.0,5.0,2024-12-02,Monday
19882,19883,294,17.0,9.0,2024-12-28,Saturday
19883,19884,148,25.0,3.0,2024-12-13,Friday
19884,19885,104,1.0,1.0,2024-12-08,Sunday
19886,19887,29,6.0,9.0,2024-12-25,Wednesday
19887,19888,19,8.0,7.0,2024-12-23,Monday
19888,19889,255,17.0,6.0,2024-12-20,Friday
19889,19890,225,16.0,1.0,2024-12-11,Wednesday
19890,19891,5,1.0,2.0,2024-12-19,Thursday
19891,19892,191,2.0,1.0,2024-12-07,Saturday
19892,19893,285,5.0,9.0,2024-12-10,Tuesday
19893,19894,233,8.0,5.0,2024-12-09,Monday
19894,19895,300,11.0,5.0,2024-12-28,Saturday
19895,19896,237,7.0,7.0,2024-12-13,Friday
19896,19897,278,20.0,4.0,2024-12-17,Tuesday
19898,19899,3,10.0,6.0,2024-12-07,Saturday
19899,19900,26,20.0,8.0,2024-12-09,Monday
19900,19901,78,3.0,1.0,2024-12-23,Monday
19901,19902,200,5.0,6.0,2024-12-26,Thursday
19902,19903,245,14.0,6.0,2024-12-09,Monday
19903,19904,262,4.0,6.0,2024-12-12,Thursday
19904,19905,224,14.0,3.0,2024-12-18,Wednesday
19905,19906,261,13.0,5.0,2024-12-22,Sunday
19906,19907,252,16.0,9.0,2024-12-05,Thursday
19907,19908,111,13.0,1.0,2024-12-10,Tuesday
19908,19909,277,4.0,1.0,2024-12-17,Tuesday
19909,19910,54,15.0,5.0,2024-12-25,Wednesday
19910,19911,111,23.0,3.0,2024-12-01,Sunday
19911,19912,281,11.0,10.0,2024-12-28,Saturday
19912,19913,267,18.0,2.0,2024-12-27,Friday
19913,19914,62,21.0,10.0,2024-12-18,Wednesday
19914,19915,197,22.0,3.0,2024-12-27,Friday
19915,19916,75,4.0,9.0,2024-12-10,Tuesday
19916,19917,270,18.0,7.0,2024-12-08,Sunday
19917,19918,88,5.0,1.0,2024-12-03,Tuesday
19918,19919,209,16.0,1.0,2024-12-06,Friday
19919,19920,273,23.0,2.0,2024-12-26,Thursday
19920,19921,211,25.0,4.0,2024-12-06,Friday
19921,19922,121,5.0,2.0,2024-12-03,Tuesday
19922,19923,193,8.0,3.0,2024-12-25,Wednesday
19923,19924,237,17.0,2.0,2024-12-26,Thursday
19924,19925,7,22.0,10.0,2024-12-02,Monday
19925,19926,42,19.0,5.0,2024-12-11,Wednesday
19926,19927,285,24.0,8.0,2024-12-03,Tuesday
19927,19928,217,20.0,8.0,2024-12-16,Monday
19928,19929,107,17.0,9.0,2024-12-20,Friday
19929,19930,154,1.0,3.0,2024-12-08,Sunday
19930,19931,83,21.0,2.0,2024-12-15,Sunday
19931,19932,29,21.0,7.0,2024-12-16,Monday
19932,19933,149,15.0,1.0,2024-12-02,Monday
19933,19934,124,1.0,6.0,2024-12-08,Sunday
19934,19935,254,17.0,3.0,2024-12-20,Friday
19935,19936,114,8.0,4.0,2024-12-07,Saturday
19936,19937,36,8.0,9.0,2024-12-10,Tuesday
19937,19938,260,25.0,1.0,2024-12-25,Wednesday
19938,19939,137,3.0,10.0,2024-12-03,Tuesday
19939,19940,187,4.0,1.0,2024-12-18,Wednesday
19940,19941,287,24.0,9.0,2024-12-01,Sunday
19941,19942,7,13.0,4.0,2024-12-09,Monday
19942,19943,266,25.0,10.0,2024-12-12,Thursday
19943,19944,264,21.0,7.0,2024-12-10,Tuesday
19944,19945,44,19.0,8.0,2024-12-12,Thursday
19945,19946,238,10.0,8.0,2024-12-11,Wednesday
19946,19947,122,15.0,1.0,2024-12-28,Saturday
19947,19948,180,14.0,5.0,2024-12-08,Sunday
19948,19949,216,9.0,5.0,2024-12-12,Thursday
19949,19950,193,4.0,1.0,2024-12-05,Thursday
19950,19951,110,6.0,8.0,2024-12-20,Friday
19951,19952,248,18.0,3.0,2024-12-10,Tuesday
19952,19953,282,10.0,4.0,2024-12-22,Sunday
19953,19954,29,8.0,4.0,2024-12-14,Saturday
19954,19955,150,20.0,10.0,2024-12-11,Wednesday
19955,19956,248,3.0,9.0,2024-12-08,Sunday
19956,19957,118,3.0,10.0,2024-12-20,Friday
19957,19958,270,3.0,6.0,2024-12-05,Thursday
19958,19959,156,23.0,4.0,2024-12-11,Wednesday
19960,19961,199,16.0,4.0,2024-12-22,Sunday
19961,19962,190,21.0,4.0,2024-12-22,Sunday
19962,19963,33,9.0,9.0,2024-12-25,Wednesday
19963,19964,222,9.0,6.0,2024-12-15,Sunday
19964,19965,212,1.0,10.0,2024-12-04,Wednesday
19965,19966,295,19.0,2.0,2024-12-19,Thursday
19966,19967,29,4.0,6.0,2024-12-09,Monday
19967,19968,272,4.0,10.0,2024-12-18,Wednesday
19968,19969,36,24.0,6.0,2024-12-19,Thursday
19969,19970,84,2.0,2.0,2024-12-21,Saturday
19970,19971,272,20.0,4.0,2024-12-06,Friday
19971,19972,1,7.0,10.0,2024-12-07,Saturday
19972,19973,85,24.0,9.0,2024-12-08,Sunday
19973,19974,98,25.0,2.0,2024-12-21,Saturday
19974,19975,257,25.0,9.0,2024-12-19,Thursday
19975,19976,127,4.0,4.0,2024-12-07,Saturday
19976,19977,10,17.0,4.0,2024-12-22,Sunday
19977,19978,271,12.0,6.0,2024-12-03,Tuesday
19978,19979,55,8.0,8.0,2024-12-26,Thursday
19979,19980,210,20.0,10.0,2024-12-16,Monday
19980,19981,166,7.0,4.0,2024-12-15,Sunday
19981,19982,211,5.0,10.0,2024-12-14,Saturday
19982,19983,215,11.0,10.0,2024-12-01,Sunday
19983,19984,240,5.0,7.0,2024-12-23,Monday
19984,19985,180,21.0,7.0,2024-12-05,Thursday
19985,19986,202,25.0,10.0,2024-12-13,Friday
19986,19987,140,3.0,1.0,2024-12-17,Tuesday
19987,19988,110,15.0,4.0,2024-12-23,Monday
19988,19989,18,5.0,1.0,2024-12-25,Wednesday
19989,19990,63,21.0,4.0,2024-12-18,Wednesday
19990,19991,25,16.0,4.0,2024-12-22,Sunday
19991,19992,178,3.0,2.0,2024-12-19,Thursday
